transaction_id,amount,failure_type,recovery_probability,action,approved,reason,customer_message,timestamp,attempt_number,retry_count,amount_recovered
,100.0,NETWORK_ERROR,0.7411,PAYMENT_LINK,True,Moderate recovery probability; customer-initiated payment preferred,Your payment of ₹100.00 is still pending. Please use the secure payment link to complete your transaction.,2026-08-31 14:12:02.006960,,,
,100.0,TIMEOUT,0.8405,RETRY,True,High recovery probability and temporary payment failure,Your payment of ₹100.00 could not be completed due to a temporary issue. We will safely retry the payment.,2026-08-31 14:12:02.024584,,,
,100.0,NETWORK_ERROR,0.6693,PAYMENT_LINK,True,Moderate recovery probability; customer-initiated payment preferred,Your payment of ₹100.00 is still pending. Please use the secure payment link to complete your transaction.,2026-08-31 14:12:02.043784,,,
,100.0,TIMEOUT,0.6336,PAYMENT_LINK,True,Moderate recovery probability; customer-initiated payment preferred,Your payment of ₹100.00 is still pending. Please use the secure payment link to complete your transaction.,2026-08-31 14:12:02.059834,,,
,100.0,NETWORK_ERROR,0.7934,PAYMENT_LINK,True,Moderate recovery probability; customer-initiated payment preferred,Your payment of ₹100.00 is still pending. Please use the secure payment link to complete your transaction.,2026-08-31 14:12:02.076245,,,
,2622.65,NETWORK_ERROR,0.7621,PAYMENT_LINK,True,Moderate recovery probability; customer-initiated payment preferred,"Your payment of ₹2,622.65 is still pending. Please use the secure payment link to complete your transaction.",2026-08-31 14:12:02.091640,,,
,100.0,LIMIT_EXCEEDED,0.4712,ESCALATE,False,Low recovery probability; automatic recovery avoided,We couldn't safely complete your payment automatically. Our support team will review the issue.,2026-08-31 14:12:02.109793,,,
,100.0,NETWORK_ERROR,0.4765,ESCALATE,False,Low recovery probability; automatic recovery avoided,We couldn't safely complete your payment automatically. Our support team will review the issue.,2026-08-31 14:12:02.123808,,,
,100.0,BANK_DECLINED,0.3101,ESCALATE,False,Low recovery probability; automatic recovery avoided,We couldn't safely complete your payment automatically. Our support team will review the issue.,2026-08-31 14:12:02.131722,,,
,100.0,CARD_EXPIRED,0.8103,UPDATE_CARD,True,Payment method requires customer update,Your saved payment method appears to have expired. Please update your payment details to complete the transaction.,2026-08-31 14:12:02.149779,,,
,100.0,INSUFFICIENT_FUNDS,0.6453,PAYMENT_LINK,True,Moderate recovery probability; customer-initiated payment preferred,Your payment of ₹100.00 is still pending. Please use the secure payment link to complete your transaction.,2026-08-31 14:12:02.165992,,,
,100.0,INSUFFICIENT_FUNDS,0.5547,PAYMENT_LINK,True,Moderate recovery probability; customer-initiated payment preferred,Your payment of ₹100.00 is still pending. Please use the secure payment link to complete your transaction.,2026-08-31 14:12:02.179755,,,
,100.0,TIMEOUT,0.6885,PAYMENT_LINK,True,Moderate recovery probability; customer-initiated payment preferred,Your payment of ₹100.00 is still pending. Please use the secure payment link to complete your transaction.,2026-08-31 14:12:02.194270,,,
,100.0,NETWORK_ERROR,0.5832,PAYMENT_LINK,True,Moderate recovery probability; customer-initiated payment preferred,Your payment of ₹100.00 is still pending. Please use the secure payment link to complete your transaction.,2026-08-31 14:12:02.200653,,,
,100.0,INSUFFICIENT_FUNDS,0.5736,PAYMENT_LINK,True,Moderate recovery probability; customer-initiated payment preferred,Your payment of ₹100.00 is still pending. Please use the secure payment link to complete your transaction.,2026-08-31 14:12:02.211672,,,
,100.0,CARD_EXPIRED,0.6545,PAYMENT_LINK,True,Moderate recovery probability; customer-initiated payment preferred,Your payment of ₹100.00 is still pending. Please use the secure payment link to complete your transaction.,2026-08-31 14:12:02.219671,,,
,100.0,INSUFFICIENT_FUNDS,0.7731,PAYMENT_LINK,True,Moderate recovery probability; customer-initiated payment preferred,Your payment of ₹100.00 is still pending. Please use the secure payment link to complete your transaction.,2026-08-31 14:12:02.227717,,,
,100.0,UNKNOWN_ERROR,0.2205,ESCALATE,False,Low recovery probability; automatic recovery avoided,We couldn't safely complete your payment automatically. Our support team will review the issue.,2026-08-31 14:12:02.235688,,,
,100.0,CARD_EXPIRED,0.7989,PAYMENT_LINK,True,Moderate recovery probability; customer-initiated payment preferred,Your payment of ₹100.00 is still pending. Please use the secure payment link to complete your transaction.,2026-08-31 14:12:02.243509,,,
,100.0,CARD_EXPIRED,0.67,PAYMENT_LINK,True,Moderate recovery probability; customer-initiated payment preferred,Your payment of ₹100.00 is still pending. Please use the secure payment link to complete your transaction.,2026-08-31 14:12:02.249635,,,
,100.0,CARD_EXPIRED,0.7325,PAYMENT_LINK,True,Moderate recovery probability; customer-initiated payment preferred,Your payment of ₹100.00 is still pending. Please use the secure payment link to complete your transaction.,2026-08-31 14:12:02.259285,,,
,100.0,INSUFFICIENT_FUNDS,0.6702,PAYMENT_LINK,True,Moderate recovery probability; customer-initiated payment preferred,Your payment of ₹100.00 is still pending. Please use the secure payment link to complete your transaction.,2026-08-31 14:12:02.271327,,,
,100.0,INSUFFICIENT_FUNDS,0.2133,ESCALATE,False,Low recovery probability; automatic recovery avoided,We couldn't safely complete your payment automatically. Our support team will review the issue.,2026-08-31 14:12:02.278649,,,
,100.0,BANK_DECLINED,0.5898,PAYMENT_LINK,True,Moderate recovery probability; customer-initiated payment preferred,Your payment of ₹100.00 is still pending. Please use the secure payment link to complete your transaction.,2026-08-31 14:12:02.286510,,,
,100.0,INSUFFICIENT_FUNDS,0.6431,PAYMENT_LINK,True,Moderate recovery probability; customer-initiated payment preferred,Your payment of ₹100.00 is still pending. Please use the secure payment link to complete your transaction.,2026-08-31 14:12:02.295363,,,
,100.0,NETWORK_ERROR,0.8175,RETRY,True,High recovery probability and temporary payment failure,Your payment of ₹100.00 could not be completed due to a temporary issue. We will safely retry the payment.,2026-08-31 14:12:02.301844,,,
,100.0,INSUFFICIENT_FUNDS,0.759,PAYMENT_LINK,True,Moderate recovery probability; customer-initiated payment preferred,Your payment of ₹100.00 is still pending. Please use the secure payment link to complete your transaction.,2026-08-31 14:12:02.308622,,,
,100.0,NETWORK_ERROR,0.6978,PAYMENT_LINK,True,Moderate recovery probability; customer-initiated payment preferred,Your payment of ₹100.00 is still pending. Please use the secure payment link to complete your transaction.,2026-08-31 14:12:02.316685,,,
,100.0,TIMEOUT,0.8044,RETRY,True,High recovery probability and temporary payment failure,Your payment of ₹100.00 could not be completed due to a temporary issue. We will safely retry the payment.,2026-08-31 14:12:02.324738,,,
,100.0,LIMIT_EXCEEDED,0.2646,ESCALATE,False,Low recovery probability; automatic recovery avoided,We couldn't safely complete your payment automatically. Our support team will review the issue.,2026-08-31 14:12:02.332653,,,
,127.01,TIMEOUT,0.8383,RETRY,True,High recovery probability and temporary payment failure,Your payment of ₹127.01 could not be completed due to a temporary issue. We will safely retry the payment.,2026-08-31 14:12:02.342943,,,
,100.0,INSUFFICIENT_FUNDS,0.5273,PAYMENT_LINK,True,Moderate recovery probability; customer-initiated payment preferred,Your payment of ₹100.00 is still pending. Please use the secure payment link to complete your transaction.,2026-08-31 14:12:02.359111,,,
,100.0,NETWORK_ERROR,0.7899,PAYMENT_LINK,True,Moderate recovery probability; customer-initiated payment preferred,Your payment of ₹100.00 is still pending. Please use the secure payment link to complete your transaction.,2026-08-31 14:12:02.372857,,,
,100.0,NETWORK_ERROR,0.7464,PAYMENT_LINK,True,Moderate recovery probability; customer-initiated payment preferred,Your payment of ₹100.00 is still pending. Please use the secure payment link to complete your transaction.,2026-08-31 14:12:02.387951,,,
,100.0,INSUFFICIENT_FUNDS,0.7533,PAYMENT_LINK,True,Moderate recovery probability; customer-initiated payment preferred,Your payment of ₹100.00 is still pending. Please use the secure payment link to complete your transaction.,2026-08-31 14:12:02.398962,,,
,100.0,CARD_EXPIRED,0.48,ESCALATE,False,Low recovery probability; automatic recovery avoided,We couldn't safely complete your payment automatically. Our support team will review the issue.,2026-08-31 14:12:02.405410,,,
,100.0,INSUFFICIENT_FUNDS,0.6227,PAYMENT_LINK,True,Moderate recovery probability; customer-initiated payment preferred,Your payment of ₹100.00 is still pending. Please use the secure payment link to complete your transaction.,2026-08-31 14:12:02.411599,,,
,100.0,TIMEOUT,0.5494,PAYMENT_LINK,True,Moderate recovery probability; customer-initiated payment preferred,Your payment of ₹100.00 is still pending. Please use the secure payment link to complete your transaction.,2026-08-31 14:12:02.418431,,,
,100.0,NETWORK_ERROR,0.4967,ESCALATE,False,Low recovery probability; automatic recovery avoided,We couldn't safely complete your payment automatically. Our support team will review the issue.,2026-08-31 14:12:02.437117,,,
,100.0,CARD_EXPIRED,0.5449,PAYMENT_LINK,True,Moderate recovery probability; customer-initiated payment preferred,Your payment of ₹100.00 is still pending. Please use the secure payment link to complete your transaction.,2026-08-31 14:12:02.456266,,,
,100.0,TIMEOUT,0.8461,RETRY,True,High recovery probability and temporary payment failure,Your payment of ₹100.00 could not be completed due to a temporary issue. We will safely retry the payment.,2026-08-31 14:12:02.467683,,,
,100.0,INSUFFICIENT_FUNDS,0.6642,PAYMENT_LINK,True,Moderate recovery probability; customer-initiated payment preferred,Your payment of ₹100.00 is still pending. Please use the secure payment link to complete your transaction.,2026-08-31 14:12:02.475709,,,
,100.0,NETWORK_ERROR,0.6047,PAYMENT_LINK,True,Moderate recovery probability; customer-initiated payment preferred,Your payment of ₹100.00 is still pending. Please use the secure payment link to complete your transaction.,2026-08-31 14:12:02.481946,,,
,100.0,CARD_EXPIRED,0.7545,PAYMENT_LINK,True,Moderate recovery probability; customer-initiated payment preferred,Your payment of ₹100.00 is still pending. Please use the secure payment link to complete your transaction.,2026-08-31 14:12:02.494215,,,
,100.0,TIMEOUT,0.4259,ESCALATE,False,Low recovery probability; automatic recovery avoided,We couldn't safely complete your payment automatically. Our support team will review the issue.,2026-08-31 14:12:02.501655,,,
,100.0,LIMIT_EXCEEDED,0.3635,ESCALATE,False,Low recovery probability; automatic recovery avoided,We couldn't safely complete your payment automatically. Our support team will review the issue.,2026-08-31 14:12:02.511686,,,
,100.0,NETWORK_ERROR,0.8198,RETRY,True,High recovery probability and temporary payment failure,Your payment of ₹100.00 could not be completed due to a temporary issue. We will safely retry the payment.,2026-08-31 14:12:02.523825,,,
,100.0,NETWORK_ERROR,0.4741,ESCALATE,False,Low recovery probability; automatic recovery avoided,We couldn't safely complete your payment automatically. Our support team will review the issue.,2026-08-31 14:12:02.532788,,,
,100.0,BANK_DECLINED,0.6092,PAYMENT_LINK,True,Moderate recovery probability; customer-initiated payment preferred,Your payment of ₹100.00 is still pending. Please use the secure payment link to complete your transaction.,2026-08-31 14:12:02.543732,,,
,100.0,TIMEOUT,0.7868,PAYMENT_LINK,True,Moderate recovery probability; customer-initiated payment preferred,Your payment of ₹100.00 is still pending. Please use the secure payment link to complete your transaction.,2026-08-31 14:12:02.551832,,,
,100.0,CARD_EXPIRED,0.4659,ESCALATE,False,Low recovery probability; automatic recovery avoided,We couldn't safely complete your payment automatically. Our support team will review the issue.,2026-08-31 14:12:02.559735,,,
,100.0,NETWORK_ERROR,0.8593,RETRY,True,High recovery probability and temporary payment failure,Your payment of ₹100.00 could not be completed due to a temporary issue. We will safely retry the payment.,2026-08-31 14:12:02.567728,,,
,100.0,BANK_DECLINED,0.4898,ESCALATE,False,Low recovery probability; automatic recovery avoided,We couldn't safely complete your payment automatically. Our support team will review the issue.,2026-08-31 14:12:02.575758,,,
,100.0,INSUFFICIENT_FUNDS,0.7744,PAYMENT_LINK,True,Moderate recovery probability; customer-initiated payment preferred,Your payment of ₹100.00 is still pending. Please use the secure payment link to complete your transaction.,2026-08-31 14:12:02.583761,,,
,100.0,CARD_EXPIRED,0.796,PAYMENT_LINK,True,Moderate recovery probability; customer-initiated payment preferred,Your payment of ₹100.00 is still pending. Please use the secure payment link to complete your transaction.,2026-08-31 14:12:02.591723,,,
,100.0,INSUFFICIENT_FUNDS,0.6432,PAYMENT_LINK,True,Moderate recovery probability; customer-initiated payment preferred,Your payment of ₹100.00 is still pending. Please use the secure payment link to complete your transaction.,2026-08-31 14:12:02.599814,,,
,100.0,TIMEOUT,0.4457,ESCALATE,False,Low recovery probability; automatic recovery avoided,We couldn't safely complete your payment automatically. Our support team will review the issue.,2026-08-31 14:12:02.609735,,,
,100.0,INSUFFICIENT_FUNDS,0.6028,PAYMENT_LINK,True,Moderate recovery probability; customer-initiated payment preferred,Your payment of ₹100.00 is still pending. Please use the secure payment link to complete your transaction.,2026-08-31 14:12:02.617710,,,
,100.0,CARD_EXPIRED,0.905,UPDATE_CARD,True,Payment method requires customer update,Your saved payment method appears to have expired. Please update your payment details to complete the transaction.,2026-08-31 14:12:02.625716,,,
,100.0,NETWORK_ERROR,0.8266,RETRY,True,High recovery probability and temporary payment failure,Your payment of ₹100.00 could not be completed due to a temporary issue. We will safely retry the payment.,2026-08-31 14:12:02.633704,,,
,100.0,CARD_EXPIRED,0.6621,PAYMENT_LINK,True,Moderate recovery probability; customer-initiated payment preferred,Your payment of ₹100.00 is still pending. Please use the secure payment link to complete your transaction.,2026-08-31 14:12:02.641706,,,
,100.0,INSUFFICIENT_FUNDS,0.6055,PAYMENT_LINK,True,Moderate recovery probability; customer-initiated payment preferred,Your payment of ₹100.00 is still pending. Please use the secure payment link to complete your transaction.,2026-08-31 14:12:02.650678,,,
,100.0,NETWORK_ERROR,0.7031,PAYMENT_LINK,True,Moderate recovery probability; customer-initiated payment preferred,Your payment of ₹100.00 is still pending. Please use the secure payment link to complete your transaction.,2026-08-31 14:12:02.665009,,,
,100.0,INSUFFICIENT_FUNDS,0.5275,PAYMENT_LINK,True,Moderate recovery probability; customer-initiated payment preferred,Your payment of ₹100.00 is still pending. Please use the secure payment link to complete your transaction.,2026-08-31 14:12:02.685297,,,
,100.0,BANK_DECLINED,0.5455,PAYMENT_LINK,True,Moderate recovery probability; customer-initiated payment preferred,Your payment of ₹100.00 is still pending. Please use the secure payment link to complete your transaction.,2026-08-31 14:12:02.703045,,,
,100.0,NETWORK_ERROR,0.5164,PAYMENT_LINK,True,Moderate recovery probability; customer-initiated payment preferred,Your payment of ₹100.00 is still pending. Please use the secure payment link to complete your transaction.,2026-08-31 14:12:02.717502,,,
,100.0,NETWORK_ERROR,0.9166,RETRY,True,High recovery probability and temporary payment failure,Your payment of ₹100.00 could not be completed due to a temporary issue. We will safely retry the payment.,2026-08-31 14:12:02.736087,,,
,100.0,NETWORK_ERROR,0.6853,PAYMENT_LINK,True,Moderate recovery probability; customer-initiated payment preferred,Your payment of ₹100.00 is still pending. Please use the secure payment link to complete your transaction.,2026-08-31 14:12:02.755998,,,
,100.0,CARD_EXPIRED,0.8415,UPDATE_CARD,True,Payment method requires customer update,Your saved payment method appears to have expired. Please update your payment details to complete the transaction.,2026-08-31 14:12:02.777019,,,
,100.0,TIMEOUT,0.7084,PAYMENT_LINK,True,Moderate recovery probability; customer-initiated payment preferred,Your payment of ₹100.00 is still pending. Please use the secure payment link to complete your transaction.,2026-08-31 14:12:02.795042,,,
,100.0,INSUFFICIENT_FUNDS,0.7016,PAYMENT_LINK,True,Moderate recovery probability; customer-initiated payment preferred,Your payment of ₹100.00 is still pending. Please use the secure payment link to complete your transaction.,2026-08-31 14:12:02.821157,,,
,100.0,TIMEOUT,0.6767,PAYMENT_LINK,True,Moderate recovery probability; customer-initiated payment preferred,Your payment of ₹100.00 is still pending. Please use the secure payment link to complete your transaction.,2026-08-31 14:12:02.838033,,,
,100.0,TIMEOUT,0.7725,PAYMENT_LINK,True,Moderate recovery probability; customer-initiated payment preferred,Your payment of ₹100.00 is still pending. Please use the secure payment link to complete your transaction.,2026-08-31 14:12:02.859997,,,
,10420.28,TIMEOUT,0.8826,RETRY,True,High recovery probability and temporary payment failure,"Your payment of ₹10,420.28 could not be completed due to a temporary issue. We will safely retry the payment.",2026-08-31 14:12:02.880023,,,
,100.0,TIMEOUT,0.7151,PAYMENT_LINK,True,Moderate recovery probability; customer-initiated payment preferred,Your payment of ₹100.00 is still pending. Please use the secure payment link to complete your transaction.,2026-08-31 14:12:02.897930,,,
,100.0,INSUFFICIENT_FUNDS,0.6586,PAYMENT_LINK,True,Moderate recovery probability; customer-initiated payment preferred,Your payment of ₹100.00 is still pending. Please use the secure payment link to complete your transaction.,2026-08-31 14:12:02.920024,,,
,146.72,LIMIT_EXCEEDED,0.7418,PAYMENT_LINK,True,Moderate recovery probability; customer-initiated payment preferred,Your payment of ₹146.72 is still pending. Please use the secure payment link to complete your transaction.,2026-08-31 14:12:02.932364,,,
,100.0,UNKNOWN_ERROR,0.2866,ESCALATE,False,Low recovery probability; automatic recovery avoided,We couldn't safely complete your payment automatically. Our support team will review the issue.,2026-08-31 14:12:02.938171,,,
,100.0,BANK_DECLINED,0.4747,ESCALATE,False,Low recovery probability; automatic recovery avoided,We couldn't safely complete your payment automatically. Our support team will review the issue.,2026-08-31 14:12:02.946051,,,
,100.0,TIMEOUT,0.8315,RETRY,True,High recovery probability and temporary payment failure,Your payment of ₹100.00 could not be completed due to a temporary issue. We will safely retry the payment.,2026-08-31 14:12:02.953668,,,
,100.0,BANK_DECLINED,0.3869,ESCALATE,False,Low recovery probability; automatic recovery avoided,We couldn't safely complete your payment automatically. Our support team will review the issue.,2026-08-31 14:12:02.959531,,,
,100.0,CARD_EXPIRED,0.7808,PAYMENT_LINK,True,Moderate recovery probability; customer-initiated payment preferred,Your payment of ₹100.00 is still pending. Please use the secure payment link to complete your transaction.,2026-08-31 14:12:02.965604,,,
,100.0,BANK_DECLINED,0.468,ESCALATE,False,Low recovery probability; automatic recovery avoided,We couldn't safely complete your payment automatically. Our support team will review the issue.,2026-08-31 14:12:02.971417,,,
,100.0,CARD_EXPIRED,0.5483,PAYMENT_LINK,True,Moderate recovery probability; customer-initiated payment preferred,Your payment of ₹100.00 is still pending. Please use the secure payment link to complete your transaction.,2026-08-31 14:12:02.977637,,,
,100.0,NETWORK_ERROR,0.819,RETRY,True,High recovery probability and temporary payment failure,Your payment of ₹100.00 could not be completed due to a temporary issue. We will safely retry the payment.,2026-08-31 14:12:02.983221,,,
,100.0,TIMEOUT,0.6977,PAYMENT_LINK,True,Moderate recovery probability; customer-initiated payment preferred,Your payment of ₹100.00 is still pending. Please use the secure payment link to complete your transaction.,2026-08-31 14:12:02.989687,,,
,100.0,INSUFFICIENT_FUNDS,0.5442,PAYMENT_LINK,True,Moderate recovery probability; customer-initiated payment preferred,Your payment of ₹100.00 is still pending. Please use the secure payment link to complete your transaction.,2026-08-31 14:12:02.996627,,,
,100.0,NETWORK_ERROR,0.8936,RETRY,True,High recovery probability and temporary payment failure,Your payment of ₹100.00 could not be completed due to a temporary issue. We will safely retry the payment.,2026-08-31 14:12:03.003675,,,
,100.0,NETWORK_ERROR,0.8617,RETRY,True,High recovery probability and temporary payment failure,Your payment of ₹100.00 could not be completed due to a temporary issue. We will safely retry the payment.,2026-08-31 14:12:03.009579,,,
,100.0,INSUFFICIENT_FUNDS,0.7509,PAYMENT_LINK,True,Moderate recovery probability; customer-initiated payment preferred,Your payment of ₹100.00 is still pending. Please use the secure payment link to complete your transaction.,2026-08-31 14:12:03.016661,,,
,100.0,NETWORK_ERROR,0.7986,PAYMENT_LINK,True,Moderate recovery probability; customer-initiated payment preferred,Your payment of ₹100.00 is still pending. Please use the secure payment link to complete your transaction.,2026-08-31 14:12:03.032042,,,
,100.0,NETWORK_ERROR,0.7789,PAYMENT_LINK,True,Moderate recovery probability; customer-initiated payment preferred,Your payment of ₹100.00 is still pending. Please use the secure payment link to complete your transaction.,2026-08-31 14:12:03.051026,,,
,100.0,TIMEOUT,0.6955,PAYMENT_LINK,True,Moderate recovery probability; customer-initiated payment preferred,Your payment of ₹100.00 is still pending. Please use the secure payment link to complete your transaction.,2026-08-31 14:12:03.070022,,,
,100.0,LIMIT_EXCEEDED,0.6071,PAYMENT_LINK,True,Moderate recovery probability; customer-initiated payment preferred,Your payment of ₹100.00 is still pending. Please use the secure payment link to complete your transaction.,2026-08-31 14:12:03.088013,,,
,100.0,TIMEOUT,0.7512,PAYMENT_LINK,True,Moderate recovery probability; customer-initiated payment preferred,Your payment of ₹100.00 is still pending. Please use the secure payment link to complete your transaction.,2026-08-31 14:12:03.112943,,,
,100.0,INSUFFICIENT_FUNDS,0.5953,PAYMENT_LINK,True,Moderate recovery probability; customer-initiated payment preferred,Your payment of ₹100.00 is still pending. Please use the secure payment link to complete your transaction.,2026-08-31 14:12:03.133686,,,
,100.0,NETWORK_ERROR,0.9104,RETRY,True,High recovery probability and temporary payment failure,Your payment of ₹100.00 could not be completed due to a temporary issue. We will safely retry the payment.,2026-08-31 14:12:03.151397,,,
,100.0,UNKNOWN_ERROR,0.5685,PAYMENT_LINK,True,Moderate recovery probability; customer-initiated payment preferred,Your payment of ₹100.00 is still pending. Please use the secure payment link to complete your transaction.,2026-08-31 14:12:03.177027,,,
,100.0,TIMEOUT,0.4523,ESCALATE,False,Low recovery probability; automatic recovery avoided,We couldn't safely complete your payment automatically. Our support team will review the issue.,2026-08-31 14:12:03.192731,,,
,100.0,INSUFFICIENT_FUNDS,0.548,PAYMENT_LINK,True,Moderate recovery probability; customer-initiated payment preferred,Your payment of ₹100.00 is still pending. Please use the secure payment link to complete your transaction.,2026-08-31 14:12:03.199271,,,
,100.0,TIMEOUT,0.8433,RETRY,True,High recovery probability and temporary payment failure,Your payment of ₹100.00 could not be completed due to a temporary issue. We will safely retry the payment.,2026-08-31 14:12:03.206662,,,
,100.0,CARD_EXPIRED,0.8558,UPDATE_CARD,True,Payment method requires customer update,Your saved payment method appears to have expired. Please update your payment details to complete the transaction.,2026-08-31 14:12:03.212518,,,
,100.0,INSUFFICIENT_FUNDS,0.2133,ESCALATE,False,Low recovery probability; automatic recovery avoided,We couldn't safely complete your payment automatically. Our support team will review the issue.,2026-08-31 14:12:03.218598,,,
,100.0,INSUFFICIENT_FUNDS,0.6067,PAYMENT_LINK,True,Moderate recovery probability; customer-initiated payment preferred,Your payment of ₹100.00 is still pending. Please use the secure payment link to complete your transaction.,2026-08-31 14:12:03.224284,,,
,186.04,LIMIT_EXCEEDED,0.8252,PAYMENT_LINK,True,Moderate recovery probability; customer-initiated payment preferred,Your payment of ₹186.04 is still pending. Please use the secure payment link to complete your transaction.,2026-08-31 14:12:03.230610,,,
,100.0,BANK_DECLINED,0.2935,ESCALATE,False,Low recovery probability; automatic recovery avoided,We couldn't safely complete your payment automatically. Our support team will review the issue.,2026-08-31 14:12:03.236486,,,
,100.0,NETWORK_ERROR,0.7349,PAYMENT_LINK,True,Moderate recovery probability; customer-initiated payment preferred,Your payment of ₹100.00 is still pending. Please use the secure payment link to complete your transaction.,2026-08-31 14:12:03.242721,,,
,100.0,BANK_DECLINED,0.5887,PAYMENT_LINK,True,Moderate recovery probability; customer-initiated payment preferred,Your payment of ₹100.00 is still pending. Please use the secure payment link to complete your transaction.,2026-08-31 14:12:03.249637,,,
,100.0,INSUFFICIENT_FUNDS,0.4091,ESCALATE,False,Low recovery probability; automatic recovery avoided,We couldn't safely complete your payment automatically. Our support team will review the issue.,2026-08-31 14:12:03.257964,,,
,100.0,CARD_EXPIRED,0.868,UPDATE_CARD,True,Payment method requires customer update,Your saved payment method appears to have expired. Please update your payment details to complete the transaction.,2026-08-31 14:12:03.264672,,,
,100.0,BANK_DECLINED,0.4761,ESCALATE,False,Low recovery probability; automatic recovery avoided,We couldn't safely complete your payment automatically. Our support team will review the issue.,2026-08-31 14:12:03.270552,,,
,100.0,BANK_DECLINED,0.4153,ESCALATE,False,Low recovery probability; automatic recovery avoided,We couldn't safely complete your payment automatically. Our support team will review the issue.,2026-08-31 14:12:03.277251,,,
,100.0,INSUFFICIENT_FUNDS,0.6585,PAYMENT_LINK,True,Moderate recovery probability; customer-initiated payment preferred,Your payment of ₹100.00 is still pending. Please use the secure payment link to complete your transaction.,2026-08-31 14:12:03.297245,,,
,100.0,NETWORK_ERROR,0.8446,RETRY,True,High recovery probability and temporary payment failure,Your payment of ₹100.00 could not be completed due to a temporary issue. We will safely retry the payment.,2026-08-31 14:12:03.319059,,,
,100.0,BANK_DECLINED,0.2972,ESCALATE,False,Low recovery probability; automatic recovery avoided,We couldn't safely complete your payment automatically. Our support team will review the issue.,2026-08-31 14:12:03.332552,,,
,100.0,INSUFFICIENT_FUNDS,0.4263,ESCALATE,False,Low recovery probability; automatic recovery avoided,We couldn't safely complete your payment automatically. Our support team will review the issue.,2026-08-31 14:12:03.339870,,,
,100.0,LIMIT_EXCEEDED,0.5042,PAYMENT_LINK,True,Moderate recovery probability; customer-initiated payment preferred,Your payment of ₹100.00 is still pending. Please use the secure payment link to complete your transaction.,2026-08-31 14:12:03.345558,,,
,100.0,CARD_EXPIRED,0.7332,PAYMENT_LINK,True,Moderate recovery probability; customer-initiated payment preferred,Your payment of ₹100.00 is still pending. Please use the secure payment link to complete your transaction.,2026-08-31 14:12:03.351608,,,
,100.0,INSUFFICIENT_FUNDS,0.6227,PAYMENT_LINK,True,Moderate recovery probability; customer-initiated payment preferred,Your payment of ₹100.00 is still pending. Please use the secure payment link to complete your transaction.,2026-08-31 14:12:03.357396,,,
,100.0,CARD_EXPIRED,0.5697,PAYMENT_LINK,True,Moderate recovery probability; customer-initiated payment preferred,Your payment of ₹100.00 is still pending. Please use the secure payment link to complete your transaction.,2026-08-31 14:12:03.363594,,,
,100.0,TIMEOUT,0.8304,RETRY,True,High recovery probability and temporary payment failure,Your payment of ₹100.00 could not be completed due to a temporary issue. We will safely retry the payment.,2026-08-31 14:12:03.371703,,,
,100.0,INSUFFICIENT_FUNDS,0.5111,PAYMENT_LINK,True,Moderate recovery probability; customer-initiated payment preferred,Your payment of ₹100.00 is still pending. Please use the secure payment link to complete your transaction.,2026-08-31 14:12:03.379715,,,
,100.0,NETWORK_ERROR,0.5308,PAYMENT_LINK,True,Moderate recovery probability; customer-initiated payment preferred,Your payment of ₹100.00 is still pending. Please use the secure payment link to complete your transaction.,2026-08-31 14:12:03.387745,,,
,100.0,CARD_EXPIRED,0.851,UPDATE_CARD,True,Payment method requires customer update,Your saved payment method appears to have expired. Please update your payment details to complete the transaction.,2026-08-31 14:12:03.395814,,,
,100.0,NETWORK_ERROR,0.8649,RETRY,True,High recovery probability and temporary payment failure,Your payment of ₹100.00 could not be completed due to a temporary issue. We will safely retry the payment.,2026-08-31 14:12:03.403738,,,
,301.09,TIMEOUT,0.711,PAYMENT_LINK,True,Moderate recovery probability; customer-initiated payment preferred,Your payment of ₹301.09 is still pending. Please use the secure payment link to complete your transaction.,2026-08-31 14:12:03.413762,,,
,100.0,NETWORK_ERROR,0.8227,RETRY,True,High recovery probability and temporary payment failure,Your payment of ₹100.00 could not be completed due to a temporary issue. We will safely retry the payment.,2026-08-31 14:12:03.421691,,,
,100.0,INSUFFICIENT_FUNDS,0.6768,PAYMENT_LINK,True,Moderate recovery probability; customer-initiated payment preferred,Your payment of ₹100.00 is still pending. Please use the secure payment link to complete your transaction.,2026-08-31 14:12:03.431808,,,
,100.0,NETWORK_ERROR,0.6184,PAYMENT_LINK,True,Moderate recovery probability; customer-initiated payment preferred,Your payment of ₹100.00 is still pending. Please use the secure payment link to complete your transaction.,2026-08-31 14:12:03.448154,,,
,100.0,INSUFFICIENT_FUNDS,0.6373,PAYMENT_LINK,True,Moderate recovery probability; customer-initiated payment preferred,Your payment of ₹100.00 is still pending. Please use the secure payment link to complete your transaction.,2026-08-31 14:12:03.480829,,,
,100.0,LIMIT_EXCEEDED,0.6383,PAYMENT_LINK,True,Moderate recovery probability; customer-initiated payment preferred,Your payment of ₹100.00 is still pending. Please use the secure payment link to complete your transaction.,2026-08-31 14:12:03.506814,,,
,100.0,NETWORK_ERROR,0.7684,PAYMENT_LINK,True,Moderate recovery probability; customer-initiated payment preferred,Your payment of ₹100.00 is still pending. Please use the secure payment link to complete your transaction.,2026-08-31 14:12:03.525817,,,
,100.0,TIMEOUT,0.6813,PAYMENT_LINK,True,Moderate recovery probability; customer-initiated payment preferred,Your payment of ₹100.00 is still pending. Please use the secure payment link to complete your transaction.,2026-08-31 14:12:03.541014,,,
,100.0,TIMEOUT,0.4145,ESCALATE,False,Low recovery probability; automatic recovery avoided,We couldn't safely complete your payment automatically. Our support team will review the issue.,2026-08-31 14:12:03.561035,,,
,100.0,BANK_DECLINED,0.4547,ESCALATE,False,Low recovery probability; automatic recovery avoided,We couldn't safely complete your payment automatically. Our support team will review the issue.,2026-08-31 14:12:03.583021,,,
,100.0,INSUFFICIENT_FUNDS,0.2092,ESCALATE,False,Low recovery probability; automatic recovery avoided,We couldn't safely complete your payment automatically. Our support team will review the issue.,2026-08-31 14:12:03.601082,,,
,100.0,TIMEOUT,0.5764,PAYMENT_LINK,True,Moderate recovery probability; customer-initiated payment preferred,Your payment of ₹100.00 is still pending. Please use the secure payment link to complete your transaction.,2026-08-31 14:12:03.621981,,,
,173.96,NETWORK_ERROR,0.9445,RETRY,True,High recovery probability and temporary payment failure,Your payment of ₹173.96 could not be completed due to a temporary issue. We will safely retry the payment.,2026-08-31 14:12:03.638936,,,
,100.0,NETWORK_ERROR,0.7666,PAYMENT_LINK,True,Moderate recovery probability; customer-initiated payment preferred,Your payment of ₹100.00 is still pending. Please use the secure payment link to complete your transaction.,2026-08-31 14:12:03.664273,,,
,100.0,CARD_EXPIRED,0.4957,ESCALATE,False,Low recovery probability; automatic recovery avoided,We couldn't safely complete your payment automatically. Our support team will review the issue.,2026-08-31 14:12:03.678427,,,
,100.0,NETWORK_ERROR,0.7784,PAYMENT_LINK,True,Moderate recovery probability; customer-initiated payment preferred,Your payment of ₹100.00 is still pending. Please use the secure payment link to complete your transaction.,2026-08-31 14:12:03.699047,,,
,100.0,BANK_DECLINED,0.6218,PAYMENT_LINK,True,Moderate recovery probability; customer-initiated payment preferred,Your payment of ₹100.00 is still pending. Please use the secure payment link to complete your transaction.,2026-08-31 14:12:03.719989,,,
,100.0,NETWORK_ERROR,0.4313,ESCALATE,False,Low recovery probability; automatic recovery avoided,We couldn't safely complete your payment automatically. Our support team will review the issue.,2026-08-31 14:12:03.738007,,,
,100.0,BANK_DECLINED,0.9314,PAYMENT_LINK,True,Moderate recovery probability; customer-initiated payment preferred,Your payment of ₹100.00 is still pending. Please use the secure payment link to complete your transaction.,2026-08-31 14:12:03.758013,,,
,303.08,NETWORK_ERROR,0.9276,RETRY,True,High recovery probability and temporary payment failure,Your payment of ₹303.08 could not be completed due to a temporary issue. We will safely retry the payment.,2026-08-31 14:12:03.776989,,,
,100.0,CARD_EXPIRED,0.7594,PAYMENT_LINK,True,Moderate recovery probability; customer-initiated payment preferred,Your payment of ₹100.00 is still pending. Please use the secure payment link to complete your transaction.,2026-08-31 14:12:03.791653,,,
,100.0,UNKNOWN_ERROR,0.2906,ESCALATE,False,Low recovery probability; automatic recovery avoided,We couldn't safely complete your payment automatically. Our support team will review the issue.,2026-08-31 14:12:03.797674,,,
,100.0,NETWORK_ERROR,0.4655,ESCALATE,False,Low recovery probability; automatic recovery avoided,We couldn't safely complete your payment automatically. Our support team will review the issue.,2026-08-31 14:12:03.803804,,,
,100.0,INSUFFICIENT_FUNDS,0.4202,ESCALATE,False,Low recovery probability; automatic recovery avoided,We couldn't safely complete your payment automatically. Our support team will review the issue.,2026-08-31 14:12:03.811776,,,
,165.24,INSUFFICIENT_FUNDS,0.7341,PAYMENT_LINK,True,Moderate recovery probability; customer-initiated payment preferred,Your payment of ₹165.24 is still pending. Please use the secure payment link to complete your transaction.,2026-08-31 14:12:03.819915,,,
,100.0,CARD_EXPIRED,0.844,UPDATE_CARD,True,Payment method requires customer update,Your saved payment method appears to have expired. Please update your payment details to complete the transaction.,2026-08-31 14:12:03.828736,,,
,100.0,BANK_DECLINED,0.7232,PAYMENT_LINK,True,Moderate recovery probability; customer-initiated payment preferred,Your payment of ₹100.00 is still pending. Please use the secure payment link to complete your transaction.,2026-08-31 14:12:03.836731,,,
,100.0,LIMIT_EXCEEDED,0.1882,ESCALATE,False,Low recovery probability; automatic recovery avoided,We couldn't safely complete your payment automatically. Our support team will review the issue.,2026-08-31 14:12:03.844697,,,
,100.0,TIMEOUT,0.6888,PAYMENT_LINK,True,Moderate recovery probability; customer-initiated payment preferred,Your payment of ₹100.00 is still pending. Please use the secure payment link to complete your transaction.,2026-08-31 14:12:03.852686,,,
,100.0,TIMEOUT,0.823,RETRY,True,High recovery probability and temporary payment failure,Your payment of ₹100.00 could not be completed due to a temporary issue. We will safely retry the payment.,2026-08-31 14:12:03.860737,,,
,100.0,TIMEOUT,0.5601,PAYMENT_LINK,True,Moderate recovery probability; customer-initiated payment preferred,Your payment of ₹100.00 is still pending. Please use the secure payment link to complete your transaction.,2026-08-31 14:12:03.868750,,,
,100.0,NETWORK_ERROR,0.9081,RETRY,True,High recovery probability and temporary payment failure,Your payment of ₹100.00 could not be completed due to a temporary issue. We will safely retry the payment.,2026-08-31 14:12:03.874696,,,
,100.0,LIMIT_EXCEEDED,0.5509,PAYMENT_LINK,True,Moderate recovery probability; customer-initiated payment preferred,Your payment of ₹100.00 is still pending. Please use the secure payment link to complete your transaction.,2026-08-31 14:12:03.880618,,,
,100.0,BANK_DECLINED,0.4928,ESCALATE,False,Low recovery probability; automatic recovery avoided,We couldn't safely complete your payment automatically. Our support team will review the issue.,2026-08-31 14:12:03.886586,,,
,100.0,LIMIT_EXCEEDED,0.6704,PAYMENT_LINK,True,Moderate recovery probability; customer-initiated payment preferred,Your payment of ₹100.00 is still pending. Please use the secure payment link to complete your transaction.,2026-08-31 14:12:03.892768,,,
,100.0,CARD_EXPIRED,0.6467,PAYMENT_LINK,True,Moderate recovery probability; customer-initiated payment preferred,Your payment of ₹100.00 is still pending. Please use the secure payment link to complete your transaction.,2026-08-31 14:12:03.900697,,,
,100.0,NETWORK_ERROR,0.7989,PAYMENT_LINK,True,Moderate recovery probability; customer-initiated payment preferred,Your payment of ₹100.00 is still pending. Please use the secure payment link to complete your transaction.,2026-08-31 14:12:03.907665,,,
,417.87,INSUFFICIENT_FUNDS,0.7393,PAYMENT_LINK,True,Moderate recovery probability; customer-initiated payment preferred,Your payment of ₹417.87 is still pending. Please use the secure payment link to complete your transaction.,2026-08-31 14:12:03.913685,,,
,100.0,NETWORK_ERROR,0.9361,RETRY,True,High recovery probability and temporary payment failure,Your payment of ₹100.00 could not be completed due to a temporary issue. We will safely retry the payment.,2026-08-31 14:12:03.919598,,,
,100.0,TIMEOUT,0.6967,PAYMENT_LINK,True,Moderate recovery probability; customer-initiated payment preferred,Your payment of ₹100.00 is still pending. Please use the secure payment link to complete your transaction.,2026-08-31 14:12:03.925517,,,
,100.0,INSUFFICIENT_FUNDS,0.3671,ESCALATE,False,Low recovery probability; automatic recovery avoided,We couldn't safely complete your payment automatically. Our support team will review the issue.,2026-08-31 14:12:03.933756,,,
,100.0,LIMIT_EXCEEDED,0.448,ESCALATE,False,Low recovery probability; automatic recovery avoided,We couldn't safely complete your payment automatically. Our support team will review the issue.,2026-08-31 14:12:03.941678,,,
,100.0,LIMIT_EXCEEDED,0.6429,PAYMENT_LINK,True,Moderate recovery probability; customer-initiated payment preferred,Your payment of ₹100.00 is still pending. Please use the secure payment link to complete your transaction.,2026-08-31 14:12:03.949738,,,
,100.0,INSUFFICIENT_FUNDS,0.5807,PAYMENT_LINK,True,Moderate recovery probability; customer-initiated payment preferred,Your payment of ₹100.00 is still pending. Please use the secure payment link to complete your transaction.,2026-08-31 14:12:03.957702,,,
,100.0,NETWORK_ERROR,0.8736,RETRY,True,High recovery probability and temporary payment failure,Your payment of ₹100.00 could not be completed due to a temporary issue. We will safely retry the payment.,2026-08-31 14:12:03.965799,,,
,100.0,UNKNOWN_ERROR,0.4314,ESCALATE,False,Low recovery probability; automatic recovery avoided,We couldn't safely complete your payment automatically. Our support team will review the issue.,2026-08-31 14:12:03.973724,,,
,100.0,TIMEOUT,0.646,PAYMENT_LINK,True,Moderate recovery probability; customer-initiated payment preferred,Your payment of ₹100.00 is still pending. Please use the secure payment link to complete your transaction.,2026-08-31 14:12:03.994004,,,
,100.0,TIMEOUT,0.6319,PAYMENT_LINK,True,Moderate recovery probability; customer-initiated payment preferred,Your payment of ₹100.00 is still pending. Please use the secure payment link to complete your transaction.,2026-08-31 14:12:04.025285,,,
,100.0,BANK_DECLINED,0.4749,ESCALATE,False,Low recovery probability; automatic recovery avoided,We couldn't safely complete your payment automatically. Our support team will review the issue.,2026-08-31 14:12:04.034030,,,
,100.0,BANK_DECLINED,0.6782,PAYMENT_LINK,True,Moderate recovery probability; customer-initiated payment preferred,Your payment of ₹100.00 is still pending. Please use the secure payment link to complete your transaction.,2026-08-31 14:12:04.040660,,,
,100.0,INSUFFICIENT_FUNDS,0.3975,ESCALATE,False,Low recovery probability; automatic recovery avoided,We couldn't safely complete your payment automatically. Our support team will review the issue.,2026-08-31 14:12:04.046571,,,
,100.0,BANK_DECLINED,0.6821,PAYMENT_LINK,True,Moderate recovery probability; customer-initiated payment preferred,Your payment of ₹100.00 is still pending. Please use the secure payment link to complete your transaction.,2026-08-31 14:12:04.052661,,,
,100.0,NETWORK_ERROR,0.6145,PAYMENT_LINK,True,Moderate recovery probability; customer-initiated payment preferred,Your payment of ₹100.00 is still pending. Please use the secure payment link to complete your transaction.,2026-08-31 14:12:04.060776,,,
,100.0,BANK_DECLINED,0.6102,PAYMENT_LINK,True,Moderate recovery probability; customer-initiated payment preferred,Your payment of ₹100.00 is still pending. Please use the secure payment link to complete your transaction.,2026-08-31 14:12:04.068653,,,
,100.0,TIMEOUT,0.7448,PAYMENT_LINK,True,Moderate recovery probability; customer-initiated payment preferred,Your payment of ₹100.00 is still pending. Please use the secure payment link to complete your transaction.,2026-08-31 14:12:04.080848,,,
,100.0,NETWORK_ERROR,0.9215,RETRY,True,High recovery probability and temporary payment failure,Your payment of ₹100.00 could not be completed due to a temporary issue. We will safely retry the payment.,2026-08-31 14:12:04.086824,,,
,100.0,TIMEOUT,0.7727,PAYMENT_LINK,True,Moderate recovery probability; customer-initiated payment preferred,Your payment of ₹100.00 is still pending. Please use the secure payment link to complete your transaction.,2026-08-31 14:12:04.094716,,,
,100.0,CARD_EXPIRED,0.8609,UPDATE_CARD,True,Payment method requires customer update,Your saved payment method appears to have expired. Please update your payment details to complete the transaction.,2026-08-31 14:12:04.102690,,,
,100.0,INSUFFICIENT_FUNDS,0.2246,ESCALATE,False,Low recovery probability; automatic recovery avoided,We couldn't safely complete your payment automatically. Our support team will review the issue.,2026-08-31 14:12:04.110707,,,
,100.0,CARD_EXPIRED,0.6812,PAYMENT_LINK,True,Moderate recovery probability; customer-initiated payment preferred,Your payment of ₹100.00 is still pending. Please use the secure payment link to complete your transaction.,2026-08-31 14:12:04.118708,,,
,100.0,LIMIT_EXCEEDED,0.2532,ESCALATE,False,Low recovery probability; automatic recovery avoided,We couldn't safely complete your payment automatically. Our support team will review the issue.,2026-08-31 14:12:04.134102,,,
,100.0,INSUFFICIENT_FUNDS,0.525,PAYMENT_LINK,True,Moderate recovery probability; customer-initiated payment preferred,Your payment of ₹100.00 is still pending. Please use the secure payment link to complete your transaction.,2026-08-31 14:12:04.156393,,,
,175.32,INSUFFICIENT_FUNDS,0.6033,PAYMENT_LINK,True,Moderate recovery probability; customer-initiated payment preferred,Your payment of ₹175.32 is still pending. Please use the secure payment link to complete your transaction.,2026-08-31 14:12:04.173281,,,
,100.0,LIMIT_EXCEEDED,0.1654,ESCALATE,False,Low recovery probability; automatic recovery avoided,We couldn't safely complete your payment automatically. Our support team will review the issue.,2026-08-31 14:12:04.193032,,,
,100.0,CARD_EXPIRED,0.4781,ESCALATE,False,Low recovery probability; automatic recovery avoided,We couldn't safely complete your payment automatically. Our support team will review the issue.,2026-08-31 14:12:04.211029,,,
,100.0,CARD_EXPIRED,0.8678,UPDATE_CARD,True,Payment method requires customer update,Your saved payment method appears to have expired. Please update your payment details to complete the transaction.,2026-08-31 14:12:04.231900,,,
,100.0,LIMIT_EXCEEDED,0.3777,ESCALATE,False,Low recovery probability; automatic recovery avoided,We couldn't safely complete your payment automatically. Our support team will review the issue.,2026-08-31 14:12:04.252025,,,
,100.0,INSUFFICIENT_FUNDS,0.8214,REMINDER,True,Customer has high recovery likelihood; reminder is safer than repeated retry,Your payment of ₹100.00 could not be completed. Please try again when convenient.,2026-08-31 14:12:04.272055,,,
,100.0,CARD_EXPIRED,0.5825,PAYMENT_LINK,True,Moderate recovery probability; customer-initiated payment preferred,Your payment of ₹100.00 is still pending. Please use the secure payment link to complete your transaction.,2026-08-31 14:12:04.293034,,,
,100.0,NETWORK_ERROR,0.8923,RETRY,True,High recovery probability and temporary payment failure,Your payment of ₹100.00 could not be completed due to a temporary issue. We will safely retry the payment.,2026-08-31 14:12:04.332055,,,
,100.0,BANK_DECLINED,0.748,PAYMENT_LINK,True,Moderate recovery probability; customer-initiated payment preferred,Your payment of ₹100.00 is still pending. Please use the secure payment link to complete your transaction.,2026-08-31 14:12:04.368059,,,
,100.0,CARD_EXPIRED,0.6345,PAYMENT_LINK,True,Moderate recovery probability; customer-initiated payment preferred,Your payment of ₹100.00 is still pending. Please use the secure payment link to complete your transaction.,2026-08-31 14:12:04.391042,,,
,100.0,NETWORK_ERROR,0.7078,PAYMENT_LINK,True,Moderate recovery probability; customer-initiated payment preferred,Your payment of ₹100.00 is still pending. Please use the secure payment link to complete your transaction.,2026-08-31 14:12:04.407813,,,
,100.0,CARD_EXPIRED,0.597,PAYMENT_LINK,True,Moderate recovery probability; customer-initiated payment preferred,Your payment of ₹100.00 is still pending. Please use the secure payment link to complete your transaction.,2026-08-31 14:12:04.415732,,,
,100.0,NETWORK_ERROR,0.8957,RETRY,True,High recovery probability and temporary payment failure,Your payment of ₹100.00 could not be completed due to a temporary issue. We will safely retry the payment.,2026-08-31 14:12:04.423704,,,
,100.0,UNKNOWN_ERROR,0.3018,ESCALATE,False,Low recovery probability; automatic recovery avoided,We couldn't safely complete your payment automatically. Our support team will review the issue.,2026-08-31 14:12:04.432226,,,
,100.0,TIMEOUT,0.5915,PAYMENT_LINK,True,Moderate recovery probability; customer-initiated payment preferred,Your payment of ₹100.00 is still pending. Please use the secure payment link to complete your transaction.,2026-08-31 14:12:04.440607,,,
,100.0,NETWORK_ERROR,0.7583,PAYMENT_LINK,True,Moderate recovery probability; customer-initiated payment preferred,Your payment of ₹100.00 is still pending. Please use the secure payment link to complete your transaction.,2026-08-31 14:12:04.446667,,,
,100.0,LIMIT_EXCEEDED,0.251,ESCALATE,False,Low recovery probability; automatic recovery avoided,We couldn't safely complete your payment automatically. Our support team will review the issue.,2026-08-31 14:12:04.453706,,,
,107.24,TIMEOUT,0.3759,ESCALATE,False,Low recovery probability; automatic recovery avoided,We couldn't safely complete your payment automatically. Our support team will review the issue.,2026-08-31 14:12:04.459628,,,
,100.0,LIMIT_EXCEEDED,0.5335,PAYMENT_LINK,True,Moderate recovery probability; customer-initiated payment preferred,Your payment of ₹100.00 is still pending. Please use the secure payment link to complete your transaction.,2026-08-31 14:12:04.465629,,,
,100.0,NETWORK_ERROR,0.7339,PAYMENT_LINK,True,Moderate recovery probability; customer-initiated payment preferred,Your payment of ₹100.00 is still pending. Please use the secure payment link to complete your transaction.,2026-08-31 14:12:04.471663,,,
,100.0,INSUFFICIENT_FUNDS,0.6476,PAYMENT_LINK,True,Moderate recovery probability; customer-initiated payment preferred,Your payment of ₹100.00 is still pending. Please use the secure payment link to complete your transaction.,2026-08-31 14:12:04.477754,,,
,100.0,INSUFFICIENT_FUNDS,0.7455,PAYMENT_LINK,True,Moderate recovery probability; customer-initiated payment preferred,Your payment of ₹100.00 is still pending. Please use the secure payment link to complete your transaction.,2026-08-31 14:12:04.485823,,,
,100.0,LIMIT_EXCEEDED,0.3366,ESCALATE,False,Low recovery probability; automatic recovery avoided,We couldn't safely complete your payment automatically. Our support team will review the issue.,2026-08-31 14:12:04.493798,,,
,100.0,NETWORK_ERROR,0.9353,RETRY,True,High recovery probability and temporary payment failure,Your payment of ₹100.00 could not be completed due to a temporary issue. We will safely retry the payment.,2026-08-31 14:12:04.501671,,,
,100.0,INSUFFICIENT_FUNDS,0.6411,PAYMENT_LINK,True,Moderate recovery probability; customer-initiated payment preferred,Your payment of ₹100.00 is still pending. Please use the secure payment link to complete your transaction.,2026-08-31 14:12:04.509702,,,
,100.0,BANK_DECLINED,0.5792,PAYMENT_LINK,True,Moderate recovery probability; customer-initiated payment preferred,Your payment of ₹100.00 is still pending. Please use the secure payment link to complete your transaction.,2026-08-31 14:12:04.515655,,,
,100.0,CARD_EXPIRED,0.6742,PAYMENT_LINK,True,Moderate recovery probability; customer-initiated payment preferred,Your payment of ₹100.00 is still pending. Please use the secure payment link to complete your transaction.,2026-08-31 14:12:04.521618,,,
,100.0,NETWORK_ERROR,0.7247,PAYMENT_LINK,True,Moderate recovery probability; customer-initiated payment preferred,Your payment of ₹100.00 is still pending. Please use the secure payment link to complete your transaction.,2026-08-31 14:12:04.532763,,,
,100.0,INSUFFICIENT_FUNDS,0.3395,ESCALATE,False,Low recovery probability; automatic recovery avoided,We couldn't safely complete your payment automatically. Our support team will review the issue.,2026-08-31 14:12:04.558798,,,
,100.0,INSUFFICIENT_FUNDS,0.5349,PAYMENT_LINK,True,Moderate recovery probability; customer-initiated payment preferred,Your payment of ₹100.00 is still pending. Please use the secure payment link to complete your transaction.,2026-08-31 14:12:04.581793,,,
,3567.62,NETWORK_ERROR,0.9028,RETRY,True,High recovery probability and temporary payment failure,"Your payment of ₹3,567.62 could not be completed due to a temporary issue. We will safely retry the payment.",2026-08-31 14:12:04.588151,,,
,100.0,NETWORK_ERROR,0.7447,PAYMENT_LINK,True,Moderate recovery probability; customer-initiated payment preferred,Your payment of ₹100.00 is still pending. Please use the secure payment link to complete your transaction.,2026-08-31 14:12:04.594513,,,
,100.0,NETWORK_ERROR,0.8452,RETRY,True,High recovery probability and temporary payment failure,Your payment of ₹100.00 could not be completed due to a temporary issue. We will safely retry the payment.,2026-08-31 14:12:04.600628,,,
,100.0,TIMEOUT,0.7119,PAYMENT_LINK,True,Moderate recovery probability; customer-initiated payment preferred,Your payment of ₹100.00 is still pending. Please use the secure payment link to complete your transaction.,2026-08-31 14:12:04.610748,,,
,100.0,INSUFFICIENT_FUNDS,0.5928,PAYMENT_LINK,True,Moderate recovery probability; customer-initiated payment preferred,Your payment of ₹100.00 is still pending. Please use the secure payment link to complete your transaction.,2026-08-31 14:12:04.617077,,,
,100.0,LIMIT_EXCEEDED,0.4466,ESCALATE,False,Low recovery probability; automatic recovery avoided,We couldn't safely complete your payment automatically. Our support team will review the issue.,2026-08-31 14:12:04.623425,,,
,100.0,CARD_EXPIRED,0.7494,PAYMENT_LINK,True,Moderate recovery probability; customer-initiated payment preferred,Your payment of ₹100.00 is still pending. Please use the secure payment link to complete your transaction.,2026-08-31 14:12:04.629528,,,
,100.0,NETWORK_ERROR,0.8864,RETRY,True,High recovery probability and temporary payment failure,Your payment of ₹100.00 could not be completed due to a temporary issue. We will safely retry the payment.,2026-08-31 14:12:04.635504,,,
,100.0,TIMEOUT,0.3657,ESCALATE,False,Low recovery probability; automatic recovery avoided,We couldn't safely complete your payment automatically. Our support team will review the issue.,2026-08-31 14:12:04.641421,,,
,100.0,LIMIT_EXCEEDED,0.4661,ESCALATE,False,Low recovery probability; automatic recovery avoided,We couldn't safely complete your payment automatically. Our support team will review the issue.,2026-08-31 14:12:04.648244,,,
,100.0,NETWORK_ERROR,0.8455,RETRY,True,High recovery probability and temporary payment failure,Your payment of ₹100.00 could not be completed due to a temporary issue. We will safely retry the payment.,2026-08-31 14:12:04.658706,,,
,100.0,BANK_DECLINED,0.4484,ESCALATE,False,Low recovery probability; automatic recovery avoided,We couldn't safely complete your payment automatically. Our support team will review the issue.,2026-08-31 14:12:04.664584,,,
,100.0,TIMEOUT,0.8803,RETRY,True,High recovery probability and temporary payment failure,Your payment of ₹100.00 could not be completed due to a temporary issue. We will safely retry the payment.,2026-08-31 14:12:04.671705,,,
,100.0,NETWORK_ERROR,0.9147,RETRY,True,High recovery probability and temporary payment failure,Your payment of ₹100.00 could not be completed due to a temporary issue. We will safely retry the payment.,2026-08-31 14:12:04.679694,,,
,100.0,INSUFFICIENT_FUNDS,0.4392,ESCALATE,False,Low recovery probability; automatic recovery avoided,We couldn't safely complete your payment automatically. Our support team will review the issue.,2026-08-31 14:12:04.687736,,,
,100.0,UNKNOWN_ERROR,0.1492,ESCALATE,False,Low recovery probability; automatic recovery avoided,We couldn't safely complete your payment automatically. Our support team will review the issue.,2026-08-31 14:12:04.695693,,,
,100.0,UNKNOWN_ERROR,0.3689,ESCALATE,False,Low recovery probability; automatic recovery avoided,We couldn't safely complete your payment automatically. Our support team will review the issue.,2026-08-31 14:12:04.701649,,,
,100.0,NETWORK_ERROR,0.8418,RETRY,True,High recovery probability and temporary payment failure,Your payment of ₹100.00 could not be completed due to a temporary issue. We will safely retry the payment.,2026-08-31 14:12:04.707531,,,
,100.0,NETWORK_ERROR,0.8285,RETRY,True,High recovery probability and temporary payment failure,Your payment of ₹100.00 could not be completed due to a temporary issue. We will safely retry the payment.,2026-08-31 14:12:04.734052,,,
,100.0,NETWORK_ERROR,0.8541,RETRY,True,High recovery probability and temporary payment failure,Your payment of ₹100.00 could not be completed due to a temporary issue. We will safely retry the payment.,2026-08-31 14:12:04.759963,,,
,100.0,INSUFFICIENT_FUNDS,0.652,PAYMENT_LINK,True,Moderate recovery probability; customer-initiated payment preferred,Your payment of ₹100.00 is still pending. Please use the secure payment link to complete your transaction.,2026-08-31 14:12:04.780013,,,
,100.0,TIMEOUT,0.7064,PAYMENT_LINK,True,Moderate recovery probability; customer-initiated payment preferred,Your payment of ₹100.00 is still pending. Please use the secure payment link to complete your transaction.,2026-08-31 14:12:04.800050,,,
,100.0,INSUFFICIENT_FUNDS,0.489,ESCALATE,False,Low recovery probability; automatic recovery avoided,We couldn't safely complete your payment automatically. Our support team will review the issue.,2026-08-31 14:12:04.818009,,,
,100.0,CARD_EXPIRED,0.6529,PAYMENT_LINK,True,Moderate recovery probability; customer-initiated payment preferred,Your payment of ₹100.00 is still pending. Please use the secure payment link to complete your transaction.,2026-08-31 14:12:04.836991,,,
,100.0,TIMEOUT,0.9227,RETRY,True,High recovery probability and temporary payment failure,Your payment of ₹100.00 could not be completed due to a temporary issue. We will safely retry the payment.,2026-08-31 14:12:04.848023,,,
,100.0,TIMEOUT,0.7385,PAYMENT_LINK,True,Moderate recovery probability; customer-initiated payment preferred,Your payment of ₹100.00 is still pending. Please use the secure payment link to complete your transaction.,2026-08-31 14:12:04.856695,,,
,100.0,BANK_DECLINED,0.5052,PAYMENT_LINK,True,Moderate recovery probability; customer-initiated payment preferred,Your payment of ₹100.00 is still pending. Please use the secure payment link to complete your transaction.,2026-08-31 14:12:04.866718,,,
,120.08,TIMEOUT,0.7932,PAYMENT_LINK,True,Moderate recovery probability; customer-initiated payment preferred,Your payment of ₹120.08 is still pending. Please use the secure payment link to complete your transaction.,2026-08-31 14:12:04.878748,,,
,100.0,CARD_EXPIRED,0.7387,PAYMENT_LINK,True,Moderate recovery probability; customer-initiated payment preferred,Your payment of ₹100.00 is still pending. Please use the secure payment link to complete your transaction.,2026-08-31 14:12:04.893369,,,
,100.0,UNKNOWN_ERROR,0.5371,PAYMENT_LINK,True,Moderate recovery probability; customer-initiated payment preferred,Your payment of ₹100.00 is still pending. Please use the secure payment link to complete your transaction.,2026-08-31 14:12:04.900669,,,
,100.0,BANK_DECLINED,0.2232,ESCALATE,False,Low recovery probability; automatic recovery avoided,We couldn't safely complete your payment automatically. Our support team will review the issue.,2026-08-31 14:12:04.908767,,,
,100.0,INSUFFICIENT_FUNDS,0.4068,ESCALATE,False,Low recovery probability; automatic recovery avoided,We couldn't safely complete your payment automatically. Our support team will review the issue.,2026-08-31 14:12:04.916810,,,
,100.0,NETWORK_ERROR,0.668,PAYMENT_LINK,True,Moderate recovery probability; customer-initiated payment preferred,Your payment of ₹100.00 is still pending. Please use the secure payment link to complete your transaction.,2026-08-31 14:12:04.924652,,,
,100.0,INSUFFICIENT_FUNDS,0.5719,PAYMENT_LINK,True,Moderate recovery probability; customer-initiated payment preferred,Your payment of ₹100.00 is still pending. Please use the secure payment link to complete your transaction.,2026-08-31 14:12:04.940986,,,
,100.0,TIMEOUT,0.9638,RETRY,True,High recovery probability and temporary payment failure,Your payment of ₹100.00 could not be completed due to a temporary issue. We will safely retry the payment.,2026-08-31 14:12:04.956980,,,
,100.0,LIMIT_EXCEEDED,0.8687,PAYMENT_LINK,True,Moderate recovery probability; customer-initiated payment preferred,Your payment of ₹100.00 is still pending. Please use the secure payment link to complete your transaction.,2026-08-31 14:12:04.971354,,,
,100.0,INSUFFICIENT_FUNDS,0.4088,ESCALATE,False,Low recovery probability; automatic recovery avoided,We couldn't safely complete your payment automatically. Our support team will review the issue.,2026-08-31 14:12:04.984751,,,
,100.0,BANK_DECLINED,0.5058,PAYMENT_LINK,True,Moderate recovery probability; customer-initiated payment preferred,Your payment of ₹100.00 is still pending. Please use the secure payment link to complete your transaction.,2026-08-31 14:12:04.999393,,,
,100.0,LIMIT_EXCEEDED,0.6574,PAYMENT_LINK,True,Moderate recovery probability; customer-initiated payment preferred,Your payment of ₹100.00 is still pending. Please use the secure payment link to complete your transaction.,2026-08-31 14:12:05.028068,,,
,100.0,INSUFFICIENT_FUNDS,0.2987,ESCALATE,False,Low recovery probability; automatic recovery avoided,We couldn't safely complete your payment automatically. Our support team will review the issue.,2026-08-31 14:12:05.055985,,,
,100.0,TIMEOUT,0.5009,PAYMENT_LINK,True,Moderate recovery probability; customer-initiated payment preferred,Your payment of ₹100.00 is still pending. Please use the secure payment link to complete your transaction.,2026-08-31 14:12:05.091032,,,
,100.0,CARD_EXPIRED,0.8387,UPDATE_CARD,True,Payment method requires customer update,Your saved payment method appears to have expired. Please update your payment details to complete the transaction.,2026-08-31 14:12:05.129815,,,
,100.0,INSUFFICIENT_FUNDS,0.4483,ESCALATE,False,Low recovery probability; automatic recovery avoided,We couldn't safely complete your payment automatically. Our support team will review the issue.,2026-08-31 14:12:05.141850,,,
,100.0,LIMIT_EXCEEDED,0.5848,PAYMENT_LINK,True,Moderate recovery probability; customer-initiated payment preferred,Your payment of ₹100.00 is still pending. Please use the secure payment link to complete your transaction.,2026-08-31 14:12:05.148699,,,
,100.0,UNKNOWN_ERROR,0.2699,ESCALATE,False,Low recovery probability; automatic recovery avoided,We couldn't safely complete your payment automatically. Our support team will review the issue.,2026-08-31 14:12:05.164647,,,
,100.0,TIMEOUT,0.8283,RETRY,True,High recovery probability and temporary payment failure,Your payment of ₹100.00 could not be completed due to a temporary issue. We will safely retry the payment.,2026-08-31 14:12:05.185754,,,
,100.0,NETWORK_ERROR,0.4378,ESCALATE,False,Low recovery probability; automatic recovery avoided,We couldn't safely complete your payment automatically. Our support team will review the issue.,2026-08-31 14:12:05.204411,,,
,100.0,NETWORK_ERROR,0.7028,PAYMENT_LINK,True,Moderate recovery probability; customer-initiated payment preferred,Your payment of ₹100.00 is still pending. Please use the secure payment link to complete your transaction.,2026-08-31 14:12:05.221774,,,
,100.0,NETWORK_ERROR,0.7011,PAYMENT_LINK,True,Moderate recovery probability; customer-initiated payment preferred,Your payment of ₹100.00 is still pending. Please use the secure payment link to complete your transaction.,2026-08-31 14:12:05.251420,,,
,100.0,CARD_EXPIRED,0.8376,UPDATE_CARD,True,Payment method requires customer update,Your saved payment method appears to have expired. Please update your payment details to complete the transaction.,2026-08-31 14:12:05.282609,,,
,100.0,TIMEOUT,0.8328,RETRY,True,High recovery probability and temporary payment failure,Your payment of ₹100.00 could not be completed due to a temporary issue. We will safely retry the payment.,2026-08-31 14:12:05.312502,,,
,100.0,CARD_EXPIRED,0.6118,PAYMENT_LINK,True,Moderate recovery probability; customer-initiated payment preferred,Your payment of ₹100.00 is still pending. Please use the secure payment link to complete your transaction.,2026-08-31 14:12:05.340949,,,
,100.0,LIMIT_EXCEEDED,0.4589,ESCALATE,False,Low recovery probability; automatic recovery avoided,We couldn't safely complete your payment automatically. Our support team will review the issue.,2026-08-31 14:12:05.355456,,,
,100.0,CARD_EXPIRED,0.7322,PAYMENT_LINK,True,Moderate recovery probability; customer-initiated payment preferred,Your payment of ₹100.00 is still pending. Please use the secure payment link to complete your transaction.,2026-08-31 14:12:05.372815,,,
,100.0,CARD_EXPIRED,0.5994,PAYMENT_LINK,True,Moderate recovery probability; customer-initiated payment preferred,Your payment of ₹100.00 is still pending. Please use the secure payment link to complete your transaction.,2026-08-31 14:12:05.394067,,,
,100.0,BANK_DECLINED,0.6304,PAYMENT_LINK,True,Moderate recovery probability; customer-initiated payment preferred,Your payment of ₹100.00 is still pending. Please use the secure payment link to complete your transaction.,2026-08-31 14:12:05.411917,,,
,100.0,UNKNOWN_ERROR,0.3152,ESCALATE,False,Low recovery probability; automatic recovery avoided,We couldn't safely complete your payment automatically. Our support team will review the issue.,2026-08-31 14:12:05.424762,,,
,100.0,INSUFFICIENT_FUNDS,0.6374,PAYMENT_LINK,True,Moderate recovery probability; customer-initiated payment preferred,Your payment of ₹100.00 is still pending. Please use the secure payment link to complete your transaction.,2026-08-31 14:12:05.441365,,,
,100.0,BANK_DECLINED,0.5631,PAYMENT_LINK,True,Moderate recovery probability; customer-initiated payment preferred,Your payment of ₹100.00 is still pending. Please use the secure payment link to complete your transaction.,2026-08-31 14:12:05.454608,,,
,100.0,LIMIT_EXCEEDED,0.2574,ESCALATE,False,Low recovery probability; automatic recovery avoided,We couldn't safely complete your payment automatically. Our support team will review the issue.,2026-08-31 14:12:05.468400,,,
,158.17,CARD_EXPIRED,0.8904,UPDATE_CARD,True,Payment method requires customer update,Your saved payment method appears to have expired. Please update your payment details to complete the transaction.,2026-08-31 14:12:05.475580,,,
,100.0,NETWORK_ERROR,0.8146,RETRY,True,High recovery probability and temporary payment failure,Your payment of ₹100.00 could not be completed due to a temporary issue. We will safely retry the payment.,2026-08-31 14:12:05.484748,,,
,100.0,BANK_DECLINED,0.4441,ESCALATE,False,Low recovery probability; automatic recovery avoided,We couldn't safely complete your payment automatically. Our support team will review the issue.,2026-08-31 14:12:05.490636,,,
,100.0,UNKNOWN_ERROR,0.7437,PAYMENT_LINK,True,Moderate recovery probability; customer-initiated payment preferred,Your payment of ₹100.00 is still pending. Please use the secure payment link to complete your transaction.,2026-08-31 14:12:05.496506,,,
,100.0,INSUFFICIENT_FUNDS,0.7999,PAYMENT_LINK,True,Moderate recovery probability; customer-initiated payment preferred,Your payment of ₹100.00 is still pending. Please use the secure payment link to complete your transaction.,2026-08-31 14:12:05.507095,,,
,465.56,UNKNOWN_ERROR,0.2099,ESCALATE,False,Low recovery probability; automatic recovery avoided,We couldn't safely complete your payment automatically. Our support team will review the issue.,2026-08-31 14:12:05.513217,,,
,100.0,NETWORK_ERROR,0.9597,RETRY,True,High recovery probability and temporary payment failure,Your payment of ₹100.00 could not be completed due to a temporary issue. We will safely retry the payment.,2026-08-31 14:12:05.519178,,,
,100.0,TIMEOUT,0.6009,PAYMENT_LINK,True,Moderate recovery probability; customer-initiated payment preferred,Your payment of ₹100.00 is still pending. Please use the secure payment link to complete your transaction.,2026-08-31 14:12:05.528749,,,
,210.36,NETWORK_ERROR,0.8978,RETRY,True,High recovery probability and temporary payment failure,Your payment of ₹210.36 could not be completed due to a temporary issue. We will safely retry the payment.,2026-08-31 14:12:05.536680,,,
,100.0,LIMIT_EXCEEDED,0.7416,PAYMENT_LINK,True,Moderate recovery probability; customer-initiated payment preferred,Your payment of ₹100.00 is still pending. Please use the secure payment link to complete your transaction.,2026-08-31 14:12:05.544681,,,
,100.0,INSUFFICIENT_FUNDS,0.672,PAYMENT_LINK,True,Moderate recovery probability; customer-initiated payment preferred,Your payment of ₹100.00 is still pending. Please use the secure payment link to complete your transaction.,2026-08-31 14:12:05.552698,,,
,100.0,LIMIT_EXCEEDED,0.4483,ESCALATE,False,Low recovery probability; automatic recovery avoided,We couldn't safely complete your payment automatically. Our support team will review the issue.,2026-08-31 14:12:05.568926,,,
,100.0,CARD_EXPIRED,0.8648,UPDATE_CARD,True,Payment method requires customer update,Your saved payment method appears to have expired. Please update your payment details to complete the transaction.,2026-08-31 14:12:05.591999,,,
,100.0,NETWORK_ERROR,0.6877,PAYMENT_LINK,True,Moderate recovery probability; customer-initiated payment preferred,Your payment of ₹100.00 is still pending. Please use the secure payment link to complete your transaction.,2026-08-31 14:12:05.607381,,,
,100.0,NETWORK_ERROR,0.8647,RETRY,True,High recovery probability and temporary payment failure,Your payment of ₹100.00 could not be completed due to a temporary issue. We will safely retry the payment.,2026-08-31 14:12:05.628229,,,
,100.0,CARD_EXPIRED,0.8711,UPDATE_CARD,True,Payment method requires customer update,Your saved payment method appears to have expired. Please update your payment details to complete the transaction.,2026-08-31 14:12:05.655025,,,
,100.0,NETWORK_ERROR,0.4271,ESCALATE,False,Low recovery probability; automatic recovery avoided,We couldn't safely complete your payment automatically. Our support team will review the issue.,2026-08-31 14:12:05.677803,,,
,100.0,BANK_DECLINED,0.4609,ESCALATE,False,Low recovery probability; automatic recovery avoided,We couldn't safely complete your payment automatically. Our support team will review the issue.,2026-08-31 14:12:05.698932,,,
,100.0,CARD_EXPIRED,0.6596,PAYMENT_LINK,True,Moderate recovery probability; customer-initiated payment preferred,Your payment of ₹100.00 is still pending. Please use the secure payment link to complete your transaction.,2026-08-31 14:12:05.715860,,,
,100.0,NETWORK_ERROR,0.813,RETRY,True,High recovery probability and temporary payment failure,Your payment of ₹100.00 could not be completed due to a temporary issue. We will safely retry the payment.,2026-08-31 14:12:05.745867,,,
,200.3,INSUFFICIENT_FUNDS,0.5561,PAYMENT_LINK,True,Moderate recovery probability; customer-initiated payment preferred,Your payment of ₹200.30 is still pending. Please use the secure payment link to complete your transaction.,2026-08-31 14:12:05.777202,,,
,100.0,TIMEOUT,0.6495,PAYMENT_LINK,True,Moderate recovery probability; customer-initiated payment preferred,Your payment of ₹100.00 is still pending. Please use the secure payment link to complete your transaction.,2026-08-31 14:12:05.787968,,,
,100.0,NETWORK_ERROR,0.8674,RETRY,True,High recovery probability and temporary payment failure,Your payment of ₹100.00 could not be completed due to a temporary issue. We will safely retry the payment.,2026-08-31 14:12:05.794588,,,
,100.0,INSUFFICIENT_FUNDS,0.4584,ESCALATE,False,Low recovery probability; automatic recovery avoided,We couldn't safely complete your payment automatically. Our support team will review the issue.,2026-08-31 14:12:05.801622,,,
,100.0,NETWORK_ERROR,0.8861,RETRY,True,High recovery probability and temporary payment failure,Your payment of ₹100.00 could not be completed due to a temporary issue. We will safely retry the payment.,2026-08-31 14:12:05.810408,,,
,100.0,BANK_DECLINED,0.2468,ESCALATE,False,Low recovery probability; automatic recovery avoided,We couldn't safely complete your payment automatically. Our support team will review the issue.,2026-08-31 14:12:05.818189,,,
,100.0,LIMIT_EXCEEDED,0.4687,ESCALATE,False,Low recovery probability; automatic recovery avoided,We couldn't safely complete your payment automatically. Our support team will review the issue.,2026-08-31 14:12:05.826817,,,
,100.0,INSUFFICIENT_FUNDS,0.5462,PAYMENT_LINK,True,Moderate recovery probability; customer-initiated payment preferred,Your payment of ₹100.00 is still pending. Please use the secure payment link to complete your transaction.,2026-08-31 14:12:05.842876,,,
,100.0,TIMEOUT,0.7664,PAYMENT_LINK,True,Moderate recovery probability; customer-initiated payment preferred,Your payment of ₹100.00 is still pending. Please use the secure payment link to complete your transaction.,2026-08-31 14:12:05.860842,,,
,100.0,CARD_EXPIRED,0.8646,UPDATE_CARD,True,Payment method requires customer update,Your saved payment method appears to have expired. Please update your payment details to complete the transaction.,2026-08-31 14:12:05.880966,,,
,100.0,NETWORK_ERROR,0.9806,RETRY,True,High recovery probability and temporary payment failure,Your payment of ₹100.00 could not be completed due to a temporary issue. We will safely retry the payment.,2026-08-31 14:12:05.896836,,,
,100.0,INSUFFICIENT_FUNDS,0.3616,ESCALATE,False,Low recovery probability; automatic recovery avoided,We couldn't safely complete your payment automatically. Our support team will review the issue.,2026-08-31 14:12:05.916841,,,
,100.0,BANK_DECLINED,0.3759,ESCALATE,False,Low recovery probability; automatic recovery avoided,We couldn't safely complete your payment automatically. Our support team will review the issue.,2026-08-31 14:12:05.934871,,,
,100.0,BANK_DECLINED,0.4558,ESCALATE,False,Low recovery probability; automatic recovery avoided,We couldn't safely complete your payment automatically. Our support team will review the issue.,2026-08-31 14:12:05.952851,,,
,100.0,INSUFFICIENT_FUNDS,0.4125,ESCALATE,False,Low recovery probability; automatic recovery avoided,We couldn't safely complete your payment automatically. Our support team will review the issue.,2026-08-31 14:12:05.972912,,,
,100.0,NETWORK_ERROR,0.8215,RETRY,True,High recovery probability and temporary payment failure,Your payment of ₹100.00 could not be completed due to a temporary issue. We will safely retry the payment.,2026-08-31 14:12:05.988844,,,
,100.0,NETWORK_ERROR,0.4746,ESCALATE,False,Low recovery probability; automatic recovery avoided,We couldn't safely complete your payment automatically. Our support team will review the issue.,2026-08-31 14:12:06.008900,,,
,100.0,INSUFFICIENT_FUNDS,0.3793,ESCALATE,False,Low recovery probability; automatic recovery avoided,We couldn't safely complete your payment automatically. Our support team will review the issue.,2026-08-31 14:12:06.027856,,,
,100.0,NETWORK_ERROR,0.7929,PAYMENT_LINK,True,Moderate recovery probability; customer-initiated payment preferred,Your payment of ₹100.00 is still pending. Please use the secure payment link to complete your transaction.,2026-08-31 14:12:06.046855,,,
,100.0,INSUFFICIENT_FUNDS,0.8248,REMINDER,True,Customer has high recovery likelihood; reminder is safer than repeated retry,Your payment of ₹100.00 could not be completed. Please try again when convenient.,2026-08-31 14:12:06.068893,,,
,100.0,INSUFFICIENT_FUNDS,0.4468,ESCALATE,False,Low recovery probability; automatic recovery avoided,We couldn't safely complete your payment automatically. Our support team will review the issue.,2026-08-31 14:12:06.082966,,,
,100.0,CARD_EXPIRED,0.3209,ESCALATE,False,Low recovery probability; automatic recovery avoided,We couldn't safely complete your payment automatically. Our support team will review the issue.,2026-08-31 14:12:06.102872,,,
,100.0,NETWORK_ERROR,0.896,RETRY,True,High recovery probability and temporary payment failure,Your payment of ₹100.00 could not be completed due to a temporary issue. We will safely retry the payment.,2026-08-31 14:12:06.116833,,,
,100.0,INSUFFICIENT_FUNDS,0.9671,REMINDER,True,Customer has high recovery likelihood; reminder is safer than repeated retry,Your payment of ₹100.00 could not be completed. Please try again when convenient.,2026-08-31 14:12:06.136915,,,
,100.0,NETWORK_ERROR,0.7899,PAYMENT_LINK,True,Moderate recovery probability; customer-initiated payment preferred,Your payment of ₹100.00 is still pending. Please use the secure payment link to complete your transaction.,2026-08-31 14:12:06.160948,,,
,100.0,BANK_DECLINED,0.3338,ESCALATE,False,Low recovery probability; automatic recovery avoided,We couldn't safely complete your payment automatically. Our support team will review the issue.,2026-08-31 14:12:06.180865,,,
,100.0,CARD_EXPIRED,0.696,PAYMENT_LINK,True,Moderate recovery probability; customer-initiated payment preferred,Your payment of ₹100.00 is still pending. Please use the secure payment link to complete your transaction.,2026-08-31 14:12:06.196837,,,
,100.0,LIMIT_EXCEEDED,0.1712,ESCALATE,False,Low recovery probability; automatic recovery avoided,We couldn't safely complete your payment automatically. Our support team will review the issue.,2026-08-31 14:12:06.216858,,,
,100.0,CARD_EXPIRED,0.8083,UPDATE_CARD,True,Payment method requires customer update,Your saved payment method appears to have expired. Please update your payment details to complete the transaction.,2026-08-31 14:12:06.234766,,,
,100.0,CARD_EXPIRED,0.6509,PAYMENT_LINK,True,Moderate recovery probability; customer-initiated payment preferred,Your payment of ₹100.00 is still pending. Please use the secure payment link to complete your transaction.,2026-08-31 14:12:06.242918,,,
,100.0,BANK_DECLINED,0.2526,ESCALATE,False,Low recovery probability; automatic recovery avoided,We couldn't safely complete your payment automatically. Our support team will review the issue.,2026-08-31 14:12:06.249447,,,
,100.0,TIMEOUT,0.6932,PAYMENT_LINK,True,Moderate recovery probability; customer-initiated payment preferred,Your payment of ₹100.00 is still pending. Please use the secure payment link to complete your transaction.,2026-08-31 14:12:06.260949,,,
,100.0,INSUFFICIENT_FUNDS,0.7491,PAYMENT_LINK,True,Moderate recovery probability; customer-initiated payment preferred,Your payment of ₹100.00 is still pending. Please use the secure payment link to complete your transaction.,2026-08-31 14:12:06.267764,,,
,100.0,BANK_DECLINED,0.5053,PAYMENT_LINK,True,Moderate recovery probability; customer-initiated payment preferred,Your payment of ₹100.00 is still pending. Please use the secure payment link to complete your transaction.,2026-08-31 14:12:06.279198,,,
,100.0,BANK_DECLINED,0.6267,PAYMENT_LINK,True,Moderate recovery probability; customer-initiated payment preferred,Your payment of ₹100.00 is still pending. Please use the secure payment link to complete your transaction.,2026-08-31 14:12:06.286321,,,
,100.0,LIMIT_EXCEEDED,0.4932,ESCALATE,False,Low recovery probability; automatic recovery avoided,We couldn't safely complete your payment automatically. Our support team will review the issue.,2026-08-31 14:12:06.293637,,,
,100.0,LIMIT_EXCEEDED,0.2175,ESCALATE,False,Low recovery probability; automatic recovery avoided,We couldn't safely complete your payment automatically. Our support team will review the issue.,2026-08-31 14:12:06.301669,,,
,100.0,NETWORK_ERROR,0.882,RETRY,True,High recovery probability and temporary payment failure,Your payment of ₹100.00 could not be completed due to a temporary issue. We will safely retry the payment.,2026-08-31 14:12:06.308649,,,
,100.0,BANK_DECLINED,0.381,ESCALATE,False,Low recovery probability; automatic recovery avoided,We couldn't safely complete your payment automatically. Our support team will review the issue.,2026-08-31 14:12:06.316653,,,
,100.0,LIMIT_EXCEEDED,0.3115,ESCALATE,False,Low recovery probability; automatic recovery avoided,We couldn't safely complete your payment automatically. Our support team will review the issue.,2026-08-31 14:12:06.323523,,,
,100.0,NETWORK_ERROR,0.2729,ESCALATE,False,Low recovery probability; automatic recovery avoided,We couldn't safely complete your payment automatically. Our support team will review the issue.,2026-08-31 14:12:06.330629,,,
,100.0,TIMEOUT,0.4867,ESCALATE,False,Low recovery probability; automatic recovery avoided,We couldn't safely complete your payment automatically. Our support team will review the issue.,2026-08-31 14:12:06.336288,,,
,100.0,INSUFFICIENT_FUNDS,0.5759,PAYMENT_LINK,True,Moderate recovery probability; customer-initiated payment preferred,Your payment of ₹100.00 is still pending. Please use the secure payment link to complete your transaction.,2026-08-31 14:12:06.342602,,,
,100.0,CARD_EXPIRED,0.867,UPDATE_CARD,True,Payment method requires customer update,Your saved payment method appears to have expired. Please update your payment details to complete the transaction.,2026-08-31 14:12:06.348056,,,
,100.0,TIMEOUT,0.6971,PAYMENT_LINK,True,Moderate recovery probability; customer-initiated payment preferred,Your payment of ₹100.00 is still pending. Please use the secure payment link to complete your transaction.,2026-08-31 14:12:06.354600,,,
,100.0,CARD_EXPIRED,0.5102,PAYMENT_LINK,True,Moderate recovery probability; customer-initiated payment preferred,Your payment of ₹100.00 is still pending. Please use the secure payment link to complete your transaction.,2026-08-31 14:12:06.360106,,,
,100.0,CARD_EXPIRED,0.7788,PAYMENT_LINK,True,Moderate recovery probability; customer-initiated payment preferred,Your payment of ₹100.00 is still pending. Please use the secure payment link to complete your transaction.,2026-08-31 14:12:06.366591,,,
,100.0,BANK_DECLINED,0.3838,ESCALATE,False,Low recovery probability; automatic recovery avoided,We couldn't safely complete your payment automatically. Our support team will review the issue.,2026-08-31 14:12:06.372117,,,
,100.0,NETWORK_ERROR,0.7713,PAYMENT_LINK,True,Moderate recovery probability; customer-initiated payment preferred,Your payment of ₹100.00 is still pending. Please use the secure payment link to complete your transaction.,2026-08-31 14:12:06.377752,,,
,100.0,LIMIT_EXCEEDED,0.7304,PAYMENT_LINK,True,Moderate recovery probability; customer-initiated payment preferred,Your payment of ₹100.00 is still pending. Please use the secure payment link to complete your transaction.,2026-08-31 14:12:06.384623,,,
,100.0,BANK_DECLINED,0.4264,ESCALATE,False,Low recovery probability; automatic recovery avoided,We couldn't safely complete your payment automatically. Our support team will review the issue.,2026-08-31 14:12:06.390579,,,
,100.0,CARD_EXPIRED,0.6964,PAYMENT_LINK,True,Moderate recovery probability; customer-initiated payment preferred,Your payment of ₹100.00 is still pending. Please use the secure payment link to complete your transaction.,2026-08-31 14:12:06.396586,,,
,100.0,UNKNOWN_ERROR,0.9242,PAYMENT_LINK,True,Moderate recovery probability; customer-initiated payment preferred,Your payment of ₹100.00 is still pending. Please use the secure payment link to complete your transaction.,2026-08-31 14:12:06.402249,,,
,100.0,BANK_DECLINED,0.6546,PAYMENT_LINK,True,Moderate recovery probability; customer-initiated payment preferred,Your payment of ₹100.00 is still pending. Please use the secure payment link to complete your transaction.,2026-08-31 14:12:06.416845,,,
,100.0,INSUFFICIENT_FUNDS,0.5243,PAYMENT_LINK,True,Moderate recovery probability; customer-initiated payment preferred,Your payment of ₹100.00 is still pending. Please use the secure payment link to complete your transaction.,2026-08-31 14:12:06.432822,,,
,100.0,CARD_EXPIRED,0.9772,UPDATE_CARD,True,Payment method requires customer update,Your saved payment method appears to have expired. Please update your payment details to complete the transaction.,2026-08-31 14:12:06.451859,,,
,100.0,BANK_DECLINED,0.2738,ESCALATE,False,Low recovery probability; automatic recovery avoided,We couldn't safely complete your payment automatically. Our support team will review the issue.,2026-08-31 14:12:06.466805,,,
,100.0,NETWORK_ERROR,0.5895,PAYMENT_LINK,True,Moderate recovery probability; customer-initiated payment preferred,Your payment of ₹100.00 is still pending. Please use the secure payment link to complete your transaction.,2026-08-31 14:12:06.486858,,,
,100.0,NETWORK_ERROR,0.8764,RETRY,True,High recovery probability and temporary payment failure,Your payment of ₹100.00 could not be completed due to a temporary issue. We will safely retry the payment.,2026-08-31 14:12:06.501857,,,
,100.0,INSUFFICIENT_FUNDS,0.6661,PAYMENT_LINK,True,Moderate recovery probability; customer-initiated payment preferred,Your payment of ₹100.00 is still pending. Please use the secure payment link to complete your transaction.,2026-08-31 14:12:06.521834,,,
,100.0,LIMIT_EXCEEDED,0.5178,PAYMENT_LINK,True,Moderate recovery probability; customer-initiated payment preferred,Your payment of ₹100.00 is still pending. Please use the secure payment link to complete your transaction.,2026-08-31 14:12:06.539859,,,
,100.0,TIMEOUT,0.6727,PAYMENT_LINK,True,Moderate recovery probability; customer-initiated payment preferred,Your payment of ₹100.00 is still pending. Please use the secure payment link to complete your transaction.,2026-08-31 14:12:06.559932,,,
,206.86,TIMEOUT,0.7504,PAYMENT_LINK,True,Moderate recovery probability; customer-initiated payment preferred,Your payment of ₹206.86 is still pending. Please use the secure payment link to complete your transaction.,2026-08-31 14:12:06.577836,,,
,100.0,NETWORK_ERROR,0.9885,RETRY,True,High recovery probability and temporary payment failure,Your payment of ₹100.00 could not be completed due to a temporary issue. We will safely retry the payment.,2026-08-31 14:12:06.597834,,,
,100.0,BANK_DECLINED,0.3164,ESCALATE,False,Low recovery probability; automatic recovery avoided,We couldn't safely complete your payment automatically. Our support team will review the issue.,2026-08-31 14:12:06.613835,,,
,100.0,UNKNOWN_ERROR,0.2784,ESCALATE,False,Low recovery probability; automatic recovery avoided,We couldn't safely complete your payment automatically. Our support team will review the issue.,2026-08-31 14:12:06.633843,,,
,100.0,CARD_EXPIRED,0.5407,PAYMENT_LINK,True,Moderate recovery probability; customer-initiated payment preferred,Your payment of ₹100.00 is still pending. Please use the secure payment link to complete your transaction.,2026-08-31 14:12:06.651855,,,
,100.0,CARD_EXPIRED,0.8525,UPDATE_CARD,True,Payment method requires customer update,Your saved payment method appears to have expired. Please update your payment details to complete the transaction.,2026-08-31 14:12:06.671876,,,
,100.0,NETWORK_ERROR,0.6515,PAYMENT_LINK,True,Moderate recovery probability; customer-initiated payment preferred,Your payment of ₹100.00 is still pending. Please use the secure payment link to complete your transaction.,2026-08-31 14:12:06.689942,,,
,102.48,CARD_EXPIRED,0.6237,PAYMENT_LINK,True,Moderate recovery probability; customer-initiated payment preferred,Your payment of ₹102.48 is still pending. Please use the secure payment link to complete your transaction.,2026-08-31 14:12:06.709867,,,
,100.0,LIMIT_EXCEEDED,0.4323,ESCALATE,False,Low recovery probability; automatic recovery avoided,We couldn't safely complete your payment automatically. Our support team will review the issue.,2026-08-31 14:12:06.727877,,,
,100.0,CARD_EXPIRED,0.4125,ESCALATE,False,Low recovery probability; automatic recovery avoided,We couldn't safely complete your payment automatically. Our support team will review the issue.,2026-08-31 14:12:06.744960,,,
,100.0,INSUFFICIENT_FUNDS,0.5042,PAYMENT_LINK,True,Moderate recovery probability; customer-initiated payment preferred,Your payment of ₹100.00 is still pending. Please use the secure payment link to complete your transaction.,2026-08-31 14:12:06.761976,,,
,100.0,NETWORK_ERROR,0.8006,RETRY,True,High recovery probability and temporary payment failure,Your payment of ₹100.00 could not be completed due to a temporary issue. We will safely retry the payment.,2026-08-31 14:12:06.781864,,,
,100.0,TIMEOUT,0.7105,PAYMENT_LINK,True,Moderate recovery probability; customer-initiated payment preferred,Your payment of ₹100.00 is still pending. Please use the secure payment link to complete your transaction.,2026-08-31 14:12:06.799865,,,
,100.0,TIMEOUT,0.7825,PAYMENT_LINK,True,Moderate recovery probability; customer-initiated payment preferred,Your payment of ₹100.00 is still pending. Please use the secure payment link to complete your transaction.,2026-08-31 14:12:06.817016,,,
,100.0,CARD_EXPIRED,0.7667,PAYMENT_LINK,True,Moderate recovery probability; customer-initiated payment preferred,Your payment of ₹100.00 is still pending. Please use the secure payment link to complete your transaction.,2026-08-31 14:12:06.836854,,,
,100.0,TIMEOUT,0.7749,PAYMENT_LINK,True,Moderate recovery probability; customer-initiated payment preferred,Your payment of ₹100.00 is still pending. Please use the secure payment link to complete your transaction.,2026-08-31 14:12:06.854906,,,
,100.0,CARD_EXPIRED,0.6174,PAYMENT_LINK,True,Moderate recovery probability; customer-initiated payment preferred,Your payment of ₹100.00 is still pending. Please use the secure payment link to complete your transaction.,2026-08-31 14:12:06.875625,,,
,100.0,INSUFFICIENT_FUNDS,0.8132,REMINDER,True,Customer has high recovery likelihood; reminder is safer than repeated retry,Your payment of ₹100.00 could not be completed. Please try again when convenient.,2026-08-31 14:12:06.894938,,,
,100.0,NETWORK_ERROR,0.6839,PAYMENT_LINK,True,Moderate recovery probability; customer-initiated payment preferred,Your payment of ₹100.00 is still pending. Please use the secure payment link to complete your transaction.,2026-08-31 14:12:06.912950,,,
,100.0,TIMEOUT,0.6896,PAYMENT_LINK,True,Moderate recovery probability; customer-initiated payment preferred,Your payment of ₹100.00 is still pending. Please use the secure payment link to complete your transaction.,2026-08-31 14:12:06.932859,,,
,100.0,CARD_EXPIRED,0.2859,ESCALATE,False,Low recovery probability; automatic recovery avoided,We couldn't safely complete your payment automatically. Our support team will review the issue.,2026-08-31 14:12:06.948832,,,
,100.0,LIMIT_EXCEEDED,0.3612,ESCALATE,False,Low recovery probability; automatic recovery avoided,We couldn't safely complete your payment automatically. Our support team will review the issue.,2026-08-31 14:12:06.968858,,,
,100.0,NETWORK_ERROR,0.7291,PAYMENT_LINK,True,Moderate recovery probability; customer-initiated payment preferred,Your payment of ₹100.00 is still pending. Please use the secure payment link to complete your transaction.,2026-08-31 14:12:06.982798,,,
,100.0,UNKNOWN_ERROR,0.439,ESCALATE,False,Low recovery probability; automatic recovery avoided,We couldn't safely complete your payment automatically. Our support team will review the issue.,2026-08-31 14:12:07.003193,,,
,100.0,NETWORK_ERROR,0.8058,RETRY,True,High recovery probability and temporary payment failure,Your payment of ₹100.00 could not be completed due to a temporary issue. We will safely retry the payment.,2026-08-31 14:12:07.018962,,,
,100.0,INSUFFICIENT_FUNDS,0.703,PAYMENT_LINK,True,Moderate recovery probability; customer-initiated payment preferred,Your payment of ₹100.00 is still pending. Please use the secure payment link to complete your transaction.,2026-08-31 14:12:07.042011,,,
,100.0,CARD_EXPIRED,0.8418,UPDATE_CARD,True,Payment method requires customer update,Your saved payment method appears to have expired. Please update your payment details to complete the transaction.,2026-08-31 14:12:07.051644,,,
,100.0,BANK_DECLINED,0.5411,PAYMENT_LINK,True,Moderate recovery probability; customer-initiated payment preferred,Your payment of ₹100.00 is still pending. Please use the secure payment link to complete your transaction.,2026-08-31 14:12:07.057205,,,
,100.0,TIMEOUT,0.6887,PAYMENT_LINK,True,Moderate recovery probability; customer-initiated payment preferred,Your payment of ₹100.00 is still pending. Please use the secure payment link to complete your transaction.,2026-08-31 14:12:07.063684,,,
,100.0,BANK_DECLINED,0.5346,PAYMENT_LINK,True,Moderate recovery probability; customer-initiated payment preferred,Your payment of ₹100.00 is still pending. Please use the secure payment link to complete your transaction.,2026-08-31 14:12:07.071715,,,
,100.0,INSUFFICIENT_FUNDS,0.5599,PAYMENT_LINK,True,Moderate recovery probability; customer-initiated payment preferred,Your payment of ₹100.00 is still pending. Please use the secure payment link to complete your transaction.,2026-08-31 14:12:07.077686,,,
,100.0,BANK_DECLINED,0.5112,PAYMENT_LINK,True,Moderate recovery probability; customer-initiated payment preferred,Your payment of ₹100.00 is still pending. Please use the secure payment link to complete your transaction.,2026-08-31 14:12:07.083128,,,
,100.0,TIMEOUT,0.3337,ESCALATE,False,Low recovery probability; automatic recovery avoided,We couldn't safely complete your payment automatically. Our support team will review the issue.,2026-08-31 14:12:07.090843,,,
,100.0,NETWORK_ERROR,0.8172,RETRY,True,High recovery probability and temporary payment failure,Your payment of ₹100.00 could not be completed due to a temporary issue. We will safely retry the payment.,2026-08-31 14:12:07.097639,,,
,100.0,NETWORK_ERROR,0.4378,ESCALATE,False,Low recovery probability; automatic recovery avoided,We couldn't safely complete your payment automatically. Our support team will review the issue.,2026-08-31 14:12:07.105083,,,
,100.0,CARD_EXPIRED,0.9024,UPDATE_CARD,True,Payment method requires customer update,Your saved payment method appears to have expired. Please update your payment details to complete the transaction.,2026-08-31 14:12:07.115847,,,
,100.0,INSUFFICIENT_FUNDS,0.7491,PAYMENT_LINK,True,Moderate recovery probability; customer-initiated payment preferred,Your payment of ₹100.00 is still pending. Please use the secure payment link to complete your transaction.,2026-08-31 14:12:07.127639,,,
,100.0,INSUFFICIENT_FUNDS,0.8537,REMINDER,True,Customer has high recovery likelihood; reminder is safer than repeated retry,Your payment of ₹100.00 could not be completed. Please try again when convenient.,2026-08-31 14:12:07.133584,,,
,100.0,LIMIT_EXCEEDED,0.2228,ESCALATE,False,Low recovery probability; automatic recovery avoided,We couldn't safely complete your payment automatically. Our support team will review the issue.,2026-08-31 14:12:07.139352,,,
,100.0,CARD_EXPIRED,0.8591,UPDATE_CARD,True,Payment method requires customer update,Your saved payment method appears to have expired. Please update your payment details to complete the transaction.,2026-08-31 14:12:07.145220,,,
,100.0,LIMIT_EXCEEDED,0.486,ESCALATE,False,Low recovery probability; automatic recovery avoided,We couldn't safely complete your payment automatically. Our support team will review the issue.,2026-08-31 14:12:07.151106,,,
,100.0,NETWORK_ERROR,0.5013,PAYMENT_LINK,True,Moderate recovery probability; customer-initiated payment preferred,Your payment of ₹100.00 is still pending. Please use the secure payment link to complete your transaction.,2026-08-31 14:12:07.159738,,,
,100.0,CARD_EXPIRED,0.6617,PAYMENT_LINK,True,Moderate recovery probability; customer-initiated payment preferred,Your payment of ₹100.00 is still pending. Please use the secure payment link to complete your transaction.,2026-08-31 14:12:07.169784,,,
,100.0,BANK_DECLINED,0.5181,PAYMENT_LINK,True,Moderate recovery probability; customer-initiated payment preferred,Your payment of ₹100.00 is still pending. Please use the secure payment link to complete your transaction.,2026-08-31 14:12:07.176000,,,
,100.0,LIMIT_EXCEEDED,0.3523,ESCALATE,False,Low recovery probability; automatic recovery avoided,We couldn't safely complete your payment automatically. Our support team will review the issue.,2026-08-31 14:12:07.181878,,,
,100.0,NETWORK_ERROR,0.7515,PAYMENT_LINK,True,Moderate recovery probability; customer-initiated payment preferred,Your payment of ₹100.00 is still pending. Please use the secure payment link to complete your transaction.,2026-08-31 14:12:07.187742,,,
,100.0,INSUFFICIENT_FUNDS,0.5439,PAYMENT_LINK,True,Moderate recovery probability; customer-initiated payment preferred,Your payment of ₹100.00 is still pending. Please use the secure payment link to complete your transaction.,2026-08-31 14:12:07.201853,,,
,100.0,TIMEOUT,0.7847,PAYMENT_LINK,True,Moderate recovery probability; customer-initiated payment preferred,Your payment of ₹100.00 is still pending. Please use the secure payment link to complete your transaction.,2026-08-31 14:12:07.219850,,,
,100.0,CARD_EXPIRED,0.7212,PAYMENT_LINK,True,Moderate recovery probability; customer-initiated payment preferred,Your payment of ₹100.00 is still pending. Please use the secure payment link to complete your transaction.,2026-08-31 14:12:07.237854,,,
,100.0,LIMIT_EXCEEDED,0.5344,PAYMENT_LINK,True,Moderate recovery probability; customer-initiated payment preferred,Your payment of ₹100.00 is still pending. Please use the secure payment link to complete your transaction.,2026-08-31 14:12:07.256094,,,
,100.0,UNKNOWN_ERROR,0.3399,ESCALATE,False,Low recovery probability; automatic recovery avoided,We couldn't safely complete your payment automatically. Our support team will review the issue.,2026-08-31 14:12:07.272862,,,
,100.0,BANK_DECLINED,0.7252,PAYMENT_LINK,True,Moderate recovery probability; customer-initiated payment preferred,Your payment of ₹100.00 is still pending. Please use the secure payment link to complete your transaction.,2026-08-31 14:12:07.290513,,,
,100.0,NETWORK_ERROR,0.8026,RETRY,True,High recovery probability and temporary payment failure,Your payment of ₹100.00 could not be completed due to a temporary issue. We will safely retry the payment.,2026-08-31 14:12:07.304686,,,
,100.0,BANK_DECLINED,0.5365,PAYMENT_LINK,True,Moderate recovery probability; customer-initiated payment preferred,Your payment of ₹100.00 is still pending. Please use the secure payment link to complete your transaction.,2026-08-31 14:12:07.310570,,,
,100.0,BANK_DECLINED,0.4787,ESCALATE,False,Low recovery probability; automatic recovery avoided,We couldn't safely complete your payment automatically. Our support team will review the issue.,2026-08-31 14:12:07.316610,,,
,100.0,INSUFFICIENT_FUNDS,0.2815,ESCALATE,False,Low recovery probability; automatic recovery avoided,We couldn't safely complete your payment automatically. Our support team will review the issue.,2026-08-31 14:12:07.328124,,,
,100.0,NETWORK_ERROR,0.7759,PAYMENT_LINK,True,Moderate recovery probability; customer-initiated payment preferred,Your payment of ₹100.00 is still pending. Please use the secure payment link to complete your transaction.,2026-08-31 14:12:07.336760,,,
,100.0,UNKNOWN_ERROR,0.2862,ESCALATE,False,Low recovery probability; automatic recovery avoided,We couldn't safely complete your payment automatically. Our support team will review the issue.,2026-08-31 14:12:07.342514,,,
,100.0,TIMEOUT,0.7524,PAYMENT_LINK,True,Moderate recovery probability; customer-initiated payment preferred,Your payment of ₹100.00 is still pending. Please use the secure payment link to complete your transaction.,2026-08-31 14:12:07.348689,,,
,100.0,NETWORK_ERROR,0.8266,RETRY,True,High recovery probability and temporary payment failure,Your payment of ₹100.00 could not be completed due to a temporary issue. We will safely retry the payment.,2026-08-31 14:12:07.354585,,,
,100.0,CARD_EXPIRED,0.729,PAYMENT_LINK,True,Moderate recovery probability; customer-initiated payment preferred,Your payment of ₹100.00 is still pending. Please use the secure payment link to complete your transaction.,2026-08-31 14:12:07.363694,,,
,100.0,LIMIT_EXCEEDED,0.3588,ESCALATE,False,Low recovery probability; automatic recovery avoided,We couldn't safely complete your payment automatically. Our support team will review the issue.,2026-08-31 14:12:07.369423,,,
,100.0,NETWORK_ERROR,0.7896,PAYMENT_LINK,True,Moderate recovery probability; customer-initiated payment preferred,Your payment of ₹100.00 is still pending. Please use the secure payment link to complete your transaction.,2026-08-31 14:12:07.375051,,,
,100.0,INSUFFICIENT_FUNDS,0.5874,PAYMENT_LINK,True,Moderate recovery probability; customer-initiated payment preferred,Your payment of ₹100.00 is still pending. Please use the secure payment link to complete your transaction.,2026-08-31 14:12:07.381597,,,
,100.0,INSUFFICIENT_FUNDS,0.7839,PAYMENT_LINK,True,Moderate recovery probability; customer-initiated payment preferred,Your payment of ₹100.00 is still pending. Please use the secure payment link to complete your transaction.,2026-08-31 14:12:07.387587,,,
,100.0,BANK_DECLINED,0.5883,PAYMENT_LINK,True,Moderate recovery probability; customer-initiated payment preferred,Your payment of ₹100.00 is still pending. Please use the secure payment link to complete your transaction.,2026-08-31 14:12:07.393578,,,
,100.0,BANK_DECLINED,0.2879,ESCALATE,False,Low recovery probability; automatic recovery avoided,We couldn't safely complete your payment automatically. Our support team will review the issue.,2026-08-31 14:12:07.399609,,,
,100.0,CARD_EXPIRED,0.6886,PAYMENT_LINK,True,Moderate recovery probability; customer-initiated payment preferred,Your payment of ₹100.00 is still pending. Please use the secure payment link to complete your transaction.,2026-08-31 14:12:07.405257,,,
,100.0,CARD_EXPIRED,0.7578,PAYMENT_LINK,True,Moderate recovery probability; customer-initiated payment preferred,Your payment of ₹100.00 is still pending. Please use the secure payment link to complete your transaction.,2026-08-31 14:12:07.413268,,,
,100.0,LIMIT_EXCEEDED,0.7258,PAYMENT_LINK,True,Moderate recovery probability; customer-initiated payment preferred,Your payment of ₹100.00 is still pending. Please use the secure payment link to complete your transaction.,2026-08-31 14:12:07.423697,,,
,100.0,BANK_DECLINED,0.3095,ESCALATE,False,Low recovery probability; automatic recovery avoided,We couldn't safely complete your payment automatically. Our support team will review the issue.,2026-08-31 14:12:07.429502,,,
,100.0,CARD_EXPIRED,0.9098,UPDATE_CARD,True,Payment method requires customer update,Your saved payment method appears to have expired. Please update your payment details to complete the transaction.,2026-08-31 14:12:07.435282,,,
,100.0,NETWORK_ERROR,0.7539,PAYMENT_LINK,True,Moderate recovery probability; customer-initiated payment preferred,Your payment of ₹100.00 is still pending. Please use the secure payment link to complete your transaction.,2026-08-31 14:12:07.441177,,,
,100.0,INSUFFICIENT_FUNDS,0.2842,ESCALATE,False,Low recovery probability; automatic recovery avoided,We couldn't safely complete your payment automatically. Our support team will review the issue.,2026-08-31 14:12:07.448899,,,
,100.0,BANK_DECLINED,0.8195,PAYMENT_LINK,True,Moderate recovery probability; customer-initiated payment preferred,Your payment of ₹100.00 is still pending. Please use the secure payment link to complete your transaction.,2026-08-31 14:12:07.454752,,,
,100.0,CARD_EXPIRED,0.6897,PAYMENT_LINK,True,Moderate recovery probability; customer-initiated payment preferred,Your payment of ₹100.00 is still pending. Please use the secure payment link to complete your transaction.,2026-08-31 14:12:07.460565,,,
,100.0,BANK_DECLINED,0.3505,ESCALATE,False,Low recovery probability; automatic recovery avoided,We couldn't safely complete your payment automatically. Our support team will review the issue.,2026-08-31 14:12:07.468775,,,
,100.0,UNKNOWN_ERROR,0.3065,ESCALATE,False,Low recovery probability; automatic recovery avoided,We couldn't safely complete your payment automatically. Our support team will review the issue.,2026-08-31 14:12:07.475192,,,
,100.0,UNKNOWN_ERROR,0.3687,ESCALATE,False,Low recovery probability; automatic recovery avoided,We couldn't safely complete your payment automatically. Our support team will review the issue.,2026-08-31 14:12:07.483863,,,
,100.0,NETWORK_ERROR,0.7989,PAYMENT_LINK,True,Moderate recovery probability; customer-initiated payment preferred,Your payment of ₹100.00 is still pending. Please use the secure payment link to complete your transaction.,2026-08-31 14:12:07.491686,,,
,100.0,INSUFFICIENT_FUNDS,0.4723,ESCALATE,False,Low recovery probability; automatic recovery avoided,We couldn't safely complete your payment automatically. Our support team will review the issue.,2026-08-31 14:12:07.497508,,,
,315.67,BANK_DECLINED,0.2808,ESCALATE,False,Low recovery probability; automatic recovery avoided,We couldn't safely complete your payment automatically. Our support team will review the issue.,2026-08-31 14:12:07.503379,,,
,100.0,CARD_EXPIRED,0.5006,PAYMENT_LINK,True,Moderate recovery probability; customer-initiated payment preferred,Your payment of ₹100.00 is still pending. Please use the secure payment link to complete your transaction.,2026-08-31 14:12:07.509641,,,
,100.0,BANK_DECLINED,0.7157,PAYMENT_LINK,True,Moderate recovery probability; customer-initiated payment preferred,Your payment of ₹100.00 is still pending. Please use the secure payment link to complete your transaction.,2026-08-31 14:12:07.515658,,,
,100.0,INSUFFICIENT_FUNDS,0.6002,PAYMENT_LINK,True,Moderate recovery probability; customer-initiated payment preferred,Your payment of ₹100.00 is still pending. Please use the secure payment link to complete your transaction.,2026-08-31 14:12:07.521099,,,
,100.0,TIMEOUT,0.7576,PAYMENT_LINK,True,Moderate recovery probability; customer-initiated payment preferred,Your payment of ₹100.00 is still pending. Please use the secure payment link to complete your transaction.,2026-08-31 14:12:07.526750,,,
,100.0,TIMEOUT,0.3902,ESCALATE,False,Low recovery probability; automatic recovery avoided,We couldn't safely complete your payment automatically. Our support team will review the issue.,2026-08-31 14:12:07.541898,,,
,100.0,CARD_EXPIRED,0.7624,PAYMENT_LINK,True,Moderate recovery probability; customer-initiated payment preferred,Your payment of ₹100.00 is still pending. Please use the secure payment link to complete your transaction.,2026-08-31 14:12:07.555856,,,
,100.0,LIMIT_EXCEEDED,0.5734,PAYMENT_LINK,True,Moderate recovery probability; customer-initiated payment preferred,Your payment of ₹100.00 is still pending. Please use the secure payment link to complete your transaction.,2026-08-31 14:12:07.575931,,,
,100.0,INSUFFICIENT_FUNDS,0.7867,PAYMENT_LINK,True,Moderate recovery probability; customer-initiated payment preferred,Your payment of ₹100.00 is still pending. Please use the secure payment link to complete your transaction.,2026-08-31 14:12:07.591924,,,
,100.0,NETWORK_ERROR,0.6454,PAYMENT_LINK,True,Moderate recovery probability; customer-initiated payment preferred,Your payment of ₹100.00 is still pending. Please use the secure payment link to complete your transaction.,2026-08-31 14:12:07.611075,,,
,100.0,BANK_DECLINED,0.447,ESCALATE,False,Low recovery probability; automatic recovery avoided,We couldn't safely complete your payment automatically. Our support team will review the issue.,2026-08-31 14:12:07.627246,,,
,100.0,INSUFFICIENT_FUNDS,0.5768,PAYMENT_LINK,True,Moderate recovery probability; customer-initiated payment preferred,Your payment of ₹100.00 is still pending. Please use the secure payment link to complete your transaction.,2026-08-31 14:12:07.634644,,,
,100.0,NETWORK_ERROR,0.8674,RETRY,True,High recovery probability and temporary payment failure,Your payment of ₹100.00 could not be completed due to a temporary issue. We will safely retry the payment.,2026-08-31 14:12:07.640576,,,
,100.0,NETWORK_ERROR,0.6839,PAYMENT_LINK,True,Moderate recovery probability; customer-initiated payment preferred,Your payment of ₹100.00 is still pending. Please use the secure payment link to complete your transaction.,2026-08-31 14:12:07.646761,,,
,12517.66,BANK_DECLINED,0.7589,PAYMENT_LINK,True,Moderate recovery probability; customer-initiated payment preferred,"Your payment of ₹12,517.66 is still pending. Please use the secure payment link to complete your transaction.",2026-08-31 14:12:07.652856,,,
,100.0,TIMEOUT,0.5582,PAYMENT_LINK,True,Moderate recovery probability; customer-initiated payment preferred,Your payment of ₹100.00 is still pending. Please use the secure payment link to complete your transaction.,2026-08-31 14:12:07.658564,,,
,100.0,BANK_DECLINED,0.4278,ESCALATE,False,Low recovery probability; automatic recovery avoided,We couldn't safely complete your payment automatically. Our support team will review the issue.,2026-08-31 14:12:07.664577,,,
,100.0,UNKNOWN_ERROR,0.7356,PAYMENT_LINK,True,Moderate recovery probability; customer-initiated payment preferred,Your payment of ₹100.00 is still pending. Please use the secure payment link to complete your transaction.,2026-08-31 14:12:07.670811,,,
,100.0,INSUFFICIENT_FUNDS,0.621,PAYMENT_LINK,True,Moderate recovery probability; customer-initiated payment preferred,Your payment of ₹100.00 is still pending. Please use the secure payment link to complete your transaction.,2026-08-31 14:12:07.676723,,,
,100.0,BANK_DECLINED,0.7339,PAYMENT_LINK,True,Moderate recovery probability; customer-initiated payment preferred,Your payment of ₹100.00 is still pending. Please use the secure payment link to complete your transaction.,2026-08-31 14:12:07.685739,,,
,100.0,INSUFFICIENT_FUNDS,0.6278,PAYMENT_LINK,True,Moderate recovery probability; customer-initiated payment preferred,Your payment of ₹100.00 is still pending. Please use the secure payment link to complete your transaction.,2026-08-31 14:12:07.691715,,,
,100.0,NETWORK_ERROR,0.8477,RETRY,True,High recovery probability and temporary payment failure,Your payment of ₹100.00 could not be completed due to a temporary issue. We will safely retry the payment.,2026-08-31 14:12:07.697618,,,
,100.0,INSUFFICIENT_FUNDS,0.5926,PAYMENT_LINK,True,Moderate recovery probability; customer-initiated payment preferred,Your payment of ₹100.00 is still pending. Please use the secure payment link to complete your transaction.,2026-08-31 14:12:07.703564,,,
,100.0,NETWORK_ERROR,0.5111,PAYMENT_LINK,True,Moderate recovery probability; customer-initiated payment preferred,Your payment of ₹100.00 is still pending. Please use the secure payment link to complete your transaction.,2026-08-31 14:12:07.709572,,,
,214.46,INSUFFICIENT_FUNDS,0.6985,PAYMENT_LINK,True,Moderate recovery probability; customer-initiated payment preferred,Your payment of ₹214.46 is still pending. Please use the secure payment link to complete your transaction.,2026-08-31 14:12:07.715581,,,
,100.0,NETWORK_ERROR,0.7172,PAYMENT_LINK,True,Moderate recovery probability; customer-initiated payment preferred,Your payment of ₹100.00 is still pending. Please use the secure payment link to complete your transaction.,2026-08-31 14:12:07.721574,,,
,100.0,BANK_DECLINED,0.2841,ESCALATE,False,Low recovery probability; automatic recovery avoided,We couldn't safely complete your payment automatically. Our support team will review the issue.,2026-08-31 14:12:07.727570,,,
,100.0,BANK_DECLINED,0.748,PAYMENT_LINK,True,Moderate recovery probability; customer-initiated payment preferred,Your payment of ₹100.00 is still pending. Please use the secure payment link to complete your transaction.,2026-08-31 14:12:07.733603,,,
,100.0,INSUFFICIENT_FUNDS,0.6041,PAYMENT_LINK,True,Moderate recovery probability; customer-initiated payment preferred,Your payment of ₹100.00 is still pending. Please use the secure payment link to complete your transaction.,2026-08-31 14:12:07.739586,,,
,100.0,INSUFFICIENT_FUNDS,0.8129,REMINDER,True,Customer has high recovery likelihood; reminder is safer than repeated retry,Your payment of ₹100.00 could not be completed. Please try again when convenient.,2026-08-31 14:12:07.745648,,,
,100.0,NETWORK_ERROR,0.6762,PAYMENT_LINK,True,Moderate recovery probability; customer-initiated payment preferred,Your payment of ₹100.00 is still pending. Please use the secure payment link to complete your transaction.,2026-08-31 14:12:07.751741,,,
,100.0,CARD_EXPIRED,0.8715,UPDATE_CARD,True,Payment method requires customer update,Your saved payment method appears to have expired. Please update your payment details to complete the transaction.,2026-08-31 14:12:07.764841,,,
,100.0,NETWORK_ERROR,0.51,PAYMENT_LINK,True,Moderate recovery probability; customer-initiated payment preferred,Your payment of ₹100.00 is still pending. Please use the secure payment link to complete your transaction.,2026-08-31 14:12:07.784934,,,
,100.0,NETWORK_ERROR,0.7369,PAYMENT_LINK,True,Moderate recovery probability; customer-initiated payment preferred,Your payment of ₹100.00 is still pending. Please use the secure payment link to complete your transaction.,2026-08-31 14:12:07.808907,,,
,100.0,NETWORK_ERROR,0.5395,PAYMENT_LINK,True,Moderate recovery probability; customer-initiated payment preferred,Your payment of ₹100.00 is still pending. Please use the secure payment link to complete your transaction.,2026-08-31 14:12:07.828869,,,
,100.0,INSUFFICIENT_FUNDS,0.6255,PAYMENT_LINK,True,Moderate recovery probability; customer-initiated payment preferred,Your payment of ₹100.00 is still pending. Please use the secure payment link to complete your transaction.,2026-08-31 14:12:07.847763,,,
,100.0,NETWORK_ERROR,0.8631,RETRY,True,High recovery probability and temporary payment failure,Your payment of ₹100.00 could not be completed due to a temporary issue. We will safely retry the payment.,2026-08-31 14:12:07.862830,,,
,100.0,LIMIT_EXCEEDED,0.4181,ESCALATE,False,Low recovery probability; automatic recovery avoided,We couldn't safely complete your payment automatically. Our support team will review the issue.,2026-08-31 14:12:07.883850,,,
,100.0,CARD_EXPIRED,0.9682,UPDATE_CARD,True,Payment method requires customer update,Your saved payment method appears to have expired. Please update your payment details to complete the transaction.,2026-08-31 14:12:07.899998,,,
,100.0,UNKNOWN_ERROR,0.1883,ESCALATE,False,Low recovery probability; automatic recovery avoided,We couldn't safely complete your payment automatically. Our support team will review the issue.,2026-08-31 14:12:07.919837,,,
,100.0,BANK_DECLINED,0.4665,ESCALATE,False,Low recovery probability; automatic recovery avoided,We couldn't safely complete your payment automatically. Our support team will review the issue.,2026-08-31 14:12:07.935953,,,
,100.0,TIMEOUT,0.5772,PAYMENT_LINK,True,Moderate recovery probability; customer-initiated payment preferred,Your payment of ₹100.00 is still pending. Please use the secure payment link to complete your transaction.,2026-08-31 14:12:07.954053,,,
,100.0,LIMIT_EXCEEDED,0.2915,ESCALATE,False,Low recovery probability; automatic recovery avoided,We couldn't safely complete your payment automatically. Our support team will review the issue.,2026-08-31 14:12:07.971844,,,
,100.0,NETWORK_ERROR,0.7731,PAYMENT_LINK,True,Moderate recovery probability; customer-initiated payment preferred,Your payment of ₹100.00 is still pending. Please use the secure payment link to complete your transaction.,2026-08-31 14:12:07.991337,,,
,100.0,LIMIT_EXCEEDED,0.2966,ESCALATE,False,Low recovery probability; automatic recovery avoided,We couldn't safely complete your payment automatically. Our support team will review the issue.,2026-08-31 14:12:08.009826,,,
,100.0,INSUFFICIENT_FUNDS,0.621,PAYMENT_LINK,True,Moderate recovery probability; customer-initiated payment preferred,Your payment of ₹100.00 is still pending. Please use the secure payment link to complete your transaction.,2026-08-31 14:12:08.029846,,,
,100.0,NETWORK_ERROR,0.9022,RETRY,True,High recovery probability and temporary payment failure,Your payment of ₹100.00 could not be completed due to a temporary issue. We will safely retry the payment.,2026-08-31 14:12:08.045844,,,
,100.0,NETWORK_ERROR,0.7222,PAYMENT_LINK,True,Moderate recovery probability; customer-initiated payment preferred,Your payment of ₹100.00 is still pending. Please use the secure payment link to complete your transaction.,2026-08-31 14:12:08.065853,,,
,100.0,BANK_DECLINED,0.6651,PAYMENT_LINK,True,Moderate recovery probability; customer-initiated payment preferred,Your payment of ₹100.00 is still pending. Please use the secure payment link to complete your transaction.,2026-08-31 14:12:08.078793,,,
,100.0,NETWORK_ERROR,0.7377,PAYMENT_LINK,True,Moderate recovery probability; customer-initiated payment preferred,Your payment of ₹100.00 is still pending. Please use the secure payment link to complete your transaction.,2026-08-31 14:12:08.098919,,,
,100.0,BANK_DECLINED,0.8097,PAYMENT_LINK,True,Moderate recovery probability; customer-initiated payment preferred,Your payment of ₹100.00 is still pending. Please use the secure payment link to complete your transaction.,2026-08-31 14:12:08.114851,,,
,100.0,CARD_EXPIRED,0.8117,UPDATE_CARD,True,Payment method requires customer update,Your saved payment method appears to have expired. Please update your payment details to complete the transaction.,2026-08-31 14:12:08.134870,,,
,100.0,TIMEOUT,0.9158,RETRY,True,High recovery probability and temporary payment failure,Your payment of ₹100.00 could not be completed due to a temporary issue. We will safely retry the payment.,2026-08-31 14:12:08.152858,,,
,100.0,BANK_DECLINED,0.7264,PAYMENT_LINK,True,Moderate recovery probability; customer-initiated payment preferred,Your payment of ₹100.00 is still pending. Please use the secure payment link to complete your transaction.,2026-08-31 14:12:08.172874,,,
,100.0,TIMEOUT,0.7719,PAYMENT_LINK,True,Moderate recovery probability; customer-initiated payment preferred,Your payment of ₹100.00 is still pending. Please use the secure payment link to complete your transaction.,2026-08-31 14:12:08.188825,,,
,100.0,INSUFFICIENT_FUNDS,0.3062,ESCALATE,False,Low recovery probability; automatic recovery avoided,We couldn't safely complete your payment automatically. Our support team will review the issue.,2026-08-31 14:12:08.208855,,,
,100.0,INSUFFICIENT_FUNDS,0.6848,PAYMENT_LINK,True,Moderate recovery probability; customer-initiated payment preferred,Your payment of ₹100.00 is still pending. Please use the secure payment link to complete your transaction.,2026-08-31 14:12:08.226849,,,
,100.0,LIMIT_EXCEEDED,0.2084,ESCALATE,False,Low recovery probability; automatic recovery avoided,We couldn't safely complete your payment automatically. Our support team will review the issue.,2026-08-31 14:12:08.249143,,,
,100.0,TIMEOUT,0.599,PAYMENT_LINK,True,Moderate recovery probability; customer-initiated payment preferred,Your payment of ₹100.00 is still pending. Please use the secure payment link to complete your transaction.,2026-08-31 14:12:08.262369,,,
,100.0,INSUFFICIENT_FUNDS,0.4433,ESCALATE,False,Low recovery probability; automatic recovery avoided,We couldn't safely complete your payment automatically. Our support team will review the issue.,2026-08-31 14:12:08.282989,,,
,100.0,BANK_DECLINED,0.6122,PAYMENT_LINK,True,Moderate recovery probability; customer-initiated payment preferred,Your payment of ₹100.00 is still pending. Please use the secure payment link to complete your transaction.,2026-08-31 14:12:08.299006,,,
,100.0,NETWORK_ERROR,0.3116,ESCALATE,False,Low recovery probability; automatic recovery avoided,We couldn't safely complete your payment automatically. Our support team will review the issue.,2026-08-31 14:12:08.320995,,,
,100.0,LIMIT_EXCEEDED,0.4144,ESCALATE,False,Low recovery probability; automatic recovery avoided,We couldn't safely complete your payment automatically. Our support team will review the issue.,2026-08-31 14:12:08.343236,,,
,100.0,LIMIT_EXCEEDED,0.3226,ESCALATE,False,Low recovery probability; automatic recovery avoided,We couldn't safely complete your payment automatically. Our support team will review the issue.,2026-08-31 14:12:08.360949,,,
,134.33,TIMEOUT,0.8468,RETRY,True,High recovery probability and temporary payment failure,Your payment of ₹134.33 could not be completed due to a temporary issue. We will safely retry the payment.,2026-08-31 14:12:08.380942,,,
,100.0,UNKNOWN_ERROR,0.1784,ESCALATE,False,Low recovery probability; automatic recovery avoided,We couldn't safely complete your payment automatically. Our support team will review the issue.,2026-08-31 14:12:08.401003,,,
,100.0,TIMEOUT,0.398,ESCALATE,False,Low recovery probability; automatic recovery avoided,We couldn't safely complete your payment automatically. Our support team will review the issue.,2026-08-31 14:12:08.411769,,,
,106.42,NETWORK_ERROR,0.9177,RETRY,True,High recovery probability and temporary payment failure,Your payment of ₹106.42 could not be completed due to a temporary issue. We will safely retry the payment.,2026-08-31 14:12:08.419666,,,
,100.0,CARD_EXPIRED,0.9144,UPDATE_CARD,True,Payment method requires customer update,Your saved payment method appears to have expired. Please update your payment details to complete the transaction.,2026-08-31 14:12:08.425972,,,
,100.0,BANK_DECLINED,0.4887,ESCALATE,False,Low recovery probability; automatic recovery avoided,We couldn't safely complete your payment automatically. Our support team will review the issue.,2026-08-31 14:12:08.432011,,,
,100.0,NETWORK_ERROR,0.6832,PAYMENT_LINK,True,Moderate recovery probability; customer-initiated payment preferred,Your payment of ₹100.00 is still pending. Please use the secure payment link to complete your transaction.,2026-08-31 14:12:08.437971,,,
,137.6,NETWORK_ERROR,0.7398,PAYMENT_LINK,True,Moderate recovery probability; customer-initiated payment preferred,Your payment of ₹137.60 is still pending. Please use the secure payment link to complete your transaction.,2026-08-31 14:12:08.443754,,,
,100.0,NETWORK_ERROR,0.8622,RETRY,True,High recovery probability and temporary payment failure,Your payment of ₹100.00 could not be completed due to a temporary issue. We will safely retry the payment.,2026-08-31 14:12:08.452635,,,
,100.0,BANK_DECLINED,0.66,PAYMENT_LINK,True,Moderate recovery probability; customer-initiated payment preferred,Your payment of ₹100.00 is still pending. Please use the secure payment link to complete your transaction.,2026-08-31 14:12:08.459649,,,
,100.0,TIMEOUT,0.7216,PAYMENT_LINK,True,Moderate recovery probability; customer-initiated payment preferred,Your payment of ₹100.00 is still pending. Please use the secure payment link to complete your transaction.,2026-08-31 14:12:08.467693,,,
,100.0,INSUFFICIENT_FUNDS,0.5235,PAYMENT_LINK,True,Moderate recovery probability; customer-initiated payment preferred,Your payment of ₹100.00 is still pending. Please use the secure payment link to complete your transaction.,2026-08-31 14:12:08.475242,,,
,100.0,TIMEOUT,0.6777,PAYMENT_LINK,True,Moderate recovery probability; customer-initiated payment preferred,Your payment of ₹100.00 is still pending. Please use the secure payment link to complete your transaction.,2026-08-31 14:12:08.481605,,,
,100.0,LIMIT_EXCEEDED,0.5811,PAYMENT_LINK,True,Moderate recovery probability; customer-initiated payment preferred,Your payment of ₹100.00 is still pending. Please use the secure payment link to complete your transaction.,2026-08-31 14:12:08.488607,,,
,100.0,TIMEOUT,0.7022,PAYMENT_LINK,True,Moderate recovery probability; customer-initiated payment preferred,Your payment of ₹100.00 is still pending. Please use the secure payment link to complete your transaction.,2026-08-31 14:12:08.495215,,,
,100.0,BANK_DECLINED,0.5778,PAYMENT_LINK,True,Moderate recovery probability; customer-initiated payment preferred,Your payment of ₹100.00 is still pending. Please use the secure payment link to complete your transaction.,2026-08-31 14:12:08.503062,,,
,100.0,TIMEOUT,0.5972,PAYMENT_LINK,True,Moderate recovery probability; customer-initiated payment preferred,Your payment of ₹100.00 is still pending. Please use the secure payment link to complete your transaction.,2026-08-31 14:12:08.512215,,,
,100.0,INSUFFICIENT_FUNDS,0.7198,PAYMENT_LINK,True,Moderate recovery probability; customer-initiated payment preferred,Your payment of ₹100.00 is still pending. Please use the secure payment link to complete your transaction.,2026-08-31 14:12:08.519452,,,
,100.0,TIMEOUT,0.4735,ESCALATE,False,Low recovery probability; automatic recovery avoided,We couldn't safely complete your payment automatically. Our support team will review the issue.,2026-08-31 14:12:08.529726,,,
,100.0,BANK_DECLINED,0.5792,PAYMENT_LINK,True,Moderate recovery probability; customer-initiated payment preferred,Your payment of ₹100.00 is still pending. Please use the secure payment link to complete your transaction.,2026-08-31 14:12:08.539791,,,
,100.0,UNKNOWN_ERROR,0.2373,ESCALATE,False,Low recovery probability; automatic recovery avoided,We couldn't safely complete your payment automatically. Our support team will review the issue.,2026-08-31 14:12:08.547325,,,
,100.0,CARD_EXPIRED,0.833,UPDATE_CARD,True,Payment method requires customer update,Your saved payment method appears to have expired. Please update your payment details to complete the transaction.,2026-08-31 14:12:08.563205,,,
,100.0,NETWORK_ERROR,0.8981,RETRY,True,High recovery probability and temporary payment failure,Your payment of ₹100.00 could not be completed due to a temporary issue. We will safely retry the payment.,2026-08-31 14:12:08.583060,,,
,100.0,NETWORK_ERROR,0.7502,PAYMENT_LINK,True,Moderate recovery probability; customer-initiated payment preferred,Your payment of ₹100.00 is still pending. Please use the secure payment link to complete your transaction.,2026-08-31 14:12:08.600964,,,
,100.0,NETWORK_ERROR,0.7899,PAYMENT_LINK,True,Moderate recovery probability; customer-initiated payment preferred,Your payment of ₹100.00 is still pending. Please use the secure payment link to complete your transaction.,2026-08-31 14:12:08.620953,,,
,100.0,NETWORK_ERROR,0.7348,PAYMENT_LINK,True,Moderate recovery probability; customer-initiated payment preferred,Your payment of ₹100.00 is still pending. Please use the secure payment link to complete your transaction.,2026-08-31 14:12:08.638968,,,
,100.0,BANK_DECLINED,0.5023,PAYMENT_LINK,True,Moderate recovery probability; customer-initiated payment preferred,Your payment of ₹100.00 is still pending. Please use the secure payment link to complete your transaction.,2026-08-31 14:12:08.656998,,,
,100.0,NETWORK_ERROR,0.4704,ESCALATE,False,Low recovery probability; automatic recovery avoided,We couldn't safely complete your payment automatically. Our support team will review the issue.,2026-08-31 14:12:08.679391,,,
,100.0,TIMEOUT,0.7165,PAYMENT_LINK,True,Moderate recovery probability; customer-initiated payment preferred,Your payment of ₹100.00 is still pending. Please use the secure payment link to complete your transaction.,2026-08-31 14:12:08.699016,,,
,100.0,NETWORK_ERROR,0.6666,PAYMENT_LINK,True,Moderate recovery probability; customer-initiated payment preferred,Your payment of ₹100.00 is still pending. Please use the secure payment link to complete your transaction.,2026-08-31 14:12:08.715962,,,
,100.0,NETWORK_ERROR,0.5938,PAYMENT_LINK,True,Moderate recovery probability; customer-initiated payment preferred,Your payment of ₹100.00 is still pending. Please use the secure payment link to complete your transaction.,2026-08-31 14:12:08.737119,,,
,100.0,TIMEOUT,0.8693,RETRY,True,High recovery probability and temporary payment failure,Your payment of ₹100.00 could not be completed due to a temporary issue. We will safely retry the payment.,2026-08-31 14:12:08.755875,,,
,100.0,CARD_EXPIRED,0.9116,UPDATE_CARD,True,Payment method requires customer update,Your saved payment method appears to have expired. Please update your payment details to complete the transaction.,2026-08-31 14:12:08.773937,,,
,100.0,TIMEOUT,0.8204,RETRY,True,High recovery probability and temporary payment failure,Your payment of ₹100.00 could not be completed due to a temporary issue. We will safely retry the payment.,2026-08-31 14:12:08.791875,,,
,100.0,BANK_DECLINED,0.8236,PAYMENT_LINK,True,Moderate recovery probability; customer-initiated payment preferred,Your payment of ₹100.00 is still pending. Please use the secure payment link to complete your transaction.,2026-08-31 14:12:08.809846,,,
,100.0,LIMIT_EXCEEDED,0.6902,PAYMENT_LINK,True,Moderate recovery probability; customer-initiated payment preferred,Your payment of ₹100.00 is still pending. Please use the secure payment link to complete your transaction.,2026-08-31 14:12:08.826723,,,
,100.0,NETWORK_ERROR,0.8308,RETRY,True,High recovery probability and temporary payment failure,Your payment of ₹100.00 could not be completed due to a temporary issue. We will safely retry the payment.,2026-08-31 14:12:08.846018,,,
,100.0,INSUFFICIENT_FUNDS,0.3646,ESCALATE,False,Low recovery probability; automatic recovery avoided,We couldn't safely complete your payment automatically. Our support team will review the issue.,2026-08-31 14:12:08.859916,,,
,100.0,INSUFFICIENT_FUNDS,0.5914,PAYMENT_LINK,True,Moderate recovery probability; customer-initiated payment preferred,Your payment of ₹100.00 is still pending. Please use the secure payment link to complete your transaction.,2026-08-31 14:12:08.867684,,,
,100.0,TIMEOUT,0.5597,PAYMENT_LINK,True,Moderate recovery probability; customer-initiated payment preferred,Your payment of ₹100.00 is still pending. Please use the secure payment link to complete your transaction.,2026-08-31 14:12:08.873674,,,
,100.0,INSUFFICIENT_FUNDS,0.4628,ESCALATE,False,Low recovery probability; automatic recovery avoided,We couldn't safely complete your payment automatically. Our support team will review the issue.,2026-08-31 14:12:08.879745,,,
,100.0,BANK_DECLINED,0.2381,ESCALATE,False,Low recovery probability; automatic recovery avoided,We couldn't safely complete your payment automatically. Our support team will review the issue.,2026-08-31 14:12:08.886021,,,
,1016.5,LIMIT_EXCEEDED,0.7008,PAYMENT_LINK,True,Moderate recovery probability; customer-initiated payment preferred,"Your payment of ₹1,016.50 is still pending. Please use the secure payment link to complete your transaction.",2026-08-31 14:12:08.900324,,,
,100.0,UNKNOWN_ERROR,0.2059,ESCALATE,False,Low recovery probability; automatic recovery avoided,We couldn't safely complete your payment automatically. Our support team will review the issue.,2026-08-31 14:12:08.915901,,,
,100.0,INSUFFICIENT_FUNDS,0.6221,PAYMENT_LINK,True,Moderate recovery probability; customer-initiated payment preferred,Your payment of ₹100.00 is still pending. Please use the secure payment link to complete your transaction.,2026-08-31 14:12:08.928070,,,
,100.0,INSUFFICIENT_FUNDS,0.7203,PAYMENT_LINK,True,Moderate recovery probability; customer-initiated payment preferred,Your payment of ₹100.00 is still pending. Please use the secure payment link to complete your transaction.,2026-08-31 14:12:08.940097,,,
,100.0,NETWORK_ERROR,0.6086,PAYMENT_LINK,True,Moderate recovery probability; customer-initiated payment preferred,Your payment of ₹100.00 is still pending. Please use the secure payment link to complete your transaction.,2026-08-31 14:12:08.952624,,,
,100.0,NETWORK_ERROR,0.4162,ESCALATE,False,Low recovery probability; automatic recovery avoided,We couldn't safely complete your payment automatically. Our support team will review the issue.,2026-08-31 14:12:08.960914,,,
,100.0,INSUFFICIENT_FUNDS,0.6747,PAYMENT_LINK,True,Moderate recovery probability; customer-initiated payment preferred,Your payment of ₹100.00 is still pending. Please use the secure payment link to complete your transaction.,2026-08-31 14:12:08.968677,,,
,100.0,NETWORK_ERROR,0.5238,PAYMENT_LINK,True,Moderate recovery probability; customer-initiated payment preferred,Your payment of ₹100.00 is still pending. Please use the secure payment link to complete your transaction.,2026-08-31 14:12:08.974190,,,
,100.0,TIMEOUT,0.641,PAYMENT_LINK,True,Moderate recovery probability; customer-initiated payment preferred,Your payment of ₹100.00 is still pending. Please use the secure payment link to complete your transaction.,2026-08-31 14:12:08.980561,,,
,100.0,BANK_DECLINED,0.6994,PAYMENT_LINK,True,Moderate recovery probability; customer-initiated payment preferred,Your payment of ₹100.00 is still pending. Please use the secure payment link to complete your transaction.,2026-08-31 14:12:08.985846,,,
,103.01,BANK_DECLINED,0.4223,ESCALATE,False,Low recovery probability; automatic recovery avoided,We couldn't safely complete your payment automatically. Our support team will review the issue.,2026-08-31 14:12:08.992587,,,
,100.0,BANK_DECLINED,0.4989,ESCALATE,False,Low recovery probability; automatic recovery avoided,We couldn't safely complete your payment automatically. Our support team will review the issue.,2026-08-31 14:12:08.998598,,,
,100.0,NETWORK_ERROR,0.8374,RETRY,True,High recovery probability and temporary payment failure,Your payment of ₹100.00 could not be completed due to a temporary issue. We will safely retry the payment.,2026-08-31 14:12:09.004112,,,
,100.0,LIMIT_EXCEEDED,0.4136,ESCALATE,False,Low recovery probability; automatic recovery avoided,We couldn't safely complete your payment automatically. Our support team will review the issue.,2026-08-31 14:12:09.012779,,,
,100.0,INSUFFICIENT_FUNDS,0.7095,PAYMENT_LINK,True,Moderate recovery probability; customer-initiated payment preferred,Your payment of ₹100.00 is still pending. Please use the secure payment link to complete your transaction.,2026-08-31 14:12:09.018574,,,
,100.0,TIMEOUT,0.6307,PAYMENT_LINK,True,Moderate recovery probability; customer-initiated payment preferred,Your payment of ₹100.00 is still pending. Please use the secure payment link to complete your transaction.,2026-08-31 14:12:09.026700,,,
,100.0,CARD_EXPIRED,0.8204,UPDATE_CARD,True,Payment method requires customer update,Your saved payment method appears to have expired. Please update your payment details to complete the transaction.,2026-08-31 14:12:09.032750,,,
,100.0,CARD_EXPIRED,0.6589,PAYMENT_LINK,True,Moderate recovery probability; customer-initiated payment preferred,Your payment of ₹100.00 is still pending. Please use the secure payment link to complete your transaction.,2026-08-31 14:12:09.040173,,,
,100.0,NETWORK_ERROR,0.7647,PAYMENT_LINK,True,Moderate recovery probability; customer-initiated payment preferred,Your payment of ₹100.00 is still pending. Please use the secure payment link to complete your transaction.,2026-08-31 14:12:09.057836,,,
,100.0,LIMIT_EXCEEDED,0.6193,PAYMENT_LINK,True,Moderate recovery probability; customer-initiated payment preferred,Your payment of ₹100.00 is still pending. Please use the secure payment link to complete your transaction.,2026-08-31 14:12:09.077863,,,
,100.0,CARD_EXPIRED,0.56,PAYMENT_LINK,True,Moderate recovery probability; customer-initiated payment preferred,Your payment of ₹100.00 is still pending. Please use the secure payment link to complete your transaction.,2026-08-31 14:12:09.097869,,,
,100.0,TIMEOUT,0.6765,PAYMENT_LINK,True,Moderate recovery probability; customer-initiated payment preferred,Your payment of ₹100.00 is still pending. Please use the secure payment link to complete your transaction.,2026-08-31 14:12:09.115843,,,
,100.0,LIMIT_EXCEEDED,0.7113,PAYMENT_LINK,True,Moderate recovery probability; customer-initiated payment preferred,Your payment of ₹100.00 is still pending. Please use the secure payment link to complete your transaction.,2026-08-31 14:12:09.136039,,,
,100.0,INSUFFICIENT_FUNDS,0.5158,PAYMENT_LINK,True,Moderate recovery probability; customer-initiated payment preferred,Your payment of ₹100.00 is still pending. Please use the secure payment link to complete your transaction.,2026-08-31 14:12:09.154025,,,
,100.0,NETWORK_ERROR,0.6884,PAYMENT_LINK,True,Moderate recovery probability; customer-initiated payment preferred,Your payment of ₹100.00 is still pending. Please use the secure payment link to complete your transaction.,2026-08-31 14:12:09.174016,,,
,234.85,INSUFFICIENT_FUNDS,0.8365,REMINDER,True,Customer has high recovery likelihood; reminder is safer than repeated retry,Your payment of ₹234.85 could not be completed. Please try again when convenient.,2026-08-31 14:12:09.193968,,,
,100.0,INSUFFICIENT_FUNDS,0.7273,PAYMENT_LINK,True,Moderate recovery probability; customer-initiated payment preferred,Your payment of ₹100.00 is still pending. Please use the secure payment link to complete your transaction.,2026-08-31 14:12:09.213979,,,
,100.0,INSUFFICIENT_FUNDS,0.7157,PAYMENT_LINK,True,Moderate recovery probability; customer-initiated payment preferred,Your payment of ₹100.00 is still pending. Please use the secure payment link to complete your transaction.,2026-08-31 14:12:09.232915,,,
,100.0,INSUFFICIENT_FUNDS,0.3435,ESCALATE,False,Low recovery probability; automatic recovery avoided,We couldn't safely complete your payment automatically. Our support team will review the issue.,2026-08-31 14:12:09.247054,,,
,247.93,TIMEOUT,0.6101,PAYMENT_LINK,True,Moderate recovery probability; customer-initiated payment preferred,Your payment of ₹247.93 is still pending. Please use the secure payment link to complete your transaction.,2026-08-31 14:12:09.267065,,,
,100.0,INSUFFICIENT_FUNDS,0.5414,PAYMENT_LINK,True,Moderate recovery probability; customer-initiated payment preferred,Your payment of ₹100.00 is still pending. Please use the secure payment link to complete your transaction.,2026-08-31 14:12:09.284091,,,
,100.0,UNKNOWN_ERROR,0.1788,ESCALATE,False,Low recovery probability; automatic recovery avoided,We couldn't safely complete your payment automatically. Our support team will review the issue.,2026-08-31 14:12:09.307060,,,
,100.0,BANK_DECLINED,0.4532,ESCALATE,False,Low recovery probability; automatic recovery avoided,We couldn't safely complete your payment automatically. Our support team will review the issue.,2026-08-31 14:12:09.326107,,,
,100.0,INSUFFICIENT_FUNDS,0.6169,PAYMENT_LINK,True,Moderate recovery probability; customer-initiated payment preferred,Your payment of ₹100.00 is still pending. Please use the secure payment link to complete your transaction.,2026-08-31 14:12:09.348017,,,
,100.0,LIMIT_EXCEEDED,0.4696,ESCALATE,False,Low recovery probability; automatic recovery avoided,We couldn't safely complete your payment automatically. Our support team will review the issue.,2026-08-31 14:12:09.361969,,,
,100.0,NETWORK_ERROR,0.5312,PAYMENT_LINK,True,Moderate recovery probability; customer-initiated payment preferred,Your payment of ₹100.00 is still pending. Please use the secure payment link to complete your transaction.,2026-08-31 14:12:09.382936,,,
,100.0,NETWORK_ERROR,0.8534,RETRY,True,High recovery probability and temporary payment failure,Your payment of ₹100.00 could not be completed due to a temporary issue. We will safely retry the payment.,2026-08-31 14:12:09.401922,,,
,100.0,TIMEOUT,0.4936,ESCALATE,False,Low recovery probability; automatic recovery avoided,We couldn't safely complete your payment automatically. Our support team will review the issue.,2026-08-31 14:12:09.421061,,,
,100.0,BANK_DECLINED,0.6547,PAYMENT_LINK,True,Moderate recovery probability; customer-initiated payment preferred,Your payment of ₹100.00 is still pending. Please use the secure payment link to complete your transaction.,2026-08-31 14:12:09.437946,,,
,100.0,BANK_DECLINED,0.5262,PAYMENT_LINK,True,Moderate recovery probability; customer-initiated payment preferred,Your payment of ₹100.00 is still pending. Please use the secure payment link to complete your transaction.,2026-08-31 14:12:09.460028,,,
,100.0,NETWORK_ERROR,0.9701,RETRY,True,High recovery probability and temporary payment failure,Your payment of ₹100.00 could not be completed due to a temporary issue. We will safely retry the payment.,2026-08-31 14:12:09.476945,,,
,100.0,UNKNOWN_ERROR,0.2407,ESCALATE,False,Low recovery probability; automatic recovery avoided,We couldn't safely complete your payment automatically. Our support team will review the issue.,2026-08-31 14:12:09.493910,,,
,100.0,TIMEOUT,0.5616,PAYMENT_LINK,True,Moderate recovery probability; customer-initiated payment preferred,Your payment of ₹100.00 is still pending. Please use the secure payment link to complete your transaction.,2026-08-31 14:12:09.513898,,,
,100.0,LIMIT_EXCEEDED,0.4842,ESCALATE,False,Low recovery probability; automatic recovery avoided,We couldn't safely complete your payment automatically. Our support team will review the issue.,2026-08-31 14:12:09.532026,,,
,100.0,NETWORK_ERROR,0.7244,PAYMENT_LINK,True,Moderate recovery probability; customer-initiated payment preferred,Your payment of ₹100.00 is still pending. Please use the secure payment link to complete your transaction.,2026-08-31 14:12:09.553546,,,
,100.0,INSUFFICIENT_FUNDS,0.6181,PAYMENT_LINK,True,Moderate recovery probability; customer-initiated payment preferred,Your payment of ₹100.00 is still pending. Please use the secure payment link to complete your transaction.,2026-08-31 14:12:09.567748,,,
,100.0,TIMEOUT,0.7431,PAYMENT_LINK,True,Moderate recovery probability; customer-initiated payment preferred,Your payment of ₹100.00 is still pending. Please use the secure payment link to complete your transaction.,2026-08-31 14:12:09.581203,,,
,100.0,BANK_DECLINED,0.4085,ESCALATE,False,Low recovery probability; automatic recovery avoided,We couldn't safely complete your payment automatically. Our support team will review the issue.,2026-08-31 14:12:09.586729,,,
,100.0,NETWORK_ERROR,0.744,PAYMENT_LINK,True,Moderate recovery probability; customer-initiated payment preferred,Your payment of ₹100.00 is still pending. Please use the secure payment link to complete your transaction.,2026-08-31 14:12:09.591625,,,
,100.0,TIMEOUT,0.6404,PAYMENT_LINK,True,Moderate recovery probability; customer-initiated payment preferred,Your payment of ₹100.00 is still pending. Please use the secure payment link to complete your transaction.,2026-08-31 14:12:09.596578,,,
,100.0,UNKNOWN_ERROR,0.2211,ESCALATE,False,Low recovery probability; automatic recovery avoided,We couldn't safely complete your payment automatically. Our support team will review the issue.,2026-08-31 14:12:09.601471,,,
,100.0,INSUFFICIENT_FUNDS,0.6395,PAYMENT_LINK,True,Moderate recovery probability; customer-initiated payment preferred,Your payment of ₹100.00 is still pending. Please use the secure payment link to complete your transaction.,2026-08-31 14:12:09.606361,,,
,100.0,INSUFFICIENT_FUNDS,0.4779,ESCALATE,False,Low recovery probability; automatic recovery avoided,We couldn't safely complete your payment automatically. Our support team will review the issue.,2026-08-31 14:12:09.611187,,,
,100.0,INSUFFICIENT_FUNDS,0.5653,PAYMENT_LINK,True,Moderate recovery probability; customer-initiated payment preferred,Your payment of ₹100.00 is still pending. Please use the secure payment link to complete your transaction.,2026-08-31 14:12:09.615979,,,
,100.0,NETWORK_ERROR,0.9205,RETRY,True,High recovery probability and temporary payment failure,Your payment of ₹100.00 could not be completed due to a temporary issue. We will safely retry the payment.,2026-08-31 14:12:09.620763,,,
,100.0,CARD_EXPIRED,0.8329,UPDATE_CARD,True,Payment method requires customer update,Your saved payment method appears to have expired. Please update your payment details to complete the transaction.,2026-08-31 14:12:09.625816,,,
,100.0,CARD_EXPIRED,0.633,PAYMENT_LINK,True,Moderate recovery probability; customer-initiated payment preferred,Your payment of ₹100.00 is still pending. Please use the secure payment link to complete your transaction.,2026-08-31 14:12:09.630653,,,
,100.0,TIMEOUT,0.5851,PAYMENT_LINK,True,Moderate recovery probability; customer-initiated payment preferred,Your payment of ₹100.00 is still pending. Please use the secure payment link to complete your transaction.,2026-08-31 14:12:09.635453,,,
,100.0,INSUFFICIENT_FUNDS,0.3597,ESCALATE,False,Low recovery probability; automatic recovery avoided,We couldn't safely complete your payment automatically. Our support team will review the issue.,2026-08-31 14:12:09.640259,,,
,100.0,TIMEOUT,0.5494,PAYMENT_LINK,True,Moderate recovery probability; customer-initiated payment preferred,Your payment of ₹100.00 is still pending. Please use the secure payment link to complete your transaction.,2026-08-31 14:12:09.645014,,,
,156.72,INSUFFICIENT_FUNDS,0.5229,PAYMENT_LINK,True,Moderate recovery probability; customer-initiated payment preferred,Your payment of ₹156.72 is still pending. Please use the secure payment link to complete your transaction.,2026-08-31 14:12:09.650554,,,
,100.0,BANK_DECLINED,0.6747,PAYMENT_LINK,True,Moderate recovery probability; customer-initiated payment preferred,Your payment of ₹100.00 is still pending. Please use the secure payment link to complete your transaction.,2026-08-31 14:12:09.655392,,,
,129.19,INSUFFICIENT_FUNDS,0.5847,PAYMENT_LINK,True,Moderate recovery probability; customer-initiated payment preferred,Your payment of ₹129.19 is still pending. Please use the secure payment link to complete your transaction.,2026-08-31 14:12:09.660729,,,
,1131.67,NETWORK_ERROR,0.9328,RETRY,True,High recovery probability and temporary payment failure,"Your payment of ₹1,131.67 could not be completed due to a temporary issue. We will safely retry the payment.",2026-08-31 14:12:09.665849,,,
,100.0,INSUFFICIENT_FUNDS,0.2901,ESCALATE,False,Low recovery probability; automatic recovery avoided,We couldn't safely complete your payment automatically. Our support team will review the issue.,2026-08-31 14:12:09.670819,,,
,100.0,INSUFFICIENT_FUNDS,0.8319,REMINDER,True,Customer has high recovery likelihood; reminder is safer than repeated retry,Your payment of ₹100.00 could not be completed. Please try again when convenient.,2026-08-31 14:12:09.675864,,,
,100.0,CARD_EXPIRED,0.5952,PAYMENT_LINK,True,Moderate recovery probability; customer-initiated payment preferred,Your payment of ₹100.00 is still pending. Please use the secure payment link to complete your transaction.,2026-08-31 14:12:09.680816,,,
,100.0,NETWORK_ERROR,0.6162,PAYMENT_LINK,True,Moderate recovery probability; customer-initiated payment preferred,Your payment of ₹100.00 is still pending. Please use the secure payment link to complete your transaction.,2026-08-31 14:12:09.685828,,,
,100.0,INSUFFICIENT_FUNDS,0.412,ESCALATE,False,Low recovery probability; automatic recovery avoided,We couldn't safely complete your payment automatically. Our support team will review the issue.,2026-08-31 14:12:09.690999,,,
,100.0,CARD_EXPIRED,0.7486,PAYMENT_LINK,True,Moderate recovery probability; customer-initiated payment preferred,Your payment of ₹100.00 is still pending. Please use the secure payment link to complete your transaction.,2026-08-31 14:12:09.695932,,,
,100.0,INSUFFICIENT_FUNDS,0.6576,PAYMENT_LINK,True,Moderate recovery probability; customer-initiated payment preferred,Your payment of ₹100.00 is still pending. Please use the secure payment link to complete your transaction.,2026-08-31 14:12:09.700838,,,
,100.0,CARD_EXPIRED,0.7964,PAYMENT_LINK,True,Moderate recovery probability; customer-initiated payment preferred,Your payment of ₹100.00 is still pending. Please use the secure payment link to complete your transaction.,2026-08-31 14:12:09.705877,,,
,100.0,BANK_DECLINED,0.5263,PAYMENT_LINK,True,Moderate recovery probability; customer-initiated payment preferred,Your payment of ₹100.00 is still pending. Please use the secure payment link to complete your transaction.,2026-08-31 14:12:09.710911,,,
,100.0,NETWORK_ERROR,0.6214,PAYMENT_LINK,True,Moderate recovery probability; customer-initiated payment preferred,Your payment of ₹100.00 is still pending. Please use the secure payment link to complete your transaction.,2026-08-31 14:12:09.715856,,,
,100.0,INSUFFICIENT_FUNDS,0.7466,PAYMENT_LINK,True,Moderate recovery probability; customer-initiated payment preferred,Your payment of ₹100.00 is still pending. Please use the secure payment link to complete your transaction.,2026-08-31 14:12:09.721180,,,
,100.0,LIMIT_EXCEEDED,0.5259,PAYMENT_LINK,True,Moderate recovery probability; customer-initiated payment preferred,Your payment of ₹100.00 is still pending. Please use the secure payment link to complete your transaction.,2026-08-31 14:12:09.726147,,,
,100.0,NETWORK_ERROR,0.692,PAYMENT_LINK,True,Moderate recovery probability; customer-initiated payment preferred,Your payment of ₹100.00 is still pending. Please use the secure payment link to complete your transaction.,2026-08-31 14:12:09.731069,,,
,100.0,INSUFFICIENT_FUNDS,0.7433,PAYMENT_LINK,True,Moderate recovery probability; customer-initiated payment preferred,Your payment of ₹100.00 is still pending. Please use the secure payment link to complete your transaction.,2026-08-31 14:12:09.736074,,,
,100.0,NETWORK_ERROR,0.6748,PAYMENT_LINK,True,Moderate recovery probability; customer-initiated payment preferred,Your payment of ₹100.00 is still pending. Please use the secure payment link to complete your transaction.,2026-08-31 14:12:09.741164,,,
,100.0,NETWORK_ERROR,0.6211,PAYMENT_LINK,True,Moderate recovery probability; customer-initiated payment preferred,Your payment of ₹100.00 is still pending. Please use the secure payment link to complete your transaction.,2026-08-31 14:12:09.746044,,,
,100.0,BANK_DECLINED,0.7041,PAYMENT_LINK,True,Moderate recovery probability; customer-initiated payment preferred,Your payment of ₹100.00 is still pending. Please use the secure payment link to complete your transaction.,2026-08-31 14:12:09.751211,,,
,100.0,CARD_EXPIRED,0.4989,ESCALATE,False,Low recovery probability; automatic recovery avoided,We couldn't safely complete your payment automatically. Our support team will review the issue.,2026-08-31 14:12:09.756177,,,
,100.0,NETWORK_ERROR,0.6903,PAYMENT_LINK,True,Moderate recovery probability; customer-initiated payment preferred,Your payment of ₹100.00 is still pending. Please use the secure payment link to complete your transaction.,2026-08-31 14:12:09.761062,,,
,100.0,LIMIT_EXCEEDED,0.4115,ESCALATE,False,Low recovery probability; automatic recovery avoided,We couldn't safely complete your payment automatically. Our support team will review the issue.,2026-08-31 14:12:09.765960,,,
,100.0,INSUFFICIENT_FUNDS,0.5397,PAYMENT_LINK,True,Moderate recovery probability; customer-initiated payment preferred,Your payment of ₹100.00 is still pending. Please use the secure payment link to complete your transaction.,2026-08-31 14:12:09.770800,,,
,100.0,BANK_DECLINED,0.8276,PAYMENT_LINK,True,Moderate recovery probability; customer-initiated payment preferred,Your payment of ₹100.00 is still pending. Please use the secure payment link to complete your transaction.,2026-08-31 14:12:09.775767,,,
,100.0,BANK_DECLINED,0.722,PAYMENT_LINK,True,Moderate recovery probability; customer-initiated payment preferred,Your payment of ₹100.00 is still pending. Please use the secure payment link to complete your transaction.,2026-08-31 14:12:09.780672,,,
,218.67,TIMEOUT,0.5377,PAYMENT_LINK,True,Moderate recovery probability; customer-initiated payment preferred,Your payment of ₹218.67 is still pending. Please use the secure payment link to complete your transaction.,2026-08-31 14:12:09.785795,,,
,100.0,NETWORK_ERROR,0.7678,PAYMENT_LINK,True,Moderate recovery probability; customer-initiated payment preferred,Your payment of ₹100.00 is still pending. Please use the secure payment link to complete your transaction.,2026-08-31 14:12:09.790625,,,
,100.0,CARD_EXPIRED,0.5446,PAYMENT_LINK,True,Moderate recovery probability; customer-initiated payment preferred,Your payment of ₹100.00 is still pending. Please use the secure payment link to complete your transaction.,2026-08-31 14:12:09.795495,,,
,100.0,LIMIT_EXCEEDED,0.339,ESCALATE,False,Low recovery probability; automatic recovery avoided,We couldn't safely complete your payment automatically. Our support team will review the issue.,2026-08-31 14:12:09.800354,,,
,100.0,INSUFFICIENT_FUNDS,0.4526,ESCALATE,False,Low recovery probability; automatic recovery avoided,We couldn't safely complete your payment automatically. Our support team will review the issue.,2026-08-31 14:12:09.805281,,,
,100.0,TIMEOUT,0.8596,RETRY,True,High recovery probability and temporary payment failure,Your payment of ₹100.00 could not be completed due to a temporary issue. We will safely retry the payment.,2026-08-31 14:12:09.810221,,,
,100.0,NETWORK_ERROR,0.705,PAYMENT_LINK,True,Moderate recovery probability; customer-initiated payment preferred,Your payment of ₹100.00 is still pending. Please use the secure payment link to complete your transaction.,2026-08-31 14:12:09.815299,,,
,100.0,CARD_EXPIRED,0.7618,PAYMENT_LINK,True,Moderate recovery probability; customer-initiated payment preferred,Your payment of ₹100.00 is still pending. Please use the secure payment link to complete your transaction.,2026-08-31 14:12:09.820273,,,
,100.0,TIMEOUT,0.6425,PAYMENT_LINK,True,Moderate recovery probability; customer-initiated payment preferred,Your payment of ₹100.00 is still pending. Please use the secure payment link to complete your transaction.,2026-08-31 14:12:09.825098,,,
,100.0,INSUFFICIENT_FUNDS,0.6445,PAYMENT_LINK,True,Moderate recovery probability; customer-initiated payment preferred,Your payment of ₹100.00 is still pending. Please use the secure payment link to complete your transaction.,2026-08-31 14:12:09.829863,,,
,100.0,BANK_DECLINED,0.951,PAYMENT_LINK,True,Moderate recovery probability; customer-initiated payment preferred,Your payment of ₹100.00 is still pending. Please use the secure payment link to complete your transaction.,2026-08-31 14:12:09.834638,,,
,100.0,CARD_EXPIRED,0.8713,UPDATE_CARD,True,Payment method requires customer update,Your saved payment method appears to have expired. Please update your payment details to complete the transaction.,2026-08-31 14:12:09.839602,,,
,100.0,INSUFFICIENT_FUNDS,0.7183,PAYMENT_LINK,True,Moderate recovery probability; customer-initiated payment preferred,Your payment of ₹100.00 is still pending. Please use the secure payment link to complete your transaction.,2026-08-31 14:12:09.845677,,,
,100.0,INSUFFICIENT_FUNDS,0.6137,PAYMENT_LINK,True,Moderate recovery probability; customer-initiated payment preferred,Your payment of ₹100.00 is still pending. Please use the secure payment link to complete your transaction.,2026-08-31 14:12:09.850826,,,
,100.0,BANK_DECLINED,0.3724,ESCALATE,False,Low recovery probability; automatic recovery avoided,We couldn't safely complete your payment automatically. Our support team will review the issue.,2026-08-31 14:12:09.855867,,,
,100.0,BANK_DECLINED,0.4579,ESCALATE,False,Low recovery probability; automatic recovery avoided,We couldn't safely complete your payment automatically. Our support team will review the issue.,2026-08-31 14:12:09.860932,,,
,100.0,TIMEOUT,0.6457,PAYMENT_LINK,True,Moderate recovery probability; customer-initiated payment preferred,Your payment of ₹100.00 is still pending. Please use the secure payment link to complete your transaction.,2026-08-31 14:12:09.865994,,,
,100.0,LIMIT_EXCEEDED,0.6338,PAYMENT_LINK,True,Moderate recovery probability; customer-initiated payment preferred,Your payment of ₹100.00 is still pending. Please use the secure payment link to complete your transaction.,2026-08-31 14:12:09.871029,,,
,100.0,NETWORK_ERROR,0.8581,RETRY,True,High recovery probability and temporary payment failure,Your payment of ₹100.00 could not be completed due to a temporary issue. We will safely retry the payment.,2026-08-31 14:12:09.876076,,,
,100.0,INSUFFICIENT_FUNDS,0.3747,ESCALATE,False,Low recovery probability; automatic recovery avoided,We couldn't safely complete your payment automatically. Our support team will review the issue.,2026-08-31 14:12:09.880998,,,
,100.0,INSUFFICIENT_FUNDS,0.8346,REMINDER,True,Customer has high recovery likelihood; reminder is safer than repeated retry,Your payment of ₹100.00 could not be completed. Please try again when convenient.,2026-08-31 14:12:09.885866,,,
,100.0,BANK_DECLINED,0.7279,PAYMENT_LINK,True,Moderate recovery probability; customer-initiated payment preferred,Your payment of ₹100.00 is still pending. Please use the secure payment link to complete your transaction.,2026-08-31 14:12:09.890834,,,
,100.0,BANK_DECLINED,0.2832,ESCALATE,False,Low recovery probability; automatic recovery avoided,We couldn't safely complete your payment automatically. Our support team will review the issue.,2026-08-31 14:12:09.895767,,,
,100.0,UNKNOWN_ERROR,0.2281,ESCALATE,False,Low recovery probability; automatic recovery avoided,We couldn't safely complete your payment automatically. Our support team will review the issue.,2026-08-31 14:12:09.900742,,,
,100.0,BANK_DECLINED,0.3993,ESCALATE,False,Low recovery probability; automatic recovery avoided,We couldn't safely complete your payment automatically. Our support team will review the issue.,2026-08-31 14:12:09.906027,,,
,100.0,BANK_DECLINED,0.4791,ESCALATE,False,Low recovery probability; automatic recovery avoided,We couldn't safely complete your payment automatically. Our support team will review the issue.,2026-08-31 14:12:09.911160,,,
,100.0,TIMEOUT,0.6677,PAYMENT_LINK,True,Moderate recovery probability; customer-initiated payment preferred,Your payment of ₹100.00 is still pending. Please use the secure payment link to complete your transaction.,2026-08-31 14:12:09.916144,,,
,100.0,INSUFFICIENT_FUNDS,0.4964,ESCALATE,False,Low recovery probability; automatic recovery avoided,We couldn't safely complete your payment automatically. Our support team will review the issue.,2026-08-31 14:12:09.921201,,,
,100.0,LIMIT_EXCEEDED,0.5169,PAYMENT_LINK,True,Moderate recovery probability; customer-initiated payment preferred,Your payment of ₹100.00 is still pending. Please use the secure payment link to complete your transaction.,2026-08-31 14:12:09.926236,,,
,100.0,LIMIT_EXCEEDED,0.1782,ESCALATE,False,Low recovery probability; automatic recovery avoided,We couldn't safely complete your payment automatically. Our support team will review the issue.,2026-08-31 14:12:09.931180,,,
,100.0,NETWORK_ERROR,0.8453,RETRY,True,High recovery probability and temporary payment failure,Your payment of ₹100.00 could not be completed due to a temporary issue. We will safely retry the payment.,2026-08-31 14:12:09.936215,,,
,100.0,LIMIT_EXCEEDED,0.5178,PAYMENT_LINK,True,Moderate recovery probability; customer-initiated payment preferred,Your payment of ₹100.00 is still pending. Please use the secure payment link to complete your transaction.,2026-08-31 14:12:09.941236,,,
,100.0,INSUFFICIENT_FUNDS,0.8473,REMINDER,True,Customer has high recovery likelihood; reminder is safer than repeated retry,Your payment of ₹100.00 could not be completed. Please try again when convenient.,2026-08-31 14:12:09.946136,,,
,100.0,BANK_DECLINED,0.4635,ESCALATE,False,Low recovery probability; automatic recovery avoided,We couldn't safely complete your payment automatically. Our support team will review the issue.,2026-08-31 14:12:09.950938,,,
,100.0,LIMIT_EXCEEDED,0.7807,PAYMENT_LINK,True,Moderate recovery probability; customer-initiated payment preferred,Your payment of ₹100.00 is still pending. Please use the secure payment link to complete your transaction.,2026-08-31 14:12:09.955700,,,
,100.0,TIMEOUT,0.7735,PAYMENT_LINK,True,Moderate recovery probability; customer-initiated payment preferred,Your payment of ₹100.00 is still pending. Please use the secure payment link to complete your transaction.,2026-08-31 14:12:09.967049,,,
,100.0,NETWORK_ERROR,0.7971,PAYMENT_LINK,True,Moderate recovery probability; customer-initiated payment preferred,Your payment of ₹100.00 is still pending. Please use the secure payment link to complete your transaction.,2026-08-31 14:12:09.977711,,,
,2013.06,LIMIT_EXCEEDED,0.353,ESCALATE,False,Low recovery probability; automatic recovery avoided,We couldn't safely complete your payment automatically. Our support team will review the issue.,2026-08-31 14:12:09.983636,,,
,100.0,NETWORK_ERROR,0.5923,PAYMENT_LINK,True,Moderate recovery probability; customer-initiated payment preferred,Your payment of ₹100.00 is still pending. Please use the secure payment link to complete your transaction.,2026-08-31 14:12:09.991113,,,
,100.0,BANK_DECLINED,0.2968,ESCALATE,False,Low recovery probability; automatic recovery avoided,We couldn't safely complete your payment automatically. Our support team will review the issue.,2026-08-31 14:12:10.005810,,,
,100.0,BANK_DECLINED,0.7095,PAYMENT_LINK,True,Moderate recovery probability; customer-initiated payment preferred,Your payment of ₹100.00 is still pending. Please use the secure payment link to complete your transaction.,2026-08-31 14:12:10.011395,,,
,100.0,BANK_DECLINED,0.5792,PAYMENT_LINK,True,Moderate recovery probability; customer-initiated payment preferred,Your payment of ₹100.00 is still pending. Please use the secure payment link to complete your transaction.,2026-08-31 14:12:10.016756,,,
,100.0,INSUFFICIENT_FUNDS,0.6248,PAYMENT_LINK,True,Moderate recovery probability; customer-initiated payment preferred,Your payment of ₹100.00 is still pending. Please use the secure payment link to complete your transaction.,2026-08-31 14:12:10.022124,,,
,100.0,NETWORK_ERROR,0.7559,PAYMENT_LINK,True,Moderate recovery probability; customer-initiated payment preferred,Your payment of ₹100.00 is still pending. Please use the secure payment link to complete your transaction.,2026-08-31 14:12:10.027400,,,
,100.0,NETWORK_ERROR,0.8698,RETRY,True,High recovery probability and temporary payment failure,Your payment of ₹100.00 could not be completed due to a temporary issue. We will safely retry the payment.,2026-08-31 14:12:10.032535,,,
,100.0,TIMEOUT,0.6881,PAYMENT_LINK,True,Moderate recovery probability; customer-initiated payment preferred,Your payment of ₹100.00 is still pending. Please use the secure payment link to complete your transaction.,2026-08-31 14:12:10.037752,,,
,100.0,TIMEOUT,0.757,PAYMENT_LINK,True,Moderate recovery probability; customer-initiated payment preferred,Your payment of ₹100.00 is still pending. Please use the secure payment link to complete your transaction.,2026-08-31 14:12:10.042638,,,
,100.0,TIMEOUT,0.5532,PAYMENT_LINK,True,Moderate recovery probability; customer-initiated payment preferred,Your payment of ₹100.00 is still pending. Please use the secure payment link to complete your transaction.,2026-08-31 14:12:10.047615,,,
,100.0,INSUFFICIENT_FUNDS,0.5891,PAYMENT_LINK,True,Moderate recovery probability; customer-initiated payment preferred,Your payment of ₹100.00 is still pending. Please use the secure payment link to complete your transaction.,2026-08-31 14:12:10.052498,,,
,100.0,TIMEOUT,0.8195,RETRY,True,High recovery probability and temporary payment failure,Your payment of ₹100.00 could not be completed due to a temporary issue. We will safely retry the payment.,2026-08-31 14:12:10.057290,,,
,100.0,NETWORK_ERROR,0.9156,RETRY,True,High recovery probability and temporary payment failure,Your payment of ₹100.00 could not be completed due to a temporary issue. We will safely retry the payment.,2026-08-31 14:12:10.062092,,,
,100.0,CARD_EXPIRED,0.8431,UPDATE_CARD,True,Payment method requires customer update,Your saved payment method appears to have expired. Please update your payment details to complete the transaction.,2026-08-31 14:12:10.068053,,,
,100.0,LIMIT_EXCEEDED,0.4911,ESCALATE,False,Low recovery probability; automatic recovery avoided,We couldn't safely complete your payment automatically. Our support team will review the issue.,2026-08-31 14:12:10.073053,,,
,100.0,NETWORK_ERROR,0.8964,RETRY,True,High recovery probability and temporary payment failure,Your payment of ₹100.00 could not be completed due to a temporary issue. We will safely retry the payment.,2026-08-31 14:12:10.078007,,,
,100.0,CARD_EXPIRED,0.6099,PAYMENT_LINK,True,Moderate recovery probability; customer-initiated payment preferred,Your payment of ₹100.00 is still pending. Please use the secure payment link to complete your transaction.,2026-08-31 14:12:10.083007,,,
,124.23,TIMEOUT,0.6817,PAYMENT_LINK,True,Moderate recovery probability; customer-initiated payment preferred,Your payment of ₹124.23 is still pending. Please use the secure payment link to complete your transaction.,2026-08-31 14:12:10.087985,,,
,100.0,BANK_DECLINED,0.9221,PAYMENT_LINK,True,Moderate recovery probability; customer-initiated payment preferred,Your payment of ₹100.00 is still pending. Please use the secure payment link to complete your transaction.,2026-08-31 14:12:10.092852,,,
,100.0,INSUFFICIENT_FUNDS,0.5154,PAYMENT_LINK,True,Moderate recovery probability; customer-initiated payment preferred,Your payment of ₹100.00 is still pending. Please use the secure payment link to complete your transaction.,2026-08-31 14:12:10.097751,,,
,100.0,INSUFFICIENT_FUNDS,0.5129,PAYMENT_LINK,True,Moderate recovery probability; customer-initiated payment preferred,Your payment of ₹100.00 is still pending. Please use the secure payment link to complete your transaction.,2026-08-31 14:12:10.102593,,,
,100.0,LIMIT_EXCEEDED,0.4606,ESCALATE,False,Low recovery probability; automatic recovery avoided,We couldn't safely complete your payment automatically. Our support team will review the issue.,2026-08-31 14:12:10.107378,,,
,100.0,NETWORK_ERROR,0.7631,PAYMENT_LINK,True,Moderate recovery probability; customer-initiated payment preferred,Your payment of ₹100.00 is still pending. Please use the secure payment link to complete your transaction.,2026-08-31 14:12:10.112229,,,
,100.0,NETWORK_ERROR,0.5722,PAYMENT_LINK,True,Moderate recovery probability; customer-initiated payment preferred,Your payment of ₹100.00 is still pending. Please use the secure payment link to complete your transaction.,2026-08-31 14:12:10.117229,,,
,100.0,INSUFFICIENT_FUNDS,0.7389,PAYMENT_LINK,True,Moderate recovery probability; customer-initiated payment preferred,Your payment of ₹100.00 is still pending. Please use the secure payment link to complete your transaction.,2026-08-31 14:12:10.122229,,,
,100.0,CARD_EXPIRED,0.6014,PAYMENT_LINK,True,Moderate recovery probability; customer-initiated payment preferred,Your payment of ₹100.00 is still pending. Please use the secure payment link to complete your transaction.,2026-08-31 14:12:10.127169,,,
,100.0,BANK_DECLINED,0.2254,ESCALATE,False,Low recovery probability; automatic recovery avoided,We couldn't safely complete your payment automatically. Our support team will review the issue.,2026-08-31 14:12:10.132128,,,
,100.0,INSUFFICIENT_FUNDS,0.547,PAYMENT_LINK,True,Moderate recovery probability; customer-initiated payment preferred,Your payment of ₹100.00 is still pending. Please use the secure payment link to complete your transaction.,2026-08-31 14:12:10.137174,,,
,100.0,CARD_EXPIRED,0.5948,PAYMENT_LINK,True,Moderate recovery probability; customer-initiated payment preferred,Your payment of ₹100.00 is still pending. Please use the secure payment link to complete your transaction.,2026-08-31 14:12:10.142169,,,
,100.0,INSUFFICIENT_FUNDS,0.6221,PAYMENT_LINK,True,Moderate recovery probability; customer-initiated payment preferred,Your payment of ₹100.00 is still pending. Please use the secure payment link to complete your transaction.,2026-08-31 14:12:10.147250,,,
,159.15,CARD_EXPIRED,0.6725,PAYMENT_LINK,True,Moderate recovery probability; customer-initiated payment preferred,Your payment of ₹159.15 is still pending. Please use the secure payment link to complete your transaction.,2026-08-31 14:12:10.152258,,,
,100.0,CARD_EXPIRED,0.7932,PAYMENT_LINK,True,Moderate recovery probability; customer-initiated payment preferred,Your payment of ₹100.00 is still pending. Please use the secure payment link to complete your transaction.,2026-08-31 14:12:10.157439,,,
,100.0,LIMIT_EXCEEDED,0.3849,ESCALATE,False,Low recovery probability; automatic recovery avoided,We couldn't safely complete your payment automatically. Our support team will review the issue.,2026-08-31 14:12:10.162611,,,
,100.0,INSUFFICIENT_FUNDS,0.8142,REMINDER,True,Customer has high recovery likelihood; reminder is safer than repeated retry,Your payment of ₹100.00 could not be completed. Please try again when convenient.,2026-08-31 14:12:10.167824,,,
,100.0,BANK_DECLINED,0.5585,PAYMENT_LINK,True,Moderate recovery probability; customer-initiated payment preferred,Your payment of ₹100.00 is still pending. Please use the secure payment link to complete your transaction.,2026-08-31 14:12:10.172835,,,
,100.0,TIMEOUT,0.7732,PAYMENT_LINK,True,Moderate recovery probability; customer-initiated payment preferred,Your payment of ₹100.00 is still pending. Please use the secure payment link to complete your transaction.,2026-08-31 14:12:10.177943,,,
,100.0,INSUFFICIENT_FUNDS,0.5399,PAYMENT_LINK,True,Moderate recovery probability; customer-initiated payment preferred,Your payment of ₹100.00 is still pending. Please use the secure payment link to complete your transaction.,2026-08-31 14:12:10.182837,,,
,100.0,NETWORK_ERROR,0.6119,PAYMENT_LINK,True,Moderate recovery probability; customer-initiated payment preferred,Your payment of ₹100.00 is still pending. Please use the secure payment link to complete your transaction.,2026-08-31 14:12:10.187792,,,
,100.0,CARD_EXPIRED,0.7752,PAYMENT_LINK,True,Moderate recovery probability; customer-initiated payment preferred,Your payment of ₹100.00 is still pending. Please use the secure payment link to complete your transaction.,2026-08-31 14:12:10.192747,,,
,100.0,LIMIT_EXCEEDED,0.4455,ESCALATE,False,Low recovery probability; automatic recovery avoided,We couldn't safely complete your payment automatically. Our support team will review the issue.,2026-08-31 14:12:10.197589,,,
,100.0,TIMEOUT,0.6688,PAYMENT_LINK,True,Moderate recovery probability; customer-initiated payment preferred,Your payment of ₹100.00 is still pending. Please use the secure payment link to complete your transaction.,2026-08-31 14:12:10.202615,,,
,100.0,CARD_EXPIRED,0.7155,PAYMENT_LINK,True,Moderate recovery probability; customer-initiated payment preferred,Your payment of ₹100.00 is still pending. Please use the secure payment link to complete your transaction.,2026-08-31 14:12:10.207558,,,
,100.0,UNKNOWN_ERROR,0.2256,ESCALATE,False,Low recovery probability; automatic recovery avoided,We couldn't safely complete your payment automatically. Our support team will review the issue.,2026-08-31 14:12:10.212521,,,
,100.0,LIMIT_EXCEEDED,0.4981,ESCALATE,False,Low recovery probability; automatic recovery avoided,We couldn't safely complete your payment automatically. Our support team will review the issue.,2026-08-31 14:12:10.217403,,,
,100.0,LIMIT_EXCEEDED,0.4909,ESCALATE,False,Low recovery probability; automatic recovery avoided,We couldn't safely complete your payment automatically. Our support team will review the issue.,2026-08-31 14:12:10.222392,,,
,100.0,CARD_EXPIRED,0.399,ESCALATE,False,Low recovery probability; automatic recovery avoided,We couldn't safely complete your payment automatically. Our support team will review the issue.,2026-08-31 14:12:10.227417,,,
,100.0,NETWORK_ERROR,0.7351,PAYMENT_LINK,True,Moderate recovery probability; customer-initiated payment preferred,Your payment of ₹100.00 is still pending. Please use the secure payment link to complete your transaction.,2026-08-31 14:12:10.232307,,,
,100.0,INSUFFICIENT_FUNDS,0.5683,PAYMENT_LINK,True,Moderate recovery probability; customer-initiated payment preferred,Your payment of ₹100.00 is still pending. Please use the secure payment link to complete your transaction.,2026-08-31 14:12:10.237200,,,
,100.0,LIMIT_EXCEEDED,0.2757,ESCALATE,False,Low recovery probability; automatic recovery avoided,We couldn't safely complete your payment automatically. Our support team will review the issue.,2026-08-31 14:12:10.242111,,,
,100.0,NETWORK_ERROR,0.7796,PAYMENT_LINK,True,Moderate recovery probability; customer-initiated payment preferred,Your payment of ₹100.00 is still pending. Please use the secure payment link to complete your transaction.,2026-08-31 14:12:10.247019,,,
,100.0,BANK_DECLINED,0.9102,PAYMENT_LINK,True,Moderate recovery probability; customer-initiated payment preferred,Your payment of ₹100.00 is still pending. Please use the secure payment link to complete your transaction.,2026-08-31 14:12:10.252012,,,
,100.0,INSUFFICIENT_FUNDS,0.4082,ESCALATE,False,Low recovery probability; automatic recovery avoided,We couldn't safely complete your payment automatically. Our support team will review the issue.,2026-08-31 14:12:10.257258,,,
,100.0,BANK_DECLINED,0.3752,ESCALATE,False,Low recovery probability; automatic recovery avoided,We couldn't safely complete your payment automatically. Our support team will review the issue.,2026-08-31 14:12:10.263803,,,
,100.0,TIMEOUT,0.6893,PAYMENT_LINK,True,Moderate recovery probability; customer-initiated payment preferred,Your payment of ₹100.00 is still pending. Please use the secure payment link to complete your transaction.,2026-08-31 14:12:10.269425,,,
,100.0,BANK_DECLINED,0.4219,ESCALATE,False,Low recovery probability; automatic recovery avoided,We couldn't safely complete your payment automatically. Our support team will review the issue.,2026-08-31 14:12:10.275085,,,
,100.0,BANK_DECLINED,0.2915,ESCALATE,False,Low recovery probability; automatic recovery avoided,We couldn't safely complete your payment automatically. Our support team will review the issue.,2026-08-31 14:12:10.280649,,,
,100.0,TIMEOUT,0.5522,PAYMENT_LINK,True,Moderate recovery probability; customer-initiated payment preferred,Your payment of ₹100.00 is still pending. Please use the secure payment link to complete your transaction.,2026-08-31 14:12:10.286340,,,
,100.0,CARD_EXPIRED,0.7593,PAYMENT_LINK,True,Moderate recovery probability; customer-initiated payment preferred,Your payment of ₹100.00 is still pending. Please use the secure payment link to complete your transaction.,2026-08-31 14:12:10.291840,,,
,100.0,NETWORK_ERROR,0.7216,PAYMENT_LINK,True,Moderate recovery probability; customer-initiated payment preferred,Your payment of ₹100.00 is still pending. Please use the secure payment link to complete your transaction.,2026-08-31 14:12:10.297085,,,
,100.0,NETWORK_ERROR,0.8963,RETRY,True,High recovery probability and temporary payment failure,Your payment of ₹100.00 could not be completed due to a temporary issue. We will safely retry the payment.,2026-08-31 14:12:10.302177,,,
,100.0,BANK_DECLINED,0.2971,ESCALATE,False,Low recovery probability; automatic recovery avoided,We couldn't safely complete your payment automatically. Our support team will review the issue.,2026-08-31 14:12:10.307147,,,
,100.0,NETWORK_ERROR,0.5026,PAYMENT_LINK,True,Moderate recovery probability; customer-initiated payment preferred,Your payment of ₹100.00 is still pending. Please use the secure payment link to complete your transaction.,2026-08-31 14:12:10.312103,,,
,100.0,BANK_DECLINED,0.4185,ESCALATE,False,Low recovery probability; automatic recovery avoided,We couldn't safely complete your payment automatically. Our support team will review the issue.,2026-08-31 14:12:10.317129,,,
,100.0,INSUFFICIENT_FUNDS,0.9119,REMINDER,True,Customer has high recovery likelihood; reminder is safer than repeated retry,Your payment of ₹100.00 could not be completed. Please try again when convenient.,2026-08-31 14:12:10.321970,,,
,100.0,NETWORK_ERROR,0.8979,RETRY,True,High recovery probability and temporary payment failure,Your payment of ₹100.00 could not be completed due to a temporary issue. We will safely retry the payment.,2026-08-31 14:12:10.326950,,,
,100.0,TIMEOUT,0.7497,PAYMENT_LINK,True,Moderate recovery probability; customer-initiated payment preferred,Your payment of ₹100.00 is still pending. Please use the secure payment link to complete your transaction.,2026-08-31 14:12:10.331837,,,
,7977.35,NETWORK_ERROR,0.8983,RETRY,True,High recovery probability and temporary payment failure,"Your payment of ₹7,977.35 could not be completed due to a temporary issue. We will safely retry the payment.",2026-08-31 14:12:10.336800,,,
,172.14,BANK_DECLINED,0.2697,ESCALATE,False,Low recovery probability; automatic recovery avoided,We couldn't safely complete your payment automatically. Our support team will review the issue.,2026-08-31 14:12:10.341803,,,
,100.0,NETWORK_ERROR,0.6178,PAYMENT_LINK,True,Moderate recovery probability; customer-initiated payment preferred,Your payment of ₹100.00 is still pending. Please use the secure payment link to complete your transaction.,2026-08-31 14:12:10.346809,,,
,100.0,UNKNOWN_ERROR,0.1354,ESCALATE,False,Low recovery probability; automatic recovery avoided,We couldn't safely complete your payment automatically. Our support team will review the issue.,2026-08-31 14:12:10.353993,,,
,100.0,INSUFFICIENT_FUNDS,0.5536,PAYMENT_LINK,True,Moderate recovery probability; customer-initiated payment preferred,Your payment of ₹100.00 is still pending. Please use the secure payment link to complete your transaction.,2026-08-31 14:12:10.358970,,,
,100.0,INSUFFICIENT_FUNDS,0.6248,PAYMENT_LINK,True,Moderate recovery probability; customer-initiated payment preferred,Your payment of ₹100.00 is still pending. Please use the secure payment link to complete your transaction.,2026-08-31 14:12:10.363917,,,
,100.0,NETWORK_ERROR,0.6933,PAYMENT_LINK,True,Moderate recovery probability; customer-initiated payment preferred,Your payment of ₹100.00 is still pending. Please use the secure payment link to complete your transaction.,2026-08-31 14:12:10.368859,,,
,100.0,CARD_EXPIRED,0.8644,UPDATE_CARD,True,Payment method requires customer update,Your saved payment method appears to have expired. Please update your payment details to complete the transaction.,2026-08-31 14:12:10.373704,,,
,100.0,LIMIT_EXCEEDED,0.45,ESCALATE,False,Low recovery probability; automatic recovery avoided,We couldn't safely complete your payment automatically. Our support team will review the issue.,2026-08-31 14:12:10.378640,,,
,206.87,INSUFFICIENT_FUNDS,0.7082,PAYMENT_LINK,True,Moderate recovery probability; customer-initiated payment preferred,Your payment of ₹206.87 is still pending. Please use the secure payment link to complete your transaction.,2026-08-31 14:12:10.383630,,,
,100.0,TIMEOUT,0.8284,RETRY,True,High recovery probability and temporary payment failure,Your payment of ₹100.00 could not be completed due to a temporary issue. We will safely retry the payment.,2026-08-31 14:12:10.388602,,,
,100.0,TIMEOUT,0.7301,PAYMENT_LINK,True,Moderate recovery probability; customer-initiated payment preferred,Your payment of ₹100.00 is still pending. Please use the secure payment link to complete your transaction.,2026-08-31 14:12:10.393527,,,
,100.0,CARD_EXPIRED,0.3053,ESCALATE,False,Low recovery probability; automatic recovery avoided,We couldn't safely complete your payment automatically. Our support team will review the issue.,2026-08-31 14:12:10.398354,,,
TXN_DEMO_001,2500.0,NETWORK_ERROR,0.8858,RETRY,True,High recovery probability and temporary payment failure.,"Your payment of ₹2,500.00 encountered a temporary issue. We will safely retry it.",2026-09-01T12:40:31.803364,1.0,0.0,
TXN_DEMO_001,2500.0,NETWORK_ERROR,0.8858,RETRY,True,High recovery probability and temporary payment failure.,"Your payment of ₹2,500.00 encountered a temporary issue. We will safely retry it.",2026-09-01T12:47:31.882574,1.0,0.0,
TXN_DEMO_,15000.0,NETWORK_ERROR,0.8858,RETRY,True,High recovery probability and temporary payment failure.,"Your payment of ₹15,000.00 encountered a temporary issue. We will safely retry it.",2026-09-01T22:10:23.152751,1.0,1.0,
TXN_DEMO_1788282338603,7000.0,CARD_EXPIRED,0.839,UPDATE_CARD,True,Payment method appears expired; customer should update card details.,Your payment method appears to have expired. Please update your payment details.,2026-09-01T22:35:38.635804,1.0,1.0,0.0
TXN_DEMO_1788282540743,15000.0,LIMIT_EXCEEDED,0.6772,ESCALATE,False,Maximum automatic retry limit reached.,We could not safely complete your payment automatically. Our support team will review it.,2026-09-01T22:39:00.778760,1.0,2.0,0.0
