transaction_id,intervention,recovered,amount_recovered,recovery_time_hours
TXN000001,REMINDER,1,100.0,8.0
TXN000002,PAYMENT_LINK,1,100.0,34.0
TXN000003,PAYMENT_LINK,1,100.0,59.0
TXN000004,RETRY,1,100.0,18.0
TXN000005,PAYMENT_LINK,0,0.0,
TXN000006,RETRY,1,100.0,27.0
TXN000007,PAYMENT_LINK,0,0.0,
TXN000008,PAYMENT_LINK,1,100.0,10.0
TXN000009,RETRY,1,100.0,22.0
TXN000010,PAYMENT_LINK,1,100.0,16.0
TXN000011,RETRY,1,100.0,12.0
TXN000012,PAYMENT_LINK,0,0.0,
TXN000013,PAYMENT_LINK,1,100.0,1.0
TXN000014,UPDATE_CARD,0,0.0,
TXN000015,RETRY,1,100.0,67.0
TXN000016,RETRY,1,100.0,12.0
TXN000017,PAYMENT_LINK,1,100.0,30.0
TXN000018,RETRY,0,0.0,
TXN000019,UPDATE_CARD,0,0.0,
TXN000020,PAYMENT_LINK,1,100.0,61.0
TXN000021,UPDATE_CARD,1,100.0,54.0
TXN000022,PAYMENT_LINK,1,100.0,37.0
TXN000023,ESCALATE,1,100.0,65.0
TXN000024,PAYMENT_LINK,0,0.0,
TXN000025,PAYMENT_LINK,0,0.0,
TXN000026,PAYMENT_LINK,1,100.0,4.0
TXN000027,RETRY,1,100.0,64.0
TXN000028,RETRY,1,100.0,51.0
TXN000029,PAYMENT_LINK,0,0.0,
TXN000030,RETRY,1,100.0,60.0
TXN000031,RETRY,1,100.0,31.0
TXN000032,PAYMENT_LINK,1,100.0,72.0
TXN000033,UPDATE_CARD,1,100.0,58.0
TXN000034,UPDATE_CARD,0,0.0,
TXN000035,RETRY,1,100.0,22.0
TXN000036,PAYMENT_LINK,1,100.0,3.0
TXN000037,UPDATE_CARD,0,0.0,
TXN000038,ESCALATE,1,100.0,38.0
TXN000039,PAYMENT_LINK,0,0.0,
TXN000040,PAYMENT_LINK,1,100.0,48.0
TXN000041,PAYMENT_LINK,0,0.0,
TXN000042,UPDATE_CARD,1,100.0,26.0
TXN000043,RETRY,0,0.0,
TXN000044,UPDATE_CARD,0,0.0,
TXN000045,UPDATE_CARD,1,100.0,38.0
TXN000046,UPDATE_CARD,1,100.0,10.0
TXN000047,REMINDER,1,343.65,42.0
TXN000048,PAYMENT_LINK,0,0.0,
TXN000049,RETRY,1,100.0,26.0
TXN000050,PAYMENT_LINK,1,100.0,12.0
TXN000051,RETRY,1,100.0,49.0
TXN000052,PAYMENT_LINK,1,100.0,14.0
TXN000053,PAYMENT_LINK,1,100.0,46.0
TXN000054,RETRY,1,100.0,35.0
TXN000055,PAYMENT_LINK,0,0.0,
TXN000056,UPDATE_CARD,1,100.0,12.0
TXN000057,PAYMENT_LINK,0,0.0,
TXN000058,RETRY,0,0.0,
TXN000059,UPDATE_CARD,0,0.0,
TXN000060,RETRY,1,100.0,59.0
TXN000061,PAYMENT_LINK,1,100.0,17.0
TXN000062,PAYMENT_LINK,1,100.0,10.0
TXN000063,PAYMENT_LINK,1,100.0,18.0
TXN000064,RETRY,0,0.0,
TXN000065,PAYMENT_LINK,0,0.0,
TXN000066,RETRY,0,0.0,
TXN000067,PAYMENT_LINK,1,100.0,1.0
TXN000068,RETRY,0,0.0,
TXN000069,PAYMENT_LINK,1,100.0,31.0
TXN000070,RETRY,0,0.0,
TXN000071,UPDATE_CARD,1,100.0,66.0
TXN000072,PAYMENT_LINK,0,0.0,
TXN000073,PAYMENT_LINK,1,100.0,53.0
TXN000074,RETRY,0,0.0,
TXN000075,ESCALATE,0,0.0,
TXN000076,PAYMENT_LINK,1,100.0,15.0
TXN000077,UPDATE_CARD,0,0.0,
TXN000078,PAYMENT_LINK,1,100.0,3.0
TXN000079,REMINDER,1,113.93,20.0
TXN000080,PAYMENT_LINK,1,100.0,40.0
TXN000081,RETRY,1,100.0,39.0
TXN000082,RETRY,0,0.0,
TXN000083,PAYMENT_LINK,1,100.0,18.0
TXN000084,RETRY,1,100.0,41.0
TXN000085,RETRY,0,0.0,
TXN000086,PAYMENT_LINK,1,100.0,27.0
TXN000087,PAYMENT_LINK,1,100.0,15.0
TXN000088,RETRY,1,100.0,37.0
TXN000089,UPDATE_CARD,1,100.0,58.0
TXN000090,RETRY,1,100.0,5.0
TXN000091,RETRY,1,100.0,7.0
TXN000092,RETRY,1,100.0,41.0
TXN000093,PAYMENT_LINK,0,0.0,
TXN000094,RETRY,0,0.0,
TXN000095,RETRY,0,0.0,
TXN000096,PAYMENT_LINK,0,0.0,
TXN000097,PAYMENT_LINK,1,100.0,24.0
TXN000098,RETRY,1,100.0,41.0
TXN000099,PAYMENT_LINK,1,100.0,65.0
TXN000100,RETRY,1,100.0,17.0
TXN000101,PAYMENT_LINK,0,0.0,
TXN000102,UPDATE_CARD,1,100.0,27.0
TXN000103,UPDATE_CARD,1,100.0,7.0
TXN000104,PAYMENT_LINK,1,100.0,12.0
TXN000105,RETRY,1,100.0,3.0
TXN000106,RETRY,1,100.0,10.0
TXN000107,REMINDER,0,0.0,
TXN000108,RETRY,1,100.0,46.0
TXN000109,PAYMENT_LINK,0,0.0,
TXN000110,ESCALATE,0,0.0,
TXN000111,ESCALATE,1,100.0,6.0
TXN000112,PAYMENT_LINK,1,100.0,2.0
TXN000113,UPDATE_CARD,1,100.0,29.0
TXN000114,PAYMENT_LINK,1,100.0,40.0
TXN000115,RETRY,0,0.0,
TXN000116,UPDATE_CARD,0,0.0,
TXN000117,PAYMENT_LINK,1,100.0,68.0
TXN000118,PAYMENT_LINK,0,0.0,
TXN000119,PAYMENT_LINK,0,0.0,
TXN000120,RETRY,1,100.0,60.0
TXN000121,RETRY,1,100.0,41.0
TXN000122,PAYMENT_LINK,0,0.0,
TXN000123,RETRY,1,100.0,64.0
TXN000124,PAYMENT_LINK,1,100.0,63.0
TXN000125,PAYMENT_LINK,0,0.0,
TXN000126,UPDATE_CARD,0,0.0,
TXN000127,PAYMENT_LINK,1,100.0,37.0
TXN000128,RETRY,1,100.0,64.0
TXN000129,RETRY,0,0.0,
TXN000130,PAYMENT_LINK,0,0.0,
TXN000131,UPDATE_CARD,1,100.0,39.0
TXN000132,PAYMENT_LINK,1,100.0,67.0
TXN000133,RETRY,0,0.0,
TXN000134,RETRY,1,100.0,24.0
TXN000135,ESCALATE,0,0.0,
TXN000136,PAYMENT_LINK,0,0.0,
TXN000137,UPDATE_CARD,1,100.0,67.0
TXN000138,RETRY,0,0.0,
TXN000139,UPDATE_CARD,1,100.0,29.0
TXN000140,PAYMENT_LINK,1,100.0,32.0
TXN000141,UPDATE_CARD,1,100.0,39.0
TXN000142,RETRY,1,100.0,9.0
TXN000143,UPDATE_CARD,1,100.0,14.0
TXN000144,PAYMENT_LINK,1,100.0,68.0
TXN000145,PAYMENT_LINK,1,100.0,64.0
TXN000146,PAYMENT_LINK,1,100.0,20.0
TXN000147,UPDATE_CARD,1,100.0,28.0
TXN000148,PAYMENT_LINK,0,0.0,
TXN000149,UPDATE_CARD,1,100.0,44.0
TXN000150,RETRY,1,100.0,39.0
TXN000151,RETRY,0,0.0,
TXN000152,RETRY,1,100.0,64.0
TXN000153,PAYMENT_LINK,1,100.0,32.0
TXN000154,PAYMENT_LINK,0,0.0,
TXN000155,UPDATE_CARD,1,100.0,28.0
TXN000156,RETRY,1,100.0,17.0
TXN000157,RETRY,1,101.71,55.0
TXN000158,PAYMENT_LINK,1,100.0,10.0
TXN000159,REMINDER,0,0.0,
TXN000160,RETRY,1,100.0,48.0
TXN000161,UPDATE_CARD,1,100.0,67.0
TXN000162,RETRY,1,100.0,41.0
TXN000163,RETRY,1,100.0,60.0
TXN000164,PAYMENT_LINK,0,0.0,
TXN000165,RETRY,1,100.0,71.0
TXN000166,ESCALATE,0,0.0,
TXN000167,RETRY,1,100.0,13.0
TXN000168,RETRY,1,100.0,15.0
TXN000169,PAYMENT_LINK,1,100.0,36.0
TXN000170,PAYMENT_LINK,0,0.0,
TXN000171,PAYMENT_LINK,1,100.0,56.0
TXN000172,UPDATE_CARD,0,0.0,
TXN000173,RETRY,0,0.0,
TXN000174,RETRY,1,100.0,10.0
TXN000175,PAYMENT_LINK,1,100.0,45.0
TXN000176,PAYMENT_LINK,0,0.0,
TXN000177,PAYMENT_LINK,1,100.0,53.0
TXN000178,RETRY,1,100.0,29.0
TXN000179,PAYMENT_LINK,1,161.32,23.0
TXN000180,PAYMENT_LINK,1,100.0,57.0
TXN000181,PAYMENT_LINK,0,0.0,
TXN000182,PAYMENT_LINK,1,100.0,21.0
TXN000183,PAYMENT_LINK,0,0.0,
TXN000184,PAYMENT_LINK,0,0.0,
TXN000185,PAYMENT_LINK,1,100.0,30.0
TXN000186,PAYMENT_LINK,1,100.0,51.0
TXN000187,UPDATE_CARD,0,0.0,
TXN000188,PAYMENT_LINK,1,100.0,18.0
TXN000189,PAYMENT_LINK,0,0.0,
TXN000190,PAYMENT_LINK,1,100.0,64.0
TXN000191,RETRY,1,100.0,21.0
TXN000192,PAYMENT_LINK,0,0.0,
TXN000193,PAYMENT_LINK,1,100.0,15.0
TXN000194,PAYMENT_LINK,1,100.0,36.0
TXN000195,RETRY,1,100.0,47.0
TXN000196,PAYMENT_LINK,0,0.0,
TXN000197,PAYMENT_LINK,1,100.0,32.0
TXN000198,RETRY,1,100.0,58.0
TXN000199,REMINDER,1,100.0,46.0
TXN000200,RETRY,1,100.0,54.0
TXN000201,RETRY,1,100.0,33.0
TXN000202,ESCALATE,1,100.0,39.0
TXN000203,UPDATE_CARD,1,100.0,23.0
TXN000204,PAYMENT_LINK,0,0.0,
TXN000205,ESCALATE,0,0.0,
TXN000206,PAYMENT_LINK,0,0.0,
TXN000207,PAYMENT_LINK,0,0.0,
TXN000208,PAYMENT_LINK,1,100.0,38.0
TXN000209,PAYMENT_LINK,1,100.0,29.0
TXN000210,RETRY,1,100.0,67.0
TXN000211,PAYMENT_LINK,0,0.0,
TXN000212,RETRY,1,100.0,36.0
TXN000213,PAYMENT_LINK,1,100.0,29.0
TXN000214,PAYMENT_LINK,0,0.0,
TXN000215,PAYMENT_LINK,1,100.0,45.0
TXN000216,UPDATE_CARD,1,100.0,16.0
TXN000217,PAYMENT_LINK,1,100.0,31.0
TXN000218,PAYMENT_LINK,0,0.0,
TXN000219,RETRY,0,0.0,
TXN000220,RETRY,1,100.0,65.0
TXN000221,RETRY,1,100.0,62.0
TXN000222,PAYMENT_LINK,0,0.0,
TXN000223,RETRY,1,100.0,56.0
TXN000224,PAYMENT_LINK,1,100.0,15.0
TXN000225,PAYMENT_LINK,1,100.0,48.0
TXN000226,RETRY,1,100.0,49.0
TXN000227,UPDATE_CARD,1,100.0,44.0
TXN000228,PAYMENT_LINK,1,100.0,10.0
TXN000229,RETRY,1,100.0,20.0
TXN000230,UPDATE_CARD,1,100.0,70.0
TXN000231,UPDATE_CARD,0,0.0,
TXN000232,PAYMENT_LINK,1,100.0,45.0
TXN000233,PAYMENT_LINK,0,0.0,
TXN000234,PAYMENT_LINK,1,100.0,51.0
TXN000235,REMINDER,1,100.0,4.0
TXN000236,RETRY,1,100.0,39.0
TXN000237,UPDATE_CARD,1,100.0,24.0
TXN000238,UPDATE_CARD,0,0.0,
TXN000239,RETRY,1,100.0,26.0
TXN000240,REMINDER,0,0.0,
TXN000241,ESCALATE,1,100.0,36.0
TXN000242,PAYMENT_LINK,0,0.0,
TXN000243,PAYMENT_LINK,1,100.0,58.0
TXN000244,PAYMENT_LINK,0,0.0,
TXN000245,PAYMENT_LINK,1,100.0,1.0
TXN000246,UPDATE_CARD,0,0.0,
TXN000247,PAYMENT_LINK,0,0.0,
TXN000248,PAYMENT_LINK,0,0.0,
TXN000249,REMINDER,1,100.0,68.0
TXN000250,REMINDER,1,129.19,6.0
TXN000251,PAYMENT_LINK,1,100.0,26.0
TXN000252,ESCALATE,0,0.0,
TXN000253,UPDATE_CARD,1,100.0,39.0
TXN000254,RETRY,1,100.0,9.0
TXN000255,PAYMENT_LINK,0,0.0,
TXN000256,PAYMENT_LINK,1,100.0,14.0
TXN000257,RETRY,1,100.0,55.0
TXN000258,PAYMENT_LINK,1,100.0,9.0
TXN000259,PAYMENT_LINK,1,100.0,15.0
TXN000260,PAYMENT_LINK,1,100.0,37.0
TXN000261,RETRY,1,100.0,50.0
TXN000262,PAYMENT_LINK,1,100.0,72.0
TXN000263,UPDATE_CARD,0,0.0,
TXN000264,RETRY,1,100.0,57.0
TXN000265,ESCALATE,0,0.0,
TXN000266,PAYMENT_LINK,0,0.0,
TXN000267,RETRY,1,100.0,6.0
TXN000268,PAYMENT_LINK,0,0.0,
TXN000269,PAYMENT_LINK,0,0.0,
TXN000270,RETRY,1,100.0,42.0
TXN000271,RETRY,1,100.0,3.0
TXN000272,RETRY,1,100.0,1.0
TXN000273,RETRY,0,0.0,
TXN000274,PAYMENT_LINK,1,100.0,15.0
TXN000275,PAYMENT_LINK,0,0.0,
TXN000276,RETRY,0,0.0,
TXN000277,RETRY,1,100.0,58.0
TXN000278,RETRY,1,100.0,71.0
TXN000279,PAYMENT_LINK,0,0.0,
TXN000280,PAYMENT_LINK,0,0.0,
TXN000281,ESCALATE,0,0.0,
TXN000282,PAYMENT_LINK,1,100.0,35.0
TXN000283,RETRY,1,100.0,57.0
TXN000284,PAYMENT_LINK,1,100.0,29.0
TXN000285,REMINDER,1,100.0,50.0
TXN000286,PAYMENT_LINK,0,0.0,
TXN000287,ESCALATE,0,0.0,
TXN000288,RETRY,1,100.0,14.0
TXN000289,RETRY,0,0.0,
TXN000290,PAYMENT_LINK,0,0.0,
TXN000291,RETRY,0,0.0,
TXN000292,PAYMENT_LINK,0,0.0,
TXN000293,RETRY,1,100.0,7.0
TXN000294,RETRY,1,100.0,39.0
TXN000295,PAYMENT_LINK,0,0.0,
TXN000296,RETRY,1,100.0,35.0
TXN000297,PAYMENT_LINK,0,0.0,
TXN000298,UPDATE_CARD,1,100.0,14.0
TXN000299,PAYMENT_LINK,1,100.0,63.0
TXN000300,RETRY,1,100.0,36.0
TXN000301,PAYMENT_LINK,1,100.0,24.0
TXN000302,RETRY,1,100.0,40.0
TXN000303,PAYMENT_LINK,1,100.0,29.0
TXN000304,PAYMENT_LINK,1,100.0,53.0
TXN000305,PAYMENT_LINK,0,0.0,
TXN000306,PAYMENT_LINK,0,0.0,
TXN000307,PAYMENT_LINK,1,100.0,15.0
TXN000308,PAYMENT_LINK,0,0.0,
TXN000309,PAYMENT_LINK,1,100.0,64.0
TXN000310,PAYMENT_LINK,0,0.0,
TXN000311,RETRY,0,0.0,
TXN000312,UPDATE_CARD,0,0.0,
TXN000313,PAYMENT_LINK,0,0.0,
TXN000314,ESCALATE,1,100.0,15.0
TXN000315,REMINDER,1,100.0,70.0
TXN000316,PAYMENT_LINK,1,100.0,55.0
TXN000317,RETRY,1,100.0,53.0
TXN000318,ESCALATE,0,0.0,
TXN000319,RETRY,1,100.0,34.0
TXN000320,UPDATE_CARD,1,100.0,27.0
TXN000321,RETRY,1,100.0,13.0
TXN000322,RETRY,1,100.0,27.0
TXN000323,PAYMENT_LINK,1,100.0,69.0
TXN000324,ESCALATE,0,0.0,
TXN000325,RETRY,1,572.43,3.0
TXN000326,UPDATE_CARD,1,100.0,30.0
TXN000327,RETRY,1,100.0,21.0
TXN000328,RETRY,1,100.0,6.0
TXN000329,PAYMENT_LINK,0,0.0,
TXN000330,PAYMENT_LINK,0,0.0,
TXN000331,RETRY,1,100.0,62.0
TXN000332,PAYMENT_LINK,0,0.0,
TXN000333,RETRY,1,100.0,39.0
TXN000334,RETRY,1,100.0,64.0
TXN000335,ESCALATE,0,0.0,
TXN000336,PAYMENT_LINK,1,100.0,63.0
TXN000337,RETRY,1,100.0,31.0
TXN000338,UPDATE_CARD,1,100.0,40.0
TXN000339,PAYMENT_LINK,0,0.0,
TXN000340,RETRY,1,100.0,63.0
TXN000341,PAYMENT_LINK,1,100.0,25.0
TXN000342,PAYMENT_LINK,1,100.0,36.0
TXN000343,RETRY,1,100.0,24.0
TXN000344,RETRY,1,100.0,58.0
TXN000345,ESCALATE,1,149.07,39.0
TXN000346,PAYMENT_LINK,0,0.0,
TXN000347,RETRY,0,0.0,
TXN000348,PAYMENT_LINK,1,100.0,32.0
TXN000349,PAYMENT_LINK,0,0.0,
TXN000350,UPDATE_CARD,1,100.0,28.0
TXN000351,PAYMENT_LINK,0,0.0,
TXN000352,ESCALATE,0,0.0,
TXN000353,RETRY,1,100.0,18.0
TXN000354,PAYMENT_LINK,0,0.0,
TXN000355,PAYMENT_LINK,0,0.0,
TXN000356,PAYMENT_LINK,1,100.0,1.0
TXN000357,RETRY,1,100.0,62.0
TXN000358,ESCALATE,1,100.0,38.0
TXN000359,PAYMENT_LINK,0,0.0,
TXN000360,REMINDER,0,0.0,
TXN000361,UPDATE_CARD,1,100.0,1.0
TXN000362,RETRY,1,100.0,32.0
TXN000363,PAYMENT_LINK,0,0.0,
TXN000364,UPDATE_CARD,1,100.0,40.0
TXN000365,REMINDER,1,100.0,56.0
TXN000366,ESCALATE,1,100.0,63.0
TXN000367,UPDATE_CARD,1,100.0,36.0
TXN000368,PAYMENT_LINK,1,100.0,57.0
TXN000369,PAYMENT_LINK,0,0.0,
TXN000370,RETRY,0,0.0,
TXN000371,PAYMENT_LINK,1,100.0,68.0
TXN000372,RETRY,1,100.0,50.0
TXN000373,PAYMENT_LINK,0,0.0,
TXN000374,PAYMENT_LINK,0,0.0,
TXN000375,PAYMENT_LINK,1,4571.18,27.0
TXN000376,PAYMENT_LINK,0,0.0,
TXN000377,UPDATE_CARD,1,100.0,60.0
TXN000378,RETRY,0,0.0,
TXN000379,PAYMENT_LINK,1,100.0,21.0
TXN000380,RETRY,1,100.0,60.0
TXN000381,RETRY,1,100.0,58.0
TXN000382,PAYMENT_LINK,1,100.0,41.0
TXN000383,RETRY,1,100.0,46.0
TXN000384,RETRY,1,100.0,45.0
TXN000385,UPDATE_CARD,0,0.0,
TXN000386,PAYMENT_LINK,0,0.0,
TXN000387,PAYMENT_LINK,0,0.0,
TXN000388,ESCALATE,1,100.0,52.0
TXN000389,UPDATE_CARD,1,100.0,51.0
TXN000390,PAYMENT_LINK,0,0.0,
TXN000391,PAYMENT_LINK,1,100.0,14.0
TXN000392,UPDATE_CARD,1,100.0,49.0
TXN000393,PAYMENT_LINK,1,100.0,1.0
TXN000394,UPDATE_CARD,0,0.0,
TXN000395,PAYMENT_LINK,1,100.0,17.0
TXN000396,REMINDER,1,100.0,50.0
TXN000397,RETRY,0,0.0,
TXN000398,PAYMENT_LINK,1,100.0,59.0
TXN000399,PAYMENT_LINK,1,100.0,3.0
TXN000400,PAYMENT_LINK,1,100.0,40.0
TXN000401,RETRY,0,0.0,
TXN000402,ESCALATE,0,0.0,
TXN000403,ESCALATE,0,0.0,
TXN000404,RETRY,0,0.0,
TXN000405,RETRY,1,100.0,25.0
TXN000406,PAYMENT_LINK,0,0.0,
TXN000407,ESCALATE,0,0.0,
TXN000408,PAYMENT_LINK,0,0.0,
TXN000409,RETRY,1,100.0,62.0
TXN000410,PAYMENT_LINK,0,0.0,
TXN000411,UPDATE_CARD,1,100.0,57.0
TXN000412,RETRY,1,100.0,37.0
TXN000413,PAYMENT_LINK,1,100.0,16.0
TXN000414,RETRY,1,100.0,37.0
TXN000415,RETRY,1,100.0,24.0
TXN000416,PAYMENT_LINK,1,100.0,26.0
TXN000417,REMINDER,1,100.0,20.0
TXN000418,RETRY,1,100.0,9.0
TXN000419,REMINDER,1,100.0,29.0
TXN000420,RETRY,1,100.0,31.0
TXN000421,RETRY,1,100.0,19.0
TXN000422,RETRY,1,100.0,20.0
TXN000423,ESCALATE,1,100.0,27.0
TXN000424,PAYMENT_LINK,1,100.0,44.0
TXN000425,PAYMENT_LINK,1,100.0,35.0
TXN000426,UPDATE_CARD,1,100.0,71.0
TXN000427,ESCALATE,0,0.0,
TXN000428,RETRY,1,100.0,15.0
TXN000429,UPDATE_CARD,0,0.0,
TXN000430,PAYMENT_LINK,1,100.0,4.0
TXN000431,UPDATE_CARD,1,100.0,56.0
TXN000432,RETRY,1,100.0,23.0
TXN000433,UPDATE_CARD,0,0.0,
TXN000434,RETRY,1,100.0,17.0
TXN000435,UPDATE_CARD,1,100.0,28.0
TXN000436,PAYMENT_LINK,1,100.0,14.0
TXN000437,RETRY,1,100.0,34.0
TXN000438,PAYMENT_LINK,0,0.0,
TXN000439,RETRY,1,100.0,55.0
TXN000440,PAYMENT_LINK,1,100.0,66.0
TXN000441,PAYMENT_LINK,1,100.0,37.0
TXN000442,RETRY,1,100.0,68.0
TXN000443,PAYMENT_LINK,0,0.0,
TXN000444,ESCALATE,0,0.0,
TXN000445,RETRY,1,100.0,67.0
TXN000446,RETRY,1,100.0,52.0
TXN000447,RETRY,1,100.0,18.0
TXN000448,UPDATE_CARD,1,100.0,53.0
TXN000449,PAYMENT_LINK,1,100.0,63.0
TXN000450,PAYMENT_LINK,0,0.0,
TXN000451,PAYMENT_LINK,0,0.0,
TXN000452,RETRY,0,0.0,
TXN000453,PAYMENT_LINK,1,100.0,1.0
TXN000454,PAYMENT_LINK,1,100.0,6.0
TXN000455,PAYMENT_LINK,0,0.0,
TXN000456,RETRY,1,100.0,34.0
TXN000457,PAYMENT_LINK,1,100.0,63.0
TXN000458,PAYMENT_LINK,1,100.0,53.0
TXN000459,ESCALATE,0,0.0,
TXN000460,ESCALATE,0,0.0,
TXN000461,PAYMENT_LINK,0,0.0,
TXN000462,RETRY,1,100.0,4.0
TXN000463,RETRY,1,100.0,29.0
TXN000464,RETRY,1,100.0,25.0
TXN000465,PAYMENT_LINK,1,100.0,56.0
TXN000466,PAYMENT_LINK,0,0.0,
TXN000467,PAYMENT_LINK,1,100.0,27.0
TXN000468,PAYMENT_LINK,1,100.0,60.0
TXN000469,PAYMENT_LINK,1,100.0,49.0
TXN000470,PAYMENT_LINK,0,0.0,
TXN000471,UPDATE_CARD,1,100.0,38.0
TXN000472,RETRY,1,100.0,52.0
TXN000473,RETRY,1,100.0,1.0
TXN000474,PAYMENT_LINK,1,100.0,40.0
TXN000475,RETRY,0,0.0,
TXN000476,PAYMENT_LINK,0,0.0,
TXN000477,RETRY,1,100.0,50.0
TXN000478,UPDATE_CARD,0,0.0,
TXN000479,RETRY,1,111.95,32.0
TXN000480,RETRY,1,100.0,49.0
TXN000481,PAYMENT_LINK,0,0.0,
TXN000482,RETRY,0,0.0,
TXN000483,PAYMENT_LINK,0,0.0,
TXN000484,PAYMENT_LINK,0,0.0,
TXN000485,UPDATE_CARD,1,100.0,65.0
TXN000486,ESCALATE,0,0.0,
TXN000487,RETRY,0,0.0,
TXN000488,UPDATE_CARD,1,100.0,18.0
TXN000489,UPDATE_CARD,1,100.0,54.0
TXN000490,PAYMENT_LINK,0,0.0,
TXN000491,RETRY,1,100.0,6.0
TXN000492,PAYMENT_LINK,1,100.0,66.0
TXN000493,UPDATE_CARD,1,100.0,9.0
TXN000494,RETRY,1,100.0,68.0
TXN000495,REMINDER,0,0.0,
TXN000496,RETRY,1,100.0,43.0
TXN000497,UPDATE_CARD,1,100.0,51.0
TXN000498,PAYMENT_LINK,0,0.0,
TXN000499,UPDATE_CARD,0,0.0,
TXN000500,UPDATE_CARD,1,100.0,35.0
TXN000501,PAYMENT_LINK,1,100.0,17.0
TXN000502,RETRY,1,100.0,18.0
TXN000503,RETRY,1,100.0,27.0
TXN000504,PAYMENT_LINK,0,0.0,
TXN000505,PAYMENT_LINK,1,100.0,69.0
TXN000506,RETRY,1,100.0,15.0
TXN000507,PAYMENT_LINK,1,100.0,42.0
TXN000508,RETRY,1,100.0,34.0
TXN000509,RETRY,0,0.0,
TXN000510,PAYMENT_LINK,1,100.0,8.0
TXN000511,RETRY,1,100.0,10.0
TXN000512,PAYMENT_LINK,0,0.0,
TXN000513,PAYMENT_LINK,1,100.0,48.0
TXN000514,PAYMENT_LINK,1,1297.92,26.0
TXN000515,RETRY,1,100.0,23.0
TXN000516,PAYMENT_LINK,1,100.0,62.0
TXN000517,PAYMENT_LINK,0,0.0,
TXN000518,PAYMENT_LINK,1,100.0,9.0
TXN000519,RETRY,1,100.0,20.0
TXN000520,UPDATE_CARD,1,100.0,57.0
TXN000521,PAYMENT_LINK,1,100.0,24.0
TXN000522,UPDATE_CARD,1,100.0,33.0
TXN000523,UPDATE_CARD,0,0.0,
TXN000524,REMINDER,1,100.0,60.0
TXN000525,PAYMENT_LINK,1,100.0,48.0
TXN000526,RETRY,0,0.0,
TXN000527,UPDATE_CARD,0,0.0,
TXN000528,RETRY,1,100.0,17.0
TXN000529,PAYMENT_LINK,1,100.0,14.0
TXN000530,RETRY,1,100.0,19.0
TXN000531,PAYMENT_LINK,1,100.0,71.0
TXN000532,RETRY,1,100.0,59.0
TXN000533,UPDATE_CARD,1,102.3,67.0
TXN000534,PAYMENT_LINK,1,100.0,44.0
TXN000535,RETRY,1,100.0,32.0
TXN000536,RETRY,1,100.0,11.0
TXN000537,PAYMENT_LINK,0,0.0,
TXN000538,PAYMENT_LINK,0,0.0,
TXN000539,REMINDER,0,0.0,
TXN000540,PAYMENT_LINK,0,0.0,
TXN000541,RETRY,1,100.0,46.0
TXN000542,UPDATE_CARD,1,100.0,4.0
TXN000543,PAYMENT_LINK,0,0.0,
TXN000544,PAYMENT_LINK,0,0.0,
TXN000545,UPDATE_CARD,0,0.0,
TXN000546,RETRY,1,100.0,19.0
TXN000547,RETRY,1,100.0,29.0
TXN000548,PAYMENT_LINK,1,100.0,35.0
TXN000549,RETRY,0,0.0,
TXN000550,RETRY,0,0.0,
TXN000551,RETRY,1,100.0,46.0
TXN000552,PAYMENT_LINK,1,100.0,44.0
TXN000553,PAYMENT_LINK,0,0.0,
TXN000554,UPDATE_CARD,1,100.0,52.0
TXN000555,PAYMENT_LINK,1,100.0,8.0
TXN000556,PAYMENT_LINK,0,0.0,
TXN000557,RETRY,0,0.0,
TXN000558,PAYMENT_LINK,1,100.0,40.0
TXN000559,RETRY,1,100.0,31.0
TXN000560,UPDATE_CARD,0,0.0,
TXN000561,RETRY,0,0.0,
TXN000562,ESCALATE,0,0.0,
TXN000563,PAYMENT_LINK,1,100.0,38.0
TXN000564,RETRY,1,100.0,36.0
TXN000565,PAYMENT_LINK,1,100.0,55.0
TXN000566,RETRY,1,100.0,13.0
TXN000567,UPDATE_CARD,1,100.0,37.0
TXN000568,PAYMENT_LINK,1,100.0,47.0
TXN000569,PAYMENT_LINK,1,132.9,71.0
TXN000570,ESCALATE,0,0.0,
TXN000571,ESCALATE,0,0.0,
TXN000572,RETRY,1,100.0,58.0
TXN000573,PAYMENT_LINK,0,0.0,
TXN000574,UPDATE_CARD,1,100.0,18.0
TXN000575,UPDATE_CARD,1,100.0,18.0
TXN000576,RETRY,0,0.0,
TXN000577,UPDATE_CARD,1,100.0,26.0
TXN000578,ESCALATE,0,0.0,
TXN000579,PAYMENT_LINK,0,0.0,
TXN000580,PAYMENT_LINK,1,100.0,69.0
TXN000581,RETRY,1,100.0,65.0
TXN000582,PAYMENT_LINK,0,0.0,
TXN000583,PAYMENT_LINK,0,0.0,
TXN000584,PAYMENT_LINK,1,100.0,13.0
TXN000585,PAYMENT_LINK,0,0.0,
TXN000586,RETRY,1,100.0,8.0
TXN000587,PAYMENT_LINK,1,100.0,32.0
TXN000588,REMINDER,1,328.95,17.0
TXN000589,PAYMENT_LINK,0,0.0,
TXN000590,UPDATE_CARD,1,100.0,63.0
TXN000591,RETRY,1,191.28,40.0
TXN000592,PAYMENT_LINK,0,0.0,
TXN000593,RETRY,1,100.0,6.0
TXN000594,ESCALATE,1,100.0,63.0
TXN000595,PAYMENT_LINK,1,100.0,8.0
TXN000596,REMINDER,1,100.0,32.0
TXN000597,PAYMENT_LINK,1,100.0,45.0
TXN000598,UPDATE_CARD,1,100.0,52.0
TXN000599,UPDATE_CARD,0,0.0,
TXN000600,PAYMENT_LINK,1,100.0,24.0
TXN000601,RETRY,1,100.0,40.0
TXN000602,RETRY,0,0.0,
TXN000603,RETRY,1,100.0,70.0
TXN000604,UPDATE_CARD,1,100.0,62.0
TXN000605,RETRY,0,0.0,
TXN000606,UPDATE_CARD,0,0.0,
TXN000607,PAYMENT_LINK,1,100.0,66.0
TXN000608,PAYMENT_LINK,1,100.0,32.0
TXN000609,PAYMENT_LINK,1,100.0,13.0
TXN000610,REMINDER,0,0.0,
TXN000611,RETRY,1,100.0,32.0
TXN000612,UPDATE_CARD,1,100.0,56.0
TXN000613,PAYMENT_LINK,0,0.0,
TXN000614,RETRY,1,100.0,4.0
TXN000615,REMINDER,0,0.0,
TXN000616,PAYMENT_LINK,1,100.0,29.0
TXN000617,PAYMENT_LINK,1,100.0,21.0
TXN000618,RETRY,1,100.0,30.0
TXN000619,UPDATE_CARD,0,0.0,
TXN000620,RETRY,1,100.0,16.0
TXN000621,RETRY,1,100.0,67.0
TXN000622,PAYMENT_LINK,0,0.0,
TXN000623,PAYMENT_LINK,0,0.0,
TXN000624,PAYMENT_LINK,0,0.0,
TXN000625,RETRY,1,100.0,25.0
TXN000626,PAYMENT_LINK,1,100.0,23.0
TXN000627,PAYMENT_LINK,0,0.0,
TXN000628,RETRY,1,100.0,1.0
TXN000629,PAYMENT_LINK,1,100.0,15.0
TXN000630,RETRY,1,100.0,52.0
TXN000631,PAYMENT_LINK,1,100.0,58.0
TXN000632,UPDATE_CARD,1,1288.79,41.0
TXN000633,RETRY,1,100.0,44.0
TXN000634,RETRY,1,100.0,4.0
TXN000635,RETRY,1,100.0,68.0
TXN000636,RETRY,1,100.0,7.0
TXN000637,UPDATE_CARD,1,100.0,46.0
TXN000638,PAYMENT_LINK,0,0.0,
TXN000639,PAYMENT_LINK,0,0.0,
TXN000640,RETRY,1,100.0,33.0
TXN000641,UPDATE_CARD,0,0.0,
TXN000642,PAYMENT_LINK,0,0.0,
TXN000643,PAYMENT_LINK,0,0.0,
TXN000644,RETRY,1,100.0,64.0
TXN000645,UPDATE_CARD,1,100.0,25.0
TXN000646,PAYMENT_LINK,0,0.0,
TXN000647,PAYMENT_LINK,1,100.0,9.0
TXN000648,PAYMENT_LINK,0,0.0,
TXN000649,UPDATE_CARD,0,0.0,
TXN000650,UPDATE_CARD,1,100.0,60.0
TXN000651,PAYMENT_LINK,1,100.0,13.0
TXN000652,UPDATE_CARD,1,100.0,3.0
TXN000653,PAYMENT_LINK,1,100.0,68.0
TXN000654,PAYMENT_LINK,1,100.0,4.0
TXN000655,RETRY,0,0.0,
TXN000656,RETRY,1,100.0,26.0
TXN000657,UPDATE_CARD,1,100.0,24.0
TXN000658,PAYMENT_LINK,0,0.0,
TXN000659,ESCALATE,1,100.0,13.0
TXN000660,UPDATE_CARD,1,100.0,44.0
TXN000661,PAYMENT_LINK,0,0.0,
TXN000662,PAYMENT_LINK,0,0.0,
TXN000663,PAYMENT_LINK,1,100.0,51.0
TXN000664,UPDATE_CARD,1,100.0,19.0
TXN000665,UPDATE_CARD,1,100.0,52.0
TXN000666,PAYMENT_LINK,1,100.0,47.0
TXN000667,PAYMENT_LINK,0,0.0,
TXN000668,RETRY,0,0.0,
TXN000669,RETRY,1,100.0,21.0
TXN000670,PAYMENT_LINK,0,0.0,
TXN000671,PAYMENT_LINK,1,100.0,62.0
TXN000672,PAYMENT_LINK,1,100.0,58.0
TXN000673,UPDATE_CARD,1,100.0,18.0
TXN000674,PAYMENT_LINK,1,100.0,59.0
TXN000675,ESCALATE,0,0.0,
TXN000676,RETRY,0,0.0,
TXN000677,UPDATE_CARD,1,100.0,12.0
TXN000678,RETRY,1,100.0,34.0
TXN000679,PAYMENT_LINK,1,100.0,61.0
TXN000680,RETRY,0,0.0,
TXN000681,RETRY,1,181.65,25.0
TXN000682,PAYMENT_LINK,0,0.0,
TXN000683,PAYMENT_LINK,1,100.0,4.0
TXN000684,RETRY,1,100.0,13.0
TXN000685,RETRY,1,100.0,42.0
TXN000686,PAYMENT_LINK,0,0.0,
TXN000687,PAYMENT_LINK,1,100.0,56.0
TXN000688,PAYMENT_LINK,1,100.0,47.0
TXN000689,RETRY,1,100.0,8.0
TXN000690,UPDATE_CARD,1,100.0,55.0
TXN000691,RETRY,1,1593.55,18.0
TXN000692,RETRY,0,0.0,
TXN000693,UPDATE_CARD,1,100.0,32.0
TXN000694,UPDATE_CARD,1,100.0,24.0
TXN000695,PAYMENT_LINK,0,0.0,
TXN000696,RETRY,1,100.0,13.0
TXN000697,PAYMENT_LINK,1,100.0,69.0
TXN000698,REMINDER,1,132.58,42.0
TXN000699,ESCALATE,0,0.0,
TXN000700,RETRY,0,0.0,
TXN000701,PAYMENT_LINK,1,100.0,32.0
TXN000702,PAYMENT_LINK,1,100.0,52.0
TXN000703,UPDATE_CARD,0,0.0,
TXN000704,RETRY,0,0.0,
TXN000705,PAYMENT_LINK,1,100.0,59.0
TXN000706,RETRY,1,100.0,14.0
TXN000707,PAYMENT_LINK,0,0.0,
TXN000708,RETRY,1,100.0,48.0
TXN000709,UPDATE_CARD,1,100.0,43.0
TXN000710,PAYMENT_LINK,0,0.0,
TXN000711,RETRY,0,0.0,
TXN000712,ESCALATE,0,0.0,
TXN000713,PAYMENT_LINK,0,0.0,
TXN000714,PAYMENT_LINK,0,0.0,
TXN000715,UPDATE_CARD,0,0.0,
TXN000716,RETRY,1,100.0,5.0
TXN000717,RETRY,0,0.0,
TXN000718,RETRY,1,122.35,52.0
TXN000719,RETRY,1,100.0,29.0
TXN000720,RETRY,1,100.0,31.0
TXN000721,RETRY,1,100.0,66.0
TXN000722,PAYMENT_LINK,1,100.0,69.0
TXN000723,PAYMENT_LINK,1,100.0,37.0
TXN000724,RETRY,0,0.0,
TXN000725,RETRY,0,0.0,
TXN000726,UPDATE_CARD,1,100.0,68.0
TXN000727,RETRY,1,100.0,59.0
TXN000728,RETRY,0,0.0,
TXN000729,RETRY,1,100.0,44.0
TXN000730,PAYMENT_LINK,1,100.0,49.0
TXN000731,PAYMENT_LINK,1,100.0,53.0
TXN000732,PAYMENT_LINK,1,100.0,49.0
TXN000733,UPDATE_CARD,1,100.0,66.0
TXN000734,PAYMENT_LINK,1,100.0,63.0
TXN000735,UPDATE_CARD,1,100.0,25.0
TXN000736,UPDATE_CARD,1,100.0,4.0
TXN000737,UPDATE_CARD,1,100.0,51.0
TXN000738,RETRY,1,100.0,11.0
TXN000739,RETRY,1,100.0,17.0
TXN000740,REMINDER,1,100.0,66.0
TXN000741,PAYMENT_LINK,1,100.0,70.0
TXN000742,UPDATE_CARD,1,100.0,69.0
TXN000743,PAYMENT_LINK,1,100.0,29.0
TXN000744,ESCALATE,1,100.0,72.0
TXN000745,RETRY,1,100.0,20.0
TXN000746,UPDATE_CARD,1,100.0,27.0
TXN000747,UPDATE_CARD,1,100.0,8.0
TXN000748,ESCALATE,0,0.0,
TXN000749,ESCALATE,0,0.0,
TXN000750,UPDATE_CARD,0,0.0,
TXN000751,RETRY,0,0.0,
TXN000752,PAYMENT_LINK,1,100.0,69.0
TXN000753,RETRY,1,100.0,7.0
TXN000754,PAYMENT_LINK,1,100.0,60.0
TXN000755,PAYMENT_LINK,1,100.0,4.0
TXN000756,REMINDER,0,0.0,
TXN000757,UPDATE_CARD,1,100.0,11.0
TXN000758,PAYMENT_LINK,0,0.0,
TXN000759,REMINDER,1,100.0,64.0
TXN000760,RETRY,1,100.0,13.0
TXN000761,PAYMENT_LINK,0,0.0,
TXN000762,PAYMENT_LINK,0,0.0,
TXN000763,PAYMENT_LINK,1,100.0,56.0
TXN000764,RETRY,0,0.0,
TXN000765,PAYMENT_LINK,1,100.0,50.0
TXN000766,PAYMENT_LINK,0,0.0,
TXN000767,RETRY,0,0.0,
TXN000768,RETRY,1,100.0,25.0
TXN000769,RETRY,1,100.0,28.0
TXN000770,PAYMENT_LINK,1,100.0,39.0
TXN000771,UPDATE_CARD,1,100.0,67.0
TXN000772,PAYMENT_LINK,1,324.53,5.0
TXN000773,RETRY,0,0.0,
TXN000774,PAYMENT_LINK,0,0.0,
TXN000775,RETRY,1,100.0,67.0
TXN000776,REMINDER,0,0.0,
TXN000777,UPDATE_CARD,1,100.0,69.0
TXN000778,RETRY,1,100.0,43.0
TXN000779,PAYMENT_LINK,1,100.0,1.0
TXN000780,RETRY,0,0.0,
TXN000781,UPDATE_CARD,0,0.0,
TXN000782,REMINDER,1,153.6,26.0
TXN000783,UPDATE_CARD,0,0.0,
TXN000784,RETRY,1,100.0,48.0
TXN000785,RETRY,0,0.0,
TXN000786,PAYMENT_LINK,1,100.0,1.0
TXN000787,RETRY,1,100.0,9.0
TXN000788,PAYMENT_LINK,0,0.0,
TXN000789,ESCALATE,0,0.0,
TXN000790,RETRY,1,100.0,2.0
TXN000791,PAYMENT_LINK,1,100.0,14.0
TXN000792,UPDATE_CARD,1,100.0,38.0
TXN000793,ESCALATE,0,0.0,
TXN000794,PAYMENT_LINK,1,100.0,63.0
TXN000795,PAYMENT_LINK,1,100.0,16.0
TXN000796,PAYMENT_LINK,1,239.04,6.0
TXN000797,RETRY,1,100.0,3.0
TXN000798,ESCALATE,0,0.0,
TXN000799,ESCALATE,0,0.0,
TXN000800,RETRY,1,100.0,67.0
TXN000801,PAYMENT_LINK,0,0.0,
TXN000802,RETRY,1,100.0,33.0
TXN000803,PAYMENT_LINK,0,0.0,
TXN000804,PAYMENT_LINK,1,100.0,44.0
TXN000805,PAYMENT_LINK,0,0.0,
TXN000806,RETRY,1,100.0,37.0
TXN000807,RETRY,0,0.0,
TXN000808,ESCALATE,0,0.0,
TXN000809,UPDATE_CARD,0,0.0,
TXN000810,PAYMENT_LINK,0,0.0,
TXN000811,RETRY,0,0.0,
TXN000812,ESCALATE,0,0.0,
TXN000813,PAYMENT_LINK,1,100.0,66.0
TXN000814,PAYMENT_LINK,0,0.0,
TXN000815,RETRY,1,100.0,34.0
TXN000816,RETRY,1,100.0,32.0
TXN000817,RETRY,0,0.0,
TXN000818,UPDATE_CARD,0,0.0,
TXN000819,PAYMENT_LINK,0,0.0,
TXN000820,REMINDER,0,0.0,
TXN000821,PAYMENT_LINK,1,100.0,46.0
TXN000822,PAYMENT_LINK,1,100.0,32.0
TXN000823,PAYMENT_LINK,1,100.0,43.0
TXN000824,PAYMENT_LINK,1,100.0,3.0
TXN000825,RETRY,0,0.0,
TXN000826,PAYMENT_LINK,1,100.0,40.0
TXN000827,UPDATE_CARD,1,100.0,18.0
TXN000828,RETRY,1,100.0,67.0
TXN000829,PAYMENT_LINK,0,0.0,
TXN000830,PAYMENT_LINK,1,100.0,10.0
TXN000831,ESCALATE,1,100.0,52.0
TXN000832,PAYMENT_LINK,1,100.0,46.0
TXN000833,PAYMENT_LINK,0,0.0,
TXN000834,PAYMENT_LINK,1,100.0,46.0
TXN000835,PAYMENT_LINK,1,100.0,60.0
TXN000836,UPDATE_CARD,0,0.0,
TXN000837,PAYMENT_LINK,1,623.13,27.0
TXN000838,PAYMENT_LINK,0,0.0,
TXN000839,UPDATE_CARD,1,100.0,22.0
TXN000840,UPDATE_CARD,1,100.0,26.0
TXN000841,PAYMENT_LINK,0,0.0,
TXN000842,RETRY,1,100.0,35.0
TXN000843,RETRY,1,100.0,66.0
TXN000844,RETRY,1,100.0,51.0
TXN000845,PAYMENT_LINK,0,0.0,
TXN000846,RETRY,1,100.0,43.0
TXN000847,RETRY,1,570.27,12.0
TXN000848,PAYMENT_LINK,0,0.0,
TXN000849,PAYMENT_LINK,0,0.0,
TXN000850,PAYMENT_LINK,1,100.0,6.0
TXN000851,RETRY,1,371.12,45.0
TXN000852,ESCALATE,0,0.0,
TXN000853,PAYMENT_LINK,0,0.0,
TXN000854,PAYMENT_LINK,0,0.0,
TXN000855,REMINDER,1,100.0,23.0
TXN000856,PAYMENT_LINK,1,100.0,12.0
TXN000857,RETRY,1,100.0,62.0
TXN000858,RETRY,1,100.0,40.0
TXN000859,PAYMENT_LINK,0,0.0,
TXN000860,UPDATE_CARD,1,100.0,7.0
TXN000861,PAYMENT_LINK,1,100.0,17.0
TXN000862,PAYMENT_LINK,0,0.0,
TXN000863,RETRY,0,0.0,
TXN000864,REMINDER,0,0.0,
TXN000865,PAYMENT_LINK,0,0.0,
TXN000866,PAYMENT_LINK,0,0.0,
TXN000867,PAYMENT_LINK,0,0.0,
TXN000868,RETRY,1,100.0,46.0
TXN000869,PAYMENT_LINK,1,100.0,45.0
TXN000870,UPDATE_CARD,1,100.0,9.0
TXN000871,RETRY,1,100.0,6.0
TXN000872,RETRY,1,100.0,51.0
TXN000873,UPDATE_CARD,1,633.16,35.0
TXN000874,PAYMENT_LINK,1,100.0,53.0
TXN000875,PAYMENT_LINK,0,0.0,
TXN000876,RETRY,1,100.0,69.0
TXN000877,PAYMENT_LINK,1,100.0,25.0
TXN000878,UPDATE_CARD,1,100.0,11.0
TXN000879,PAYMENT_LINK,0,0.0,
TXN000880,REMINDER,1,100.0,36.0
TXN000881,RETRY,1,100.0,21.0
TXN000882,UPDATE_CARD,1,100.0,18.0
TXN000883,REMINDER,0,0.0,
TXN000884,ESCALATE,0,0.0,
TXN000885,PAYMENT_LINK,0,0.0,
TXN000886,REMINDER,1,100.0,14.0
TXN000887,UPDATE_CARD,1,100.0,8.0
TXN000888,PAYMENT_LINK,1,100.0,66.0
TXN000889,PAYMENT_LINK,0,0.0,
TXN000890,REMINDER,0,0.0,
TXN000891,PAYMENT_LINK,0,0.0,
TXN000892,UPDATE_CARD,1,100.0,36.0
TXN000893,REMINDER,0,0.0,
TXN000894,RETRY,1,100.0,1.0
TXN000895,REMINDER,1,100.0,42.0
TXN000896,RETRY,1,100.0,1.0
TXN000897,PAYMENT_LINK,0,0.0,
TXN000898,RETRY,1,100.0,47.0
TXN000899,ESCALATE,0,0.0,
TXN000900,REMINDER,1,100.0,30.0
TXN000901,UPDATE_CARD,1,100.0,7.0
TXN000902,REMINDER,0,0.0,
TXN000903,RETRY,1,100.0,50.0
TXN000904,REMINDER,1,100.0,45.0
TXN000905,RETRY,0,0.0,
TXN000906,UPDATE_CARD,0,0.0,
TXN000907,PAYMENT_LINK,0,0.0,
TXN000908,PAYMENT_LINK,1,100.0,46.0
TXN000909,RETRY,1,100.0,6.0
TXN000910,RETRY,1,100.0,21.0
TXN000911,PAYMENT_LINK,0,0.0,
TXN000912,PAYMENT_LINK,1,100.0,19.0
TXN000913,PAYMENT_LINK,1,100.0,62.0
TXN000914,REMINDER,0,0.0,
TXN000915,PAYMENT_LINK,0,0.0,
TXN000916,RETRY,0,0.0,
TXN000917,ESCALATE,0,0.0,
TXN000918,UPDATE_CARD,0,0.0,
TXN000919,RETRY,1,100.0,22.0
TXN000920,UPDATE_CARD,1,100.0,68.0
TXN000921,RETRY,1,100.0,57.0
TXN000922,ESCALATE,0,0.0,
TXN000923,RETRY,0,0.0,
TXN000924,UPDATE_CARD,1,100.0,8.0
TXN000925,RETRY,1,100.0,38.0
TXN000926,PAYMENT_LINK,0,0.0,
TXN000927,PAYMENT_LINK,0,0.0,
TXN000928,UPDATE_CARD,1,100.0,10.0
TXN000929,UPDATE_CARD,1,100.0,45.0
TXN000930,PAYMENT_LINK,0,0.0,
TXN000931,RETRY,1,100.0,67.0
TXN000932,RETRY,1,100.0,9.0
TXN000933,PAYMENT_LINK,0,0.0,
TXN000934,ESCALATE,0,0.0,
TXN000935,REMINDER,1,100.0,12.0
TXN000936,PAYMENT_LINK,1,100.0,58.0
TXN000937,UPDATE_CARD,1,100.0,21.0
TXN000938,RETRY,1,100.0,21.0
TXN000939,RETRY,1,100.0,65.0
TXN000940,RETRY,0,0.0,
TXN000941,PAYMENT_LINK,0,0.0,
TXN000942,RETRY,1,100.0,64.0
TXN000943,RETRY,1,100.0,49.0
TXN000944,PAYMENT_LINK,1,100.0,72.0
TXN000945,ESCALATE,0,0.0,
TXN000946,RETRY,1,100.0,32.0
TXN000947,RETRY,1,100.0,70.0
TXN000948,RETRY,1,100.0,21.0
TXN000949,UPDATE_CARD,1,665.86,7.0
TXN000950,PAYMENT_LINK,1,100.0,7.0
TXN000951,RETRY,1,100.0,27.0
TXN000952,RETRY,1,100.0,8.0
TXN000953,PAYMENT_LINK,0,0.0,
TXN000954,UPDATE_CARD,0,0.0,
TXN000955,RETRY,1,100.0,71.0
TXN000956,UPDATE_CARD,1,100.0,47.0
TXN000957,RETRY,1,100.0,10.0
TXN000958,REMINDER,1,100.0,33.0
TXN000959,PAYMENT_LINK,1,100.0,7.0
TXN000960,PAYMENT_LINK,0,0.0,
TXN000961,PAYMENT_LINK,1,100.0,14.0
TXN000962,PAYMENT_LINK,1,100.0,44.0
TXN000963,PAYMENT_LINK,1,100.0,46.0
TXN000964,PAYMENT_LINK,0,0.0,
TXN000965,PAYMENT_LINK,0,0.0,
TXN000966,PAYMENT_LINK,1,100.0,13.0
TXN000967,PAYMENT_LINK,0,0.0,
TXN000968,RETRY,0,0.0,
TXN000969,PAYMENT_LINK,1,100.0,38.0
TXN000970,PAYMENT_LINK,0,0.0,
TXN000971,PAYMENT_LINK,0,0.0,
TXN000972,RETRY,1,100.0,56.0
TXN000973,PAYMENT_LINK,0,0.0,
TXN000974,PAYMENT_LINK,0,0.0,
TXN000975,RETRY,0,0.0,
TXN000976,ESCALATE,0,0.0,
TXN000977,RETRY,1,100.0,55.0
TXN000978,RETRY,1,100.0,55.0
TXN000979,PAYMENT_LINK,1,100.0,1.0
TXN000980,UPDATE_CARD,0,0.0,
TXN000981,UPDATE_CARD,1,100.0,4.0
TXN000982,RETRY,1,100.0,53.0
TXN000983,ESCALATE,0,0.0,
TXN000984,RETRY,0,0.0,
TXN000985,RETRY,1,174.92,49.0
TXN000986,PAYMENT_LINK,0,0.0,
TXN000987,UPDATE_CARD,1,100.0,19.0
TXN000988,PAYMENT_LINK,0,0.0,
TXN000989,UPDATE_CARD,1,100.0,29.0
TXN000990,PAYMENT_LINK,1,100.0,33.0
TXN000991,RETRY,1,100.0,52.0
TXN000992,PAYMENT_LINK,0,0.0,
TXN000993,REMINDER,1,100.0,23.0
TXN000994,PAYMENT_LINK,0,0.0,
TXN000995,PAYMENT_LINK,1,100.0,71.0
TXN000996,UPDATE_CARD,1,100.0,57.0
TXN000997,REMINDER,0,0.0,
TXN000998,PAYMENT_LINK,0,0.0,
TXN000999,PAYMENT_LINK,0,0.0,
TXN001000,RETRY,1,100.0,4.0
TXN001001,UPDATE_CARD,1,100.0,72.0
TXN001002,RETRY,1,100.0,64.0
TXN001003,PAYMENT_LINK,0,0.0,
TXN001004,UPDATE_CARD,1,680.06,31.0
TXN001005,RETRY,0,0.0,
TXN001006,ESCALATE,0,0.0,
TXN001007,PAYMENT_LINK,0,0.0,
TXN001008,RETRY,1,156.09,40.0
TXN001009,UPDATE_CARD,1,100.0,5.0
TXN001010,RETRY,1,100.0,28.0
TXN001011,PAYMENT_LINK,0,0.0,
TXN001012,PAYMENT_LINK,0,0.0,
TXN001013,ESCALATE,1,100.0,63.0
TXN001014,PAYMENT_LINK,1,100.0,51.0
TXN001015,REMINDER,1,100.0,31.0
TXN001016,PAYMENT_LINK,0,0.0,
TXN001017,RETRY,1,100.0,30.0
TXN001018,PAYMENT_LINK,1,100.0,58.0
TXN001019,PAYMENT_LINK,0,0.0,
TXN001020,RETRY,1,100.0,51.0
TXN001021,PAYMENT_LINK,0,0.0,
TXN001022,PAYMENT_LINK,1,100.0,10.0
TXN001023,PAYMENT_LINK,0,0.0,
TXN001024,RETRY,0,0.0,
TXN001025,RETRY,0,0.0,
TXN001026,RETRY,1,100.0,1.0
TXN001027,PAYMENT_LINK,0,0.0,
TXN001028,RETRY,1,100.0,38.0
TXN001029,PAYMENT_LINK,1,100.0,62.0
TXN001030,PAYMENT_LINK,1,100.0,70.0
TXN001031,UPDATE_CARD,1,100.0,65.0
TXN001032,PAYMENT_LINK,1,100.0,62.0
TXN001033,PAYMENT_LINK,0,0.0,
TXN001034,RETRY,0,0.0,
TXN001035,UPDATE_CARD,1,100.0,17.0
TXN001036,RETRY,1,100.0,8.0
TXN001037,PAYMENT_LINK,0,0.0,
TXN001038,PAYMENT_LINK,0,0.0,
TXN001039,RETRY,1,100.0,62.0
TXN001040,PAYMENT_LINK,1,100.0,41.0
TXN001041,UPDATE_CARD,1,100.0,12.0
TXN001042,PAYMENT_LINK,1,100.0,54.0
TXN001043,PAYMENT_LINK,1,100.0,11.0
TXN001044,RETRY,1,181.62,60.0
TXN001045,PAYMENT_LINK,1,100.0,68.0
TXN001046,PAYMENT_LINK,1,100.0,46.0
TXN001047,RETRY,0,0.0,
TXN001048,PAYMENT_LINK,1,100.0,61.0
TXN001049,PAYMENT_LINK,0,0.0,
TXN001050,PAYMENT_LINK,1,100.0,66.0
TXN001051,PAYMENT_LINK,1,100.0,72.0
TXN001052,ESCALATE,1,100.0,36.0
TXN001053,PAYMENT_LINK,1,100.0,7.0
TXN001054,PAYMENT_LINK,1,100.0,16.0
TXN001055,PAYMENT_LINK,0,0.0,
TXN001056,PAYMENT_LINK,1,100.0,25.0
TXN001057,PAYMENT_LINK,0,0.0,
TXN001058,PAYMENT_LINK,1,100.0,29.0
TXN001059,PAYMENT_LINK,0,0.0,
TXN001060,PAYMENT_LINK,0,0.0,
TXN001061,PAYMENT_LINK,1,100.0,1.0
TXN001062,PAYMENT_LINK,1,100.0,39.0
TXN001063,REMINDER,0,0.0,
TXN001064,UPDATE_CARD,1,100.0,63.0
TXN001065,RETRY,1,100.0,57.0
TXN001066,PAYMENT_LINK,0,0.0,
TXN001067,PAYMENT_LINK,0,0.0,
TXN001068,RETRY,1,100.0,65.0
TXN001069,RETRY,1,100.0,21.0
TXN001070,RETRY,1,100.0,30.0
TXN001071,PAYMENT_LINK,1,100.0,33.0
TXN001072,PAYMENT_LINK,0,0.0,
TXN001073,RETRY,1,100.0,22.0
TXN001074,PAYMENT_LINK,1,100.0,54.0
TXN001075,RETRY,1,100.0,4.0
TXN001076,RETRY,1,100.0,55.0
TXN001077,RETRY,1,100.0,44.0
TXN001078,PAYMENT_LINK,1,100.0,12.0
TXN001079,UPDATE_CARD,1,100.0,52.0
TXN001080,REMINDER,1,102.13,65.0
TXN001081,PAYMENT_LINK,1,100.0,65.0
TXN001082,ESCALATE,0,0.0,
TXN001083,PAYMENT_LINK,1,100.0,18.0
TXN001084,RETRY,0,0.0,
TXN001085,RETRY,1,100.0,66.0
TXN001086,PAYMENT_LINK,1,100.0,49.0
TXN001087,PAYMENT_LINK,0,0.0,
TXN001088,PAYMENT_LINK,1,100.0,22.0
TXN001089,PAYMENT_LINK,0,0.0,
TXN001090,RETRY,1,127.79,9.0
TXN001091,PAYMENT_LINK,1,100.0,21.0
TXN001092,PAYMENT_LINK,1,100.0,63.0
TXN001093,RETRY,1,100.0,6.0
TXN001094,UPDATE_CARD,1,100.0,14.0
TXN001095,RETRY,1,100.0,33.0
TXN001096,PAYMENT_LINK,1,100.0,71.0
TXN001097,RETRY,1,100.0,24.0
TXN001098,PAYMENT_LINK,0,0.0,
TXN001099,RETRY,1,100.0,2.0
TXN001100,PAYMENT_LINK,1,100.0,15.0
TXN001101,PAYMENT_LINK,0,0.0,
TXN001102,PAYMENT_LINK,0,0.0,
TXN001103,RETRY,1,100.0,39.0
TXN001104,PAYMENT_LINK,1,100.0,4.0
TXN001105,RETRY,1,237.32,64.0
TXN001106,RETRY,1,100.0,6.0
TXN001107,PAYMENT_LINK,1,100.0,57.0
TXN001108,RETRY,0,0.0,
TXN001109,RETRY,1,141.14,67.0
TXN001110,PAYMENT_LINK,0,0.0,
TXN001111,ESCALATE,0,0.0,
TXN001112,REMINDER,1,100.0,18.0
TXN001113,PAYMENT_LINK,0,0.0,
TXN001114,PAYMENT_LINK,1,100.0,69.0
TXN001115,RETRY,1,100.0,24.0
TXN001116,PAYMENT_LINK,1,100.0,48.0
TXN001117,UPDATE_CARD,1,100.0,30.0
TXN001118,ESCALATE,0,0.0,
TXN001119,RETRY,0,0.0,
TXN001120,UPDATE_CARD,0,0.0,
TXN001121,RETRY,1,2622.65,27.0
TXN001122,RETRY,1,100.0,64.0
TXN001123,RETRY,1,100.0,41.0
TXN001124,ESCALATE,0,0.0,
TXN001125,PAYMENT_LINK,1,143.54,5.0
TXN001126,PAYMENT_LINK,0,0.0,
TXN001127,PAYMENT_LINK,0,0.0,
TXN001128,PAYMENT_LINK,1,100.0,22.0
TXN001129,RETRY,1,100.0,7.0
TXN001130,RETRY,1,100.0,22.0
TXN001131,PAYMENT_LINK,0,0.0,
TXN001132,PAYMENT_LINK,0,0.0,
TXN001133,PAYMENT_LINK,0,0.0,
TXN001134,RETRY,1,100.0,5.0
TXN001135,RETRY,0,0.0,
TXN001136,RETRY,1,100.0,23.0
TXN001137,REMINDER,0,0.0,
TXN001138,PAYMENT_LINK,0,0.0,
TXN001139,UPDATE_CARD,1,100.0,23.0
TXN001140,PAYMENT_LINK,1,100.0,25.0
TXN001141,PAYMENT_LINK,0,0.0,
TXN001142,REMINDER,1,100.0,21.0
TXN001143,RETRY,0,0.0,
TXN001144,PAYMENT_LINK,0,0.0,
TXN001145,PAYMENT_LINK,1,100.0,72.0
TXN001146,RETRY,1,100.0,72.0
TXN001147,PAYMENT_LINK,0,0.0,
TXN001148,PAYMENT_LINK,1,100.0,64.0
TXN001149,UPDATE_CARD,1,100.0,19.0
TXN001150,PAYMENT_LINK,1,100.0,53.0
TXN001151,UPDATE_CARD,1,100.0,52.0
TXN001152,PAYMENT_LINK,1,100.0,47.0
TXN001153,RETRY,0,0.0,
TXN001154,RETRY,0,0.0,
TXN001155,RETRY,1,100.0,7.0
TXN001156,RETRY,1,100.0,1.0
TXN001157,PAYMENT_LINK,0,0.0,
TXN001158,PAYMENT_LINK,1,100.0,39.0
TXN001159,RETRY,0,0.0,
TXN001160,PAYMENT_LINK,0,0.0,
TXN001161,RETRY,1,100.0,24.0
TXN001162,RETRY,0,0.0,
TXN001163,PAYMENT_LINK,0,0.0,
TXN001164,PAYMENT_LINK,0,0.0,
TXN001165,RETRY,1,100.0,59.0
TXN001166,REMINDER,0,0.0,
TXN001167,REMINDER,1,100.0,32.0
TXN001168,ESCALATE,0,0.0,
TXN001169,RETRY,1,100.0,41.0
TXN001170,RETRY,0,0.0,
TXN001171,RETRY,1,100.0,11.0
TXN001172,UPDATE_CARD,1,100.0,19.0
TXN001173,RETRY,1,100.0,54.0
TXN001174,PAYMENT_LINK,0,0.0,
TXN001175,PAYMENT_LINK,1,100.0,42.0
TXN001176,PAYMENT_LINK,1,100.0,71.0
TXN001177,UPDATE_CARD,1,100.0,31.0
TXN001178,RETRY,1,100.0,52.0
TXN001179,RETRY,1,100.0,2.0
TXN001180,PAYMENT_LINK,0,0.0,
TXN001181,UPDATE_CARD,1,100.0,32.0
TXN001182,RETRY,1,100.0,10.0
TXN001183,RETRY,1,100.0,8.0
TXN001184,ESCALATE,0,0.0,
TXN001185,RETRY,1,100.0,20.0
TXN001186,PAYMENT_LINK,0,0.0,
TXN001187,PAYMENT_LINK,0,0.0,
TXN001188,RETRY,0,0.0,
TXN001189,RETRY,1,100.0,63.0
TXN001190,RETRY,1,100.0,21.0
TXN001191,UPDATE_CARD,1,100.0,5.0
TXN001192,UPDATE_CARD,1,100.0,35.0
TXN001193,PAYMENT_LINK,1,100.0,68.0
TXN001194,PAYMENT_LINK,0,0.0,
TXN001195,UPDATE_CARD,1,100.0,62.0
TXN001196,RETRY,1,100.0,35.0
TXN001197,PAYMENT_LINK,1,100.0,70.0
TXN001198,PAYMENT_LINK,1,100.0,21.0
TXN001199,RETRY,0,0.0,
TXN001200,RETRY,1,100.0,34.0
TXN001201,PAYMENT_LINK,1,100.0,15.0
TXN001202,PAYMENT_LINK,1,100.0,6.0
TXN001203,PAYMENT_LINK,0,0.0,
TXN001204,UPDATE_CARD,1,100.0,56.0
TXN001205,RETRY,1,100.0,49.0
TXN001206,PAYMENT_LINK,0,0.0,
TXN001207,RETRY,1,100.0,65.0
TXN001208,PAYMENT_LINK,0,0.0,
TXN001209,PAYMENT_LINK,1,100.0,20.0
TXN001210,RETRY,1,100.0,48.0
TXN001211,PAYMENT_LINK,1,100.0,72.0
TXN001212,RETRY,1,100.0,65.0
TXN001213,PAYMENT_LINK,0,0.0,
TXN001214,REMINDER,1,100.0,43.0
TXN001215,PAYMENT_LINK,0,0.0,
TXN001216,PAYMENT_LINK,0,0.0,
TXN001217,RETRY,1,100.0,41.0
TXN001218,REMINDER,1,100.0,71.0
TXN001219,PAYMENT_LINK,0,0.0,
TXN001220,RETRY,1,100.0,61.0
TXN001221,PAYMENT_LINK,0,0.0,
TXN001222,PAYMENT_LINK,1,100.0,69.0
TXN001223,RETRY,1,100.0,14.0
TXN001224,PAYMENT_LINK,0,0.0,
TXN001225,RETRY,1,100.0,48.0
TXN001226,UPDATE_CARD,1,100.0,61.0
TXN001227,RETRY,1,100.0,35.0
TXN001228,ESCALATE,1,100.0,65.0
TXN001229,PAYMENT_LINK,1,100.0,59.0
TXN001230,REMINDER,1,100.0,36.0
TXN001231,UPDATE_CARD,0,0.0,
TXN001232,PAYMENT_LINK,0,0.0,
TXN001233,UPDATE_CARD,0,0.0,
TXN001234,RETRY,1,100.0,19.0
TXN001235,PAYMENT_LINK,1,100.0,39.0
TXN001236,PAYMENT_LINK,1,100.0,69.0
TXN001237,UPDATE_CARD,1,100.0,52.0
TXN001238,UPDATE_CARD,0,0.0,
TXN001239,PAYMENT_LINK,1,211.97,47.0
TXN001240,PAYMENT_LINK,1,100.0,36.0
TXN001241,PAYMENT_LINK,1,100.0,63.0
TXN001242,RETRY,1,100.0,51.0
TXN001243,PAYMENT_LINK,0,0.0,
TXN001244,PAYMENT_LINK,1,100.0,34.0
TXN001245,PAYMENT_LINK,1,100.0,49.0
TXN001246,UPDATE_CARD,1,100.0,18.0
TXN001247,RETRY,1,100.0,61.0
TXN001248,PAYMENT_LINK,1,100.0,57.0
TXN001249,PAYMENT_LINK,1,100.0,5.0
TXN001250,RETRY,0,0.0,
TXN001251,PAYMENT_LINK,0,0.0,
TXN001252,RETRY,1,100.0,59.0
TXN001253,PAYMENT_LINK,1,100.0,38.0
TXN001254,RETRY,1,100.0,33.0
TXN001255,REMINDER,1,100.0,10.0
TXN001256,PAYMENT_LINK,0,0.0,
TXN001257,UPDATE_CARD,1,100.0,11.0
TXN001258,UPDATE_CARD,0,0.0,
TXN001259,PAYMENT_LINK,0,0.0,
TXN001260,RETRY,0,0.0,
TXN001261,RETRY,1,100.0,20.0
TXN001262,PAYMENT_LINK,0,0.0,
TXN001263,RETRY,0,0.0,
TXN001264,ESCALATE,0,0.0,
TXN001265,PAYMENT_LINK,0,0.0,
TXN001266,PAYMENT_LINK,0,0.0,
TXN001267,ESCALATE,0,0.0,
TXN001268,RETRY,0,0.0,
TXN001269,RETRY,1,100.0,66.0
TXN001270,UPDATE_CARD,1,100.0,4.0
TXN001271,REMINDER,1,100.0,23.0
TXN001272,PAYMENT_LINK,0,0.0,
TXN001273,RETRY,1,100.0,31.0
TXN001274,PAYMENT_LINK,0,0.0,
TXN001275,UPDATE_CARD,1,100.0,41.0
TXN001276,UPDATE_CARD,1,100.0,1.0
TXN001277,RETRY,0,0.0,
TXN001278,PAYMENT_LINK,0,0.0,
TXN001279,PAYMENT_LINK,1,100.0,50.0
TXN001280,RETRY,1,100.0,20.0
TXN001281,PAYMENT_LINK,1,100.0,66.0
TXN001282,UPDATE_CARD,0,0.0,
TXN001283,PAYMENT_LINK,0,0.0,
TXN001284,PAYMENT_LINK,0,0.0,
TXN001285,RETRY,0,0.0,
TXN001286,UPDATE_CARD,1,100.0,50.0
TXN001287,PAYMENT_LINK,0,0.0,
TXN001288,PAYMENT_LINK,0,0.0,
TXN001289,ESCALATE,0,0.0,
TXN001290,PAYMENT_LINK,0,0.0,
TXN001291,RETRY,0,0.0,
TXN001292,REMINDER,1,100.0,3.0
TXN001293,ESCALATE,1,100.0,5.0
TXN001294,RETRY,0,0.0,
TXN001295,PAYMENT_LINK,1,100.0,31.0
TXN001296,PAYMENT_LINK,0,0.0,
TXN001297,REMINDER,1,193.79,71.0
TXN001298,RETRY,0,0.0,
TXN001299,PAYMENT_LINK,0,0.0,
TXN001300,RETRY,1,100.0,1.0
TXN001301,PAYMENT_LINK,0,0.0,
TXN001302,PAYMENT_LINK,1,100.0,36.0
TXN001303,PAYMENT_LINK,1,100.0,25.0
TXN001304,PAYMENT_LINK,0,0.0,
TXN001305,REMINDER,1,100.0,61.0
TXN001306,PAYMENT_LINK,0,0.0,
TXN001307,PAYMENT_LINK,1,100.0,18.0
TXN001308,PAYMENT_LINK,1,100.0,41.0
TXN001309,PAYMENT_LINK,1,100.0,19.0
TXN001310,PAYMENT_LINK,1,100.0,4.0
TXN001311,PAYMENT_LINK,1,100.0,65.0
TXN001312,PAYMENT_LINK,1,100.0,41.0
TXN001313,UPDATE_CARD,1,100.0,15.0
TXN001314,RETRY,1,100.0,54.0
TXN001315,RETRY,1,100.0,64.0
TXN001316,PAYMENT_LINK,0,0.0,
TXN001317,PAYMENT_LINK,0,0.0,
TXN001318,UPDATE_CARD,0,0.0,
TXN001319,UPDATE_CARD,1,100.0,22.0
TXN001320,RETRY,0,0.0,
TXN001321,UPDATE_CARD,0,0.0,
TXN001322,PAYMENT_LINK,0,0.0,
TXN001323,PAYMENT_LINK,1,100.0,20.0
TXN001324,REMINDER,1,100.0,16.0
TXN001325,RETRY,1,100.0,67.0
TXN001326,RETRY,1,100.0,30.0
TXN001327,ESCALATE,0,0.0,
TXN001328,PAYMENT_LINK,1,100.0,66.0
TXN001329,PAYMENT_LINK,1,100.0,26.0
TXN001330,RETRY,1,100.0,57.0
TXN001331,RETRY,1,100.0,69.0
TXN001332,PAYMENT_LINK,0,0.0,
TXN001333,PAYMENT_LINK,0,0.0,
TXN001334,REMINDER,1,100.0,62.0
TXN001335,RETRY,0,0.0,
TXN001336,PAYMENT_LINK,0,0.0,
TXN001337,RETRY,0,0.0,
TXN001338,RETRY,1,100.0,20.0
TXN001339,PAYMENT_LINK,1,100.0,50.0
TXN001340,RETRY,1,100.0,25.0
TXN001341,RETRY,0,0.0,
TXN001342,UPDATE_CARD,0,0.0,
TXN001343,UPDATE_CARD,1,100.0,14.0
TXN001344,PAYMENT_LINK,1,100.0,60.0
TXN001345,PAYMENT_LINK,0,0.0,
TXN001346,RETRY,1,100.0,62.0
TXN001347,PAYMENT_LINK,1,100.0,69.0
TXN001348,ESCALATE,0,0.0,
TXN001349,UPDATE_CARD,1,100.0,2.0
TXN001350,PAYMENT_LINK,1,100.0,54.0
TXN001351,PAYMENT_LINK,0,0.0,
TXN001352,PAYMENT_LINK,1,100.0,55.0
TXN001353,RETRY,1,100.0,43.0
TXN001354,UPDATE_CARD,0,0.0,
TXN001355,PAYMENT_LINK,0,0.0,
TXN001356,ESCALATE,1,100.0,45.0
TXN001357,REMINDER,1,153.85,51.0
TXN001358,PAYMENT_LINK,1,100.0,42.0
TXN001359,PAYMENT_LINK,0,0.0,
TXN001360,UPDATE_CARD,1,100.0,30.0
TXN001361,RETRY,1,100.0,37.0
TXN001362,PAYMENT_LINK,0,0.0,
TXN001363,RETRY,1,100.0,63.0
TXN001364,PAYMENT_LINK,1,100.0,11.0
TXN001365,PAYMENT_LINK,0,0.0,
TXN001366,UPDATE_CARD,0,0.0,
TXN001367,REMINDER,1,100.0,55.0
TXN001368,RETRY,1,100.0,55.0
TXN001369,PAYMENT_LINK,1,100.0,4.0
TXN001370,PAYMENT_LINK,0,0.0,
TXN001371,UPDATE_CARD,0,0.0,
TXN001372,RETRY,1,100.0,5.0
TXN001373,PAYMENT_LINK,0,0.0,
TXN001374,PAYMENT_LINK,1,100.0,44.0
TXN001375,RETRY,1,100.0,31.0
TXN001376,RETRY,1,100.0,21.0
TXN001377,PAYMENT_LINK,0,0.0,
TXN001378,PAYMENT_LINK,1,100.0,30.0
TXN001379,ESCALATE,0,0.0,
TXN001380,PAYMENT_LINK,0,0.0,
TXN001381,UPDATE_CARD,1,100.0,69.0
TXN001382,PAYMENT_LINK,0,0.0,
TXN001383,RETRY,1,100.0,45.0
TXN001384,RETRY,0,0.0,
TXN001385,PAYMENT_LINK,1,100.0,45.0
TXN001386,UPDATE_CARD,0,0.0,
TXN001387,UPDATE_CARD,1,100.0,45.0
TXN001388,PAYMENT_LINK,0,0.0,
TXN001389,RETRY,0,0.0,
TXN001390,UPDATE_CARD,1,100.0,5.0
TXN001391,RETRY,1,100.0,32.0
TXN001392,PAYMENT_LINK,0,0.0,
TXN001393,PAYMENT_LINK,1,100.0,26.0
TXN001394,UPDATE_CARD,1,100.0,37.0
TXN001395,ESCALATE,0,0.0,
TXN001396,RETRY,1,100.0,69.0
TXN001397,PAYMENT_LINK,1,100.0,25.0
TXN001398,PAYMENT_LINK,0,0.0,
TXN001399,REMINDER,1,100.0,20.0
TXN001400,PAYMENT_LINK,1,100.0,72.0
TXN001401,UPDATE_CARD,0,0.0,
TXN001402,PAYMENT_LINK,0,0.0,
TXN001403,RETRY,1,100.0,61.0
TXN001404,PAYMENT_LINK,1,100.0,26.0
TXN001405,RETRY,1,100.0,54.0
TXN001406,PAYMENT_LINK,1,100.0,42.0
TXN001407,RETRY,0,0.0,
TXN001408,RETRY,1,100.0,37.0
TXN001409,PAYMENT_LINK,0,0.0,
TXN001410,PAYMENT_LINK,1,100.0,27.0
TXN001411,RETRY,1,100.0,34.0
TXN001412,REMINDER,0,0.0,
TXN001413,PAYMENT_LINK,0,0.0,
TXN001414,PAYMENT_LINK,0,0.0,
TXN001415,RETRY,1,373.86,65.0
TXN001416,PAYMENT_LINK,0,0.0,
TXN001417,REMINDER,1,100.0,67.0
TXN001418,PAYMENT_LINK,0,0.0,
TXN001419,PAYMENT_LINK,1,100.0,14.0
TXN001420,PAYMENT_LINK,0,0.0,
TXN001421,ESCALATE,0,0.0,
TXN001422,REMINDER,0,0.0,
TXN001423,RETRY,0,0.0,
TXN001424,RETRY,1,100.0,69.0
TXN001425,PAYMENT_LINK,0,0.0,
TXN001426,PAYMENT_LINK,0,0.0,
TXN001427,PAYMENT_LINK,1,100.0,14.0
TXN001428,PAYMENT_LINK,1,100.0,57.0
TXN001429,PAYMENT_LINK,0,0.0,
TXN001430,UPDATE_CARD,1,100.0,8.0
TXN001431,PAYMENT_LINK,1,100.0,72.0
TXN001432,PAYMENT_LINK,1,100.0,19.0
TXN001433,PAYMENT_LINK,1,100.0,32.0
TXN001434,PAYMENT_LINK,0,0.0,
TXN001435,PAYMENT_LINK,0,0.0,
TXN001436,UPDATE_CARD,1,100.0,45.0
TXN001437,UPDATE_CARD,1,100.0,13.0
TXN001438,RETRY,1,100.0,27.0
TXN001439,RETRY,1,100.0,19.0
TXN001440,PAYMENT_LINK,1,100.0,26.0
TXN001441,RETRY,1,100.0,53.0
TXN001442,RETRY,1,100.0,51.0
TXN001443,PAYMENT_LINK,0,0.0,
TXN001444,PAYMENT_LINK,1,100.0,9.0
TXN001445,UPDATE_CARD,1,100.0,52.0
TXN001446,PAYMENT_LINK,1,100.0,54.0
TXN001447,ESCALATE,1,100.0,3.0
TXN001448,REMINDER,1,100.0,69.0
TXN001449,RETRY,0,0.0,
TXN001450,UPDATE_CARD,1,100.0,14.0
TXN001451,PAYMENT_LINK,0,0.0,
TXN001452,ESCALATE,1,100.0,24.0
TXN001453,PAYMENT_LINK,1,100.0,13.0
TXN001454,RETRY,1,100.0,43.0
TXN001455,PAYMENT_LINK,0,0.0,
TXN001456,RETRY,1,100.0,72.0
TXN001457,UPDATE_CARD,1,158.17,51.0
TXN001458,PAYMENT_LINK,1,100.0,42.0
TXN001459,RETRY,1,100.0,31.0
TXN001460,RETRY,1,12345.78,63.0
TXN001461,RETRY,0,0.0,
TXN001462,UPDATE_CARD,1,100.0,18.0
TXN001463,PAYMENT_LINK,0,0.0,
TXN001464,RETRY,1,100.0,7.0
TXN001465,PAYMENT_LINK,1,100.0,48.0
TXN001466,RETRY,1,100.0,60.0
TXN001467,REMINDER,0,0.0,
TXN001468,RETRY,1,100.0,3.0
TXN001469,PAYMENT_LINK,0,0.0,
TXN001470,PAYMENT_LINK,1,100.0,4.0
TXN001471,UPDATE_CARD,0,0.0,
TXN001472,PAYMENT_LINK,1,100.0,9.0
TXN001473,UPDATE_CARD,1,100.0,51.0
TXN001474,ESCALATE,0,0.0,
TXN001475,PAYMENT_LINK,0,0.0,
TXN001476,PAYMENT_LINK,0,0.0,
TXN001477,PAYMENT_LINK,1,100.0,14.0
TXN001478,RETRY,1,100.0,22.0
TXN001479,PAYMENT_LINK,0,0.0,
TXN001480,PAYMENT_LINK,1,100.0,27.0
TXN001481,UPDATE_CARD,1,100.0,43.0
TXN001482,REMINDER,0,0.0,
TXN001483,UPDATE_CARD,0,0.0,
TXN001484,RETRY,1,100.0,10.0
TXN001485,RETRY,1,100.0,29.0
TXN001486,PAYMENT_LINK,1,100.0,40.0
TXN001487,ESCALATE,0,0.0,
TXN001488,PAYMENT_LINK,1,100.0,21.0
TXN001489,PAYMENT_LINK,0,0.0,
TXN001490,PAYMENT_LINK,0,0.0,
TXN001491,UPDATE_CARD,0,0.0,
TXN001492,RETRY,1,100.0,9.0
TXN001493,PAYMENT_LINK,1,100.0,20.0
TXN001494,RETRY,1,100.0,56.0
TXN001495,ESCALATE,0,0.0,
TXN001496,RETRY,1,100.0,36.0
TXN001497,REMINDER,1,100.0,22.0
TXN001498,RETRY,0,0.0,
TXN001499,RETRY,1,100.0,69.0
TXN001500,PAYMENT_LINK,1,100.0,37.0
TXN001501,RETRY,1,100.0,72.0
TXN001502,RETRY,1,100.0,13.0
TXN001503,PAYMENT_LINK,0,0.0,
TXN001504,RETRY,0,0.0,
TXN001505,RETRY,1,100.0,25.0
TXN001506,PAYMENT_LINK,1,100.0,21.0
TXN001507,PAYMENT_LINK,1,100.0,41.0
TXN001508,PAYMENT_LINK,1,100.0,42.0
TXN001509,PAYMENT_LINK,1,100.0,42.0
TXN001510,UPDATE_CARD,1,100.0,2.0
TXN001511,RETRY,0,0.0,
TXN001512,PAYMENT_LINK,0,0.0,
TXN001513,PAYMENT_LINK,0,0.0,
TXN001514,PAYMENT_LINK,0,0.0,
TXN001515,PAYMENT_LINK,0,0.0,
TXN001516,PAYMENT_LINK,0,0.0,
TXN001517,PAYMENT_LINK,0,0.0,
TXN001518,PAYMENT_LINK,0,0.0,
TXN001519,ESCALATE,0,0.0,
TXN001520,RETRY,1,100.0,64.0
TXN001521,RETRY,1,100.0,26.0
TXN001522,PAYMENT_LINK,1,100.0,32.0
TXN001523,PAYMENT_LINK,1,100.0,57.0
TXN001524,RETRY,1,100.0,53.0
TXN001525,RETRY,1,100.0,33.0
TXN001526,ESCALATE,0,0.0,
TXN001527,RETRY,1,100.0,18.0
TXN001528,PAYMENT_LINK,1,100.0,35.0
TXN001529,PAYMENT_LINK,0,0.0,
TXN001530,PAYMENT_LINK,0,0.0,
TXN001531,UPDATE_CARD,1,100.0,10.0
TXN001532,PAYMENT_LINK,0,0.0,
TXN001533,PAYMENT_LINK,0,0.0,
TXN001534,RETRY,1,100.0,67.0
TXN001535,RETRY,0,0.0,
TXN001536,RETRY,1,100.0,8.0
TXN001537,UPDATE_CARD,0,0.0,
TXN001538,PAYMENT_LINK,1,100.0,22.0
TXN001539,PAYMENT_LINK,1,100.0,70.0
TXN001540,UPDATE_CARD,1,100.0,61.0
TXN001541,RETRY,1,100.0,43.0
TXN001542,PAYMENT_LINK,1,100.0,49.0
TXN001543,ESCALATE,0,0.0,
TXN001544,RETRY,1,100.0,31.0
TXN001545,PAYMENT_LINK,1,100.0,53.0
TXN001546,RETRY,1,100.0,34.0
TXN001547,UPDATE_CARD,1,100.0,38.0
TXN001548,PAYMENT_LINK,0,0.0,
TXN001549,RETRY,1,100.0,4.0
TXN001550,PAYMENT_LINK,0,0.0,
TXN001551,PAYMENT_LINK,1,100.0,12.0
TXN001552,PAYMENT_LINK,1,100.0,35.0
TXN001553,UPDATE_CARD,1,100.0,70.0
TXN001554,RETRY,1,100.0,72.0
TXN001555,PAYMENT_LINK,1,100.0,21.0
TXN001556,PAYMENT_LINK,0,0.0,
TXN001557,REMINDER,0,0.0,
TXN001558,PAYMENT_LINK,1,100.0,48.0
TXN001559,PAYMENT_LINK,1,100.0,15.0
TXN001560,ESCALATE,1,100.0,71.0
TXN001561,RETRY,0,0.0,
TXN001562,RETRY,1,100.0,6.0
TXN001563,RETRY,1,100.0,68.0
TXN001564,UPDATE_CARD,0,0.0,
TXN001565,RETRY,1,100.0,32.0
TXN001566,PAYMENT_LINK,1,100.0,22.0
TXN001567,UPDATE_CARD,1,100.0,27.0
TXN001568,UPDATE_CARD,0,0.0,
TXN001569,PAYMENT_LINK,1,100.0,44.0
TXN001570,PAYMENT_LINK,1,100.0,9.0
TXN001571,UPDATE_CARD,1,100.0,34.0
TXN001572,RETRY,0,0.0,
TXN001573,RETRY,1,100.0,62.0
TXN001574,PAYMENT_LINK,1,180.76,45.0
TXN001575,RETRY,0,0.0,
TXN001576,PAYMENT_LINK,1,100.0,58.0
TXN001577,PAYMENT_LINK,0,0.0,
TXN001578,RETRY,1,100.0,16.0
TXN001579,PAYMENT_LINK,1,100.0,8.0
TXN001580,UPDATE_CARD,1,100.0,33.0
TXN001581,PAYMENT_LINK,1,100.0,18.0
TXN001582,PAYMENT_LINK,1,100.0,35.0
TXN001583,PAYMENT_LINK,0,0.0,
TXN001584,RETRY,1,100.0,50.0
TXN001585,UPDATE_CARD,1,100.0,3.0
TXN001586,PAYMENT_LINK,0,0.0,
TXN001587,PAYMENT_LINK,1,100.0,28.0
TXN001588,RETRY,1,100.0,46.0
TXN001589,RETRY,0,0.0,
TXN001590,PAYMENT_LINK,1,100.0,70.0
TXN001591,PAYMENT_LINK,0,0.0,
TXN001592,RETRY,0,0.0,
TXN001593,PAYMENT_LINK,0,0.0,
TXN001594,PAYMENT_LINK,0,0.0,
TXN001595,PAYMENT_LINK,1,100.0,51.0
TXN001596,RETRY,0,0.0,
TXN001597,RETRY,1,100.0,15.0
TXN001598,RETRY,1,100.0,25.0
TXN001599,PAYMENT_LINK,1,100.0,61.0
TXN001600,UPDATE_CARD,1,100.0,41.0
TXN001601,PAYMENT_LINK,0,0.0,
TXN001602,UPDATE_CARD,1,100.0,4.0
TXN001603,PAYMENT_LINK,1,100.0,57.0
TXN001604,PAYMENT_LINK,0,0.0,
TXN001605,PAYMENT_LINK,0,0.0,
TXN001606,RETRY,1,100.0,67.0
TXN001607,RETRY,0,0.0,
TXN001608,PAYMENT_LINK,1,100.0,17.0
TXN001609,PAYMENT_LINK,0,0.0,
TXN001610,RETRY,1,100.0,66.0
TXN001611,PAYMENT_LINK,0,0.0,
TXN001612,PAYMENT_LINK,1,100.0,32.0
TXN001613,RETRY,0,0.0,
TXN001614,PAYMENT_LINK,1,100.0,66.0
TXN001615,PAYMENT_LINK,0,0.0,
TXN001616,PAYMENT_LINK,1,100.0,66.0
TXN001617,RETRY,1,100.0,15.0
TXN001618,PAYMENT_LINK,1,100.0,35.0
TXN001619,PAYMENT_LINK,0,0.0,
TXN001620,PAYMENT_LINK,1,100.0,27.0
TXN001621,RETRY,1,100.0,7.0
TXN001622,PAYMENT_LINK,0,0.0,
TXN001623,REMINDER,1,100.0,33.0
TXN001624,PAYMENT_LINK,0,0.0,
TXN001625,PAYMENT_LINK,0,0.0,
TXN001626,RETRY,1,100.0,17.0
TXN001627,PAYMENT_LINK,0,0.0,
TXN001628,UPDATE_CARD,1,100.0,72.0
TXN001629,UPDATE_CARD,1,100.0,40.0
TXN001630,UPDATE_CARD,1,100.0,46.0
TXN001631,PAYMENT_LINK,1,100.0,71.0
TXN001632,RETRY,1,100.0,70.0
TXN001633,UPDATE_CARD,1,100.0,68.0
TXN001634,REMINDER,0,0.0,
TXN001635,UPDATE_CARD,0,0.0,
TXN001636,RETRY,1,100.0,35.0
TXN001637,PAYMENT_LINK,0,0.0,
TXN001638,UPDATE_CARD,0,0.0,
TXN001639,RETRY,1,100.0,17.0
TXN001640,PAYMENT_LINK,0,0.0,
TXN001641,PAYMENT_LINK,0,0.0,
TXN001642,PAYMENT_LINK,1,100.0,14.0
TXN001643,PAYMENT_LINK,1,100.0,29.0
TXN001644,PAYMENT_LINK,0,0.0,
TXN001645,RETRY,1,100.0,1.0
TXN001646,PAYMENT_LINK,0,0.0,
TXN001647,PAYMENT_LINK,0,0.0,
TXN001648,PAYMENT_LINK,1,100.0,51.0
TXN001649,UPDATE_CARD,1,100.0,37.0
TXN001650,PAYMENT_LINK,0,0.0,
TXN001651,RETRY,0,0.0,
TXN001652,PAYMENT_LINK,0,0.0,
TXN001653,RETRY,1,100.0,12.0
TXN001654,RETRY,0,0.0,
TXN001655,RETRY,1,100.0,1.0
TXN001656,PAYMENT_LINK,1,100.0,7.0
TXN001657,RETRY,1,100.0,17.0
TXN001658,RETRY,1,100.0,43.0
TXN001659,RETRY,1,100.0,71.0
TXN001660,RETRY,1,100.0,17.0
TXN001661,UPDATE_CARD,1,100.0,59.0
TXN001662,PAYMENT_LINK,1,100.0,3.0
TXN001663,RETRY,0,0.0,
TXN001664,PAYMENT_LINK,0,0.0,
TXN001665,PAYMENT_LINK,0,0.0,
TXN001666,PAYMENT_LINK,1,100.0,54.0
TXN001667,RETRY,1,100.0,50.0
TXN001668,PAYMENT_LINK,0,0.0,
TXN001669,RETRY,1,100.0,30.0
TXN001670,RETRY,1,100.0,23.0
TXN001671,PAYMENT_LINK,0,0.0,
TXN001672,PAYMENT_LINK,1,100.0,21.0
TXN001673,PAYMENT_LINK,0,0.0,
TXN001674,RETRY,1,100.0,23.0
TXN001675,RETRY,0,0.0,
TXN001676,PAYMENT_LINK,1,100.0,21.0
TXN001677,UPDATE_CARD,1,100.0,21.0
TXN001678,RETRY,1,100.0,1.0
TXN001679,UPDATE_CARD,0,0.0,
TXN001680,PAYMENT_LINK,1,100.0,17.0
TXN001681,UPDATE_CARD,1,100.0,51.0
TXN001682,RETRY,1,100.0,63.0
TXN001683,PAYMENT_LINK,0,0.0,
TXN001684,RETRY,0,0.0,
TXN001685,UPDATE_CARD,1,177.08,50.0
TXN001686,RETRY,0,0.0,
TXN001687,PAYMENT_LINK,1,100.0,6.0
TXN001688,PAYMENT_LINK,1,100.0,49.0
TXN001689,PAYMENT_LINK,1,100.0,6.0
TXN001690,RETRY,1,100.0,69.0
TXN001691,PAYMENT_LINK,1,100.0,7.0
TXN001692,RETRY,1,100.0,51.0
TXN001693,UPDATE_CARD,1,100.0,1.0
TXN001694,PAYMENT_LINK,1,100.0,13.0
TXN001695,UPDATE_CARD,1,100.0,43.0
TXN001696,PAYMENT_LINK,1,100.0,27.0
TXN001697,UPDATE_CARD,1,100.0,71.0
TXN001698,PAYMENT_LINK,1,100.0,3.0
TXN001699,PAYMENT_LINK,0,0.0,
TXN001700,RETRY,1,100.0,17.0
TXN001701,UPDATE_CARD,1,100.0,45.0
TXN001702,PAYMENT_LINK,1,100.0,58.0
TXN001703,PAYMENT_LINK,1,100.0,56.0
TXN001704,RETRY,0,0.0,
TXN001705,PAYMENT_LINK,0,0.0,
TXN001706,PAYMENT_LINK,1,100.0,54.0
TXN001707,PAYMENT_LINK,1,189.16,27.0
TXN001708,REMINDER,0,0.0,
TXN001709,UPDATE_CARD,1,100.0,31.0
TXN001710,PAYMENT_LINK,0,0.0,
TXN001711,RETRY,1,100.0,61.0
TXN001712,PAYMENT_LINK,1,100.0,37.0
TXN001713,PAYMENT_LINK,1,100.0,67.0
TXN001714,PAYMENT_LINK,0,0.0,
TXN001715,PAYMENT_LINK,1,100.0,5.0
TXN001716,REMINDER,1,111.97,46.0
TXN001717,RETRY,0,0.0,
TXN001718,PAYMENT_LINK,1,100.0,49.0
TXN001719,RETRY,0,0.0,
TXN001720,RETRY,1,100.0,10.0
TXN001721,PAYMENT_LINK,1,100.0,23.0
TXN001722,RETRY,1,100.0,17.0
TXN001723,PAYMENT_LINK,1,100.0,44.0
TXN001724,REMINDER,1,100.0,41.0
TXN001725,UPDATE_CARD,0,0.0,
TXN001726,RETRY,1,100.0,44.0
TXN001727,RETRY,0,0.0,
TXN001728,RETRY,1,100.0,50.0
TXN001729,ESCALATE,1,100.0,52.0
TXN001730,PAYMENT_LINK,0,0.0,
TXN001731,PAYMENT_LINK,1,100.0,68.0
TXN001732,RETRY,1,100.0,63.0
TXN001733,PAYMENT_LINK,0,0.0,
TXN001734,RETRY,1,100.0,23.0
TXN001735,RETRY,1,100.0,44.0
TXN001736,UPDATE_CARD,0,0.0,
TXN001737,PAYMENT_LINK,1,100.0,52.0
TXN001738,RETRY,0,0.0,
TXN001739,RETRY,0,0.0,
TXN001740,PAYMENT_LINK,1,100.0,67.0
TXN001741,RETRY,1,204.75,18.0
TXN001742,RETRY,1,100.0,27.0
TXN001743,UPDATE_CARD,1,100.0,51.0
TXN001744,PAYMENT_LINK,0,0.0,
TXN001745,PAYMENT_LINK,1,100.0,49.0
TXN001746,ESCALATE,0,0.0,
TXN001747,UPDATE_CARD,1,100.0,68.0
TXN001748,RETRY,1,100.0,15.0
TXN001749,ESCALATE,0,0.0,
TXN001750,PAYMENT_LINK,1,100.0,48.0
TXN001751,RETRY,0,0.0,
TXN001752,UPDATE_CARD,1,100.0,1.0
TXN001753,RETRY,1,100.0,7.0
TXN001754,RETRY,0,0.0,
TXN001755,RETRY,0,0.0,
TXN001756,REMINDER,1,100.0,18.0
TXN001757,PAYMENT_LINK,0,0.0,
TXN001758,UPDATE_CARD,0,0.0,
TXN001759,ESCALATE,0,0.0,
TXN001760,RETRY,1,114.37,7.0
TXN001761,RETRY,1,100.0,3.0
TXN001762,RETRY,1,100.0,63.0
TXN001763,RETRY,1,100.0,6.0
TXN001764,RETRY,1,100.0,15.0
TXN001765,PAYMENT_LINK,0,0.0,
TXN001766,PAYMENT_LINK,1,100.0,43.0
TXN001767,ESCALATE,0,0.0,
TXN001768,PAYMENT_LINK,1,100.0,22.0
TXN001769,PAYMENT_LINK,0,0.0,
TXN001770,RETRY,1,100.0,61.0
TXN001771,RETRY,1,100.0,53.0
TXN001772,PAYMENT_LINK,1,100.0,26.0
TXN001773,UPDATE_CARD,1,100.0,40.0
TXN001774,RETRY,0,0.0,
TXN001775,PAYMENT_LINK,1,100.0,21.0
TXN001776,RETRY,1,100.0,43.0
TXN001777,PAYMENT_LINK,1,100.0,21.0
TXN001778,PAYMENT_LINK,0,0.0,
TXN001779,ESCALATE,0,0.0,
TXN001780,RETRY,1,3567.62,27.0
TXN001781,PAYMENT_LINK,1,100.0,27.0
TXN001782,PAYMENT_LINK,0,0.0,
TXN001783,PAYMENT_LINK,1,100.0,33.0
TXN001784,RETRY,1,100.0,44.0
TXN001785,PAYMENT_LINK,1,100.0,43.0
TXN001786,PAYMENT_LINK,1,100.0,31.0
TXN001787,PAYMENT_LINK,0,0.0,
TXN001788,PAYMENT_LINK,0,0.0,
TXN001789,PAYMENT_LINK,1,100.0,15.0
TXN001790,UPDATE_CARD,1,100.0,34.0
TXN001791,PAYMENT_LINK,0,0.0,
TXN001792,RETRY,0,0.0,
TXN001793,PAYMENT_LINK,0,0.0,
TXN001794,RETRY,1,100.0,2.0
TXN001795,PAYMENT_LINK,0,0.0,
TXN001796,RETRY,1,100.0,58.0
TXN001797,ESCALATE,1,100.0,9.0
TXN001798,RETRY,1,100.0,31.0
TXN001799,RETRY,1,100.0,66.0
TXN001800,PAYMENT_LINK,1,100.0,62.0
TXN001801,RETRY,1,179.85,19.0
TXN001802,PAYMENT_LINK,0,0.0,
TXN001803,RETRY,1,100.0,28.0
TXN001804,PAYMENT_LINK,1,220.61,50.0
TXN001805,PAYMENT_LINK,1,100.0,65.0
TXN001806,PAYMENT_LINK,0,0.0,
TXN001807,PAYMENT_LINK,0,0.0,
TXN001808,PAYMENT_LINK,1,100.0,10.0
TXN001809,PAYMENT_LINK,0,0.0,
TXN001810,RETRY,1,100.0,37.0
TXN001811,PAYMENT_LINK,0,0.0,
TXN001812,RETRY,0,0.0,
TXN001813,RETRY,1,100.0,44.0
TXN001814,PAYMENT_LINK,1,100.0,39.0
TXN001815,PAYMENT_LINK,1,100.0,5.0
TXN001816,RETRY,0,0.0,
TXN001817,RETRY,1,100.0,56.0
TXN001818,PAYMENT_LINK,1,100.0,64.0
TXN001819,PAYMENT_LINK,0,0.0,
TXN001820,PAYMENT_LINK,0,0.0,
TXN001821,PAYMENT_LINK,0,0.0,
TXN001822,PAYMENT_LINK,1,100.0,10.0
TXN001823,ESCALATE,0,0.0,
TXN001824,ESCALATE,1,100.0,62.0
TXN001825,RETRY,0,0.0,
TXN001826,PAYMENT_LINK,1,100.0,19.0
TXN001827,RETRY,1,731.87,38.0
TXN001828,RETRY,1,100.0,6.0
TXN001829,UPDATE_CARD,1,100.0,15.0
TXN001830,PAYMENT_LINK,1,100.0,47.0
TXN001831,PAYMENT_LINK,1,100.0,45.0
TXN001832,RETRY,1,100.0,5.0
TXN001833,PAYMENT_LINK,1,100.0,53.0
TXN001834,PAYMENT_LINK,0,0.0,
TXN001835,PAYMENT_LINK,1,100.0,62.0
TXN001836,RETRY,0,0.0,
TXN001837,PAYMENT_LINK,0,0.0,
TXN001838,UPDATE_CARD,1,100.0,52.0
TXN001839,RETRY,1,105.42,46.0
TXN001840,ESCALATE,0,0.0,
TXN001841,PAYMENT_LINK,0,0.0,
TXN001842,RETRY,0,0.0,
TXN001843,RETRY,1,100.0,24.0
TXN001844,RETRY,1,100.0,17.0
TXN001845,PAYMENT_LINK,1,100.0,46.0
TXN001846,PAYMENT_LINK,1,100.0,64.0
TXN001847,PAYMENT_LINK,0,0.0,
TXN001848,PAYMENT_LINK,0,0.0,
TXN001849,UPDATE_CARD,1,100.0,64.0
TXN001850,RETRY,1,100.0,28.0
TXN001851,RETRY,1,100.0,56.0
TXN001852,PAYMENT_LINK,1,112.65,59.0
TXN001853,PAYMENT_LINK,0,0.0,
TXN001854,PAYMENT_LINK,0,0.0,
TXN001855,RETRY,0,0.0,
TXN001856,RETRY,1,100.0,42.0
TXN001857,UPDATE_CARD,1,100.0,72.0
TXN001858,RETRY,1,100.0,57.0
TXN001859,PAYMENT_LINK,1,100.0,47.0
TXN001860,UPDATE_CARD,1,100.0,25.0
TXN001861,RETRY,1,100.0,44.0
TXN001862,PAYMENT_LINK,1,100.0,15.0
TXN001863,ESCALATE,0,0.0,
TXN001864,RETRY,1,100.0,53.0
TXN001865,REMINDER,1,100.0,34.0
TXN001866,RETRY,1,219.66,8.0
TXN001867,REMINDER,0,0.0,
TXN001868,RETRY,1,100.0,21.0
TXN001869,UPDATE_CARD,1,100.0,7.0
TXN001870,ESCALATE,0,0.0,
TXN001871,PAYMENT_LINK,1,100.0,49.0
TXN001872,RETRY,1,100.0,42.0
TXN001873,UPDATE_CARD,1,100.0,23.0
TXN001874,RETRY,1,100.0,52.0
TXN001875,PAYMENT_LINK,0,0.0,
TXN001876,PAYMENT_LINK,1,100.0,16.0
TXN001877,RETRY,1,100.0,37.0
TXN001878,RETRY,1,100.0,18.0
TXN001879,PAYMENT_LINK,0,0.0,
TXN001880,PAYMENT_LINK,0,0.0,
TXN001881,PAYMENT_LINK,1,100.0,2.0
TXN001882,RETRY,1,100.0,63.0
TXN001883,RETRY,1,100.0,3.0
TXN001884,PAYMENT_LINK,0,0.0,
TXN001885,PAYMENT_LINK,1,100.0,49.0
TXN001886,PAYMENT_LINK,1,158.18,1.0
TXN001887,PAYMENT_LINK,0,0.0,
TXN001888,PAYMENT_LINK,0,0.0,
TXN001889,RETRY,1,100.0,45.0
TXN001890,PAYMENT_LINK,0,0.0,
TXN001891,PAYMENT_LINK,1,100.0,65.0
TXN001892,PAYMENT_LINK,0,0.0,
TXN001893,PAYMENT_LINK,0,0.0,
TXN001894,REMINDER,1,100.0,3.0
TXN001895,PAYMENT_LINK,0,0.0,
TXN001896,PAYMENT_LINK,0,0.0,
TXN001897,PAYMENT_LINK,1,100.0,34.0
TXN001898,RETRY,1,100.0,20.0
TXN001899,RETRY,1,100.0,54.0
TXN001900,PAYMENT_LINK,1,100.0,25.0
TXN001901,RETRY,1,100.0,15.0
TXN001902,RETRY,0,0.0,
TXN001903,RETRY,1,100.0,23.0
TXN001904,UPDATE_CARD,1,100.0,52.0
TXN001905,RETRY,0,0.0,
TXN001906,RETRY,0,0.0,
TXN001907,PAYMENT_LINK,0,0.0,
TXN001908,PAYMENT_LINK,0,0.0,
TXN001909,PAYMENT_LINK,0,0.0,
TXN001910,REMINDER,1,117.36,14.0
TXN001911,PAYMENT_LINK,1,100.0,14.0
TXN001912,ESCALATE,1,445.05,33.0
TXN001913,RETRY,0,0.0,
TXN001914,PAYMENT_LINK,0,0.0,
TXN001915,PAYMENT_LINK,1,100.0,34.0
TXN001916,RETRY,0,0.0,
TXN001917,PAYMENT_LINK,0,0.0,
TXN001918,PAYMENT_LINK,1,100.0,4.0
TXN001919,UPDATE_CARD,1,100.0,36.0
TXN001920,PAYMENT_LINK,1,100.0,58.0
TXN001921,PAYMENT_LINK,0,0.0,
TXN001922,RETRY,0,0.0,
TXN001923,RETRY,1,100.0,67.0
TXN001924,UPDATE_CARD,0,0.0,
TXN001925,UPDATE_CARD,1,100.0,62.0
TXN001926,PAYMENT_LINK,1,100.0,58.0
TXN001927,PAYMENT_LINK,0,0.0,
TXN001928,UPDATE_CARD,1,100.0,67.0
TXN001929,UPDATE_CARD,1,100.0,48.0
TXN001930,UPDATE_CARD,1,100.0,8.0
TXN001931,RETRY,0,0.0,
TXN001932,RETRY,1,100.0,32.0
TXN001933,PAYMENT_LINK,0,0.0,
TXN001934,RETRY,0,0.0,
TXN001935,PAYMENT_LINK,1,100.0,4.0
TXN001936,PAYMENT_LINK,0,0.0,
TXN001937,RETRY,1,100.0,13.0
TXN001938,PAYMENT_LINK,1,100.0,21.0
TXN001939,REMINDER,1,100.0,41.0
TXN001940,RETRY,0,0.0,
TXN001941,RETRY,1,100.0,48.0
TXN001942,PAYMENT_LINK,1,100.0,63.0
TXN001943,UPDATE_CARD,1,100.0,20.0
TXN001944,RETRY,1,100.0,64.0
TXN001945,UPDATE_CARD,1,100.0,37.0
TXN001946,PAYMENT_LINK,1,100.0,31.0
TXN001947,RETRY,0,0.0,
TXN001948,RETRY,1,100.0,20.0
TXN001949,PAYMENT_LINK,0,0.0,
TXN001950,RETRY,0,0.0,
TXN001951,PAYMENT_LINK,1,100.0,64.0
TXN001952,PAYMENT_LINK,0,0.0,
TXN001953,PAYMENT_LINK,1,100.0,65.0
TXN001954,RETRY,1,100.0,55.0
TXN001955,PAYMENT_LINK,0,0.0,
TXN001956,REMINDER,0,0.0,
TXN001957,PAYMENT_LINK,1,100.0,9.0
TXN001958,UPDATE_CARD,1,100.0,71.0
TXN001959,PAYMENT_LINK,0,0.0,
TXN001960,ESCALATE,1,100.0,52.0
TXN001961,PAYMENT_LINK,1,100.0,18.0
TXN001962,PAYMENT_LINK,0,0.0,
TXN001963,ESCALATE,0,0.0,
TXN001964,UPDATE_CARD,0,0.0,
TXN001965,RETRY,0,0.0,
TXN001966,RETRY,1,100.0,9.0
TXN001967,PAYMENT_LINK,1,100.0,64.0
TXN001968,PAYMENT_LINK,1,100.0,30.0
TXN001969,UPDATE_CARD,1,100.0,8.0
TXN001970,REMINDER,1,100.0,5.0
TXN001971,RETRY,1,100.0,63.0
TXN001972,UPDATE_CARD,0,0.0,
TXN001973,RETRY,1,100.0,15.0
TXN001974,REMINDER,1,100.0,38.0
TXN001975,PAYMENT_LINK,1,100.0,42.0
TXN001976,PAYMENT_LINK,1,100.0,46.0
TXN001977,PAYMENT_LINK,1,100.0,53.0
TXN001978,PAYMENT_LINK,0,0.0,
TXN001979,PAYMENT_LINK,1,100.0,61.0
TXN001980,RETRY,1,100.0,67.0
TXN001981,RETRY,0,0.0,
TXN001982,PAYMENT_LINK,0,0.0,
TXN001983,PAYMENT_LINK,1,100.0,26.0
TXN001984,RETRY,1,100.0,60.0
TXN001985,PAYMENT_LINK,0,0.0,
TXN001986,RETRY,0,0.0,
TXN001987,REMINDER,1,100.0,21.0
TXN001988,PAYMENT_LINK,1,100.0,41.0
TXN001989,RETRY,1,100.0,48.0
TXN001990,RETRY,1,659.13,26.0
TXN001991,PAYMENT_LINK,1,100.0,63.0
TXN001992,RETRY,0,0.0,
TXN001993,RETRY,0,0.0,
TXN001994,RETRY,1,100.0,21.0
TXN001995,PAYMENT_LINK,1,100.0,18.0
TXN001996,UPDATE_CARD,1,100.0,15.0
TXN001997,UPDATE_CARD,0,0.0,
TXN001998,PAYMENT_LINK,0,0.0,
TXN001999,RETRY,0,0.0,
TXN002000,UPDATE_CARD,1,100.0,28.0
TXN002001,RETRY,0,0.0,
TXN002002,RETRY,1,100.0,29.0
TXN002003,PAYMENT_LINK,0,0.0,
TXN002004,PAYMENT_LINK,0,0.0,
TXN002005,PAYMENT_LINK,0,0.0,
TXN002006,PAYMENT_LINK,1,100.0,50.0
TXN002007,PAYMENT_LINK,1,100.0,31.0
TXN002008,RETRY,1,100.0,47.0
TXN002009,RETRY,0,0.0,
TXN002010,RETRY,0,0.0,
TXN002011,PAYMENT_LINK,1,100.0,67.0
TXN002012,PAYMENT_LINK,1,100.0,72.0
TXN002013,RETRY,1,100.0,52.0
TXN002014,PAYMENT_LINK,0,0.0,
TXN002015,PAYMENT_LINK,0,0.0,
TXN002016,PAYMENT_LINK,1,107.92,15.0
TXN002017,RETRY,0,0.0,
TXN002018,RETRY,1,100.0,14.0
TXN002019,PAYMENT_LINK,1,100.0,3.0
TXN002020,PAYMENT_LINK,0,0.0,
TXN002021,UPDATE_CARD,1,100.0,54.0
TXN002022,PAYMENT_LINK,1,100.0,6.0
TXN002023,ESCALATE,0,0.0,
TXN002024,PAYMENT_LINK,0,0.0,
TXN002025,UPDATE_CARD,0,0.0,
TXN002026,REMINDER,1,100.0,60.0
TXN002027,RETRY,1,100.0,45.0
TXN002028,ESCALATE,0,0.0,
TXN002029,REMINDER,1,100.0,56.0
TXN002030,RETRY,0,0.0,
TXN002031,UPDATE_CARD,1,100.0,45.0
TXN002032,RETRY,0,0.0,
TXN002033,UPDATE_CARD,1,100.0,24.0
TXN002034,UPDATE_CARD,1,100.0,29.0
TXN002035,PAYMENT_LINK,0,0.0,
TXN002036,PAYMENT_LINK,1,100.0,68.0
TXN002037,RETRY,1,100.0,66.0
TXN002038,PAYMENT_LINK,1,100.0,54.0
TXN002039,PAYMENT_LINK,1,100.0,53.0
TXN002040,UPDATE_CARD,1,100.0,49.0
TXN002041,PAYMENT_LINK,1,100.0,32.0
TXN002042,PAYMENT_LINK,0,0.0,
TXN002043,UPDATE_CARD,1,100.0,42.0
TXN002044,RETRY,1,100.0,1.0
TXN002045,PAYMENT_LINK,0,0.0,
TXN002046,REMINDER,1,100.0,35.0
TXN002047,PAYMENT_LINK,0,0.0,
TXN002048,RETRY,0,0.0,
TXN002049,RETRY,1,100.0,45.0
TXN002050,PAYMENT_LINK,1,100.0,65.0
TXN002051,PAYMENT_LINK,0,0.0,
TXN002052,REMINDER,1,100.0,3.0
TXN002053,PAYMENT_LINK,1,100.0,24.0
TXN002054,PAYMENT_LINK,1,100.0,65.0
TXN002055,PAYMENT_LINK,0,0.0,
TXN002056,RETRY,1,100.0,10.0
TXN002057,PAYMENT_LINK,1,100.0,13.0
TXN002058,RETRY,1,100.0,14.0
TXN002059,PAYMENT_LINK,0,0.0,
TXN002060,PAYMENT_LINK,1,100.0,40.0
TXN002061,PAYMENT_LINK,1,100.0,23.0
TXN002062,PAYMENT_LINK,1,100.0,55.0
TXN002063,UPDATE_CARD,0,0.0,
TXN002064,PAYMENT_LINK,0,0.0,
TXN002065,RETRY,1,100.0,42.0
TXN002066,UPDATE_CARD,0,0.0,
TXN002067,RETRY,1,100.0,47.0
TXN002068,PAYMENT_LINK,0,0.0,
TXN002069,RETRY,1,100.0,18.0
TXN002070,RETRY,1,100.0,18.0
TXN002071,PAYMENT_LINK,1,100.0,24.0
TXN002072,REMINDER,1,165.24,23.0
TXN002073,UPDATE_CARD,1,100.0,12.0
TXN002074,RETRY,1,100.0,23.0
TXN002075,PAYMENT_LINK,1,100.0,21.0
TXN002076,RETRY,0,0.0,
TXN002077,UPDATE_CARD,1,100.0,72.0
TXN002078,UPDATE_CARD,1,100.0,34.0
TXN002079,UPDATE_CARD,1,100.0,2.0
TXN002080,PAYMENT_LINK,0,0.0,
TXN002081,RETRY,0,0.0,
TXN002082,PAYMENT_LINK,0,0.0,
TXN002083,PAYMENT_LINK,1,100.0,70.0
TXN002084,PAYMENT_LINK,0,0.0,
TXN002085,UPDATE_CARD,1,100.0,72.0
TXN002086,PAYMENT_LINK,1,100.0,13.0
TXN002087,UPDATE_CARD,1,100.0,65.0
TXN002088,UPDATE_CARD,1,100.0,6.0
TXN002089,PAYMENT_LINK,1,100.0,71.0
TXN002090,RETRY,1,100.0,27.0
TXN002091,RETRY,1,100.0,52.0
TXN002092,PAYMENT_LINK,1,100.0,48.0
TXN002093,UPDATE_CARD,1,100.0,68.0
TXN002094,RETRY,1,100.0,44.0
TXN002095,PAYMENT_LINK,0,0.0,
TXN002096,UPDATE_CARD,0,0.0,
TXN002097,PAYMENT_LINK,1,525.73,10.0
TXN002098,RETRY,0,0.0,
TXN002099,RETRY,0,0.0,
TXN002100,PAYMENT_LINK,0,0.0,
TXN002101,RETRY,1,100.0,52.0
TXN002102,RETRY,1,100.0,15.0
TXN002103,ESCALATE,0,0.0,
TXN002104,UPDATE_CARD,1,100.0,57.0
TXN002105,RETRY,1,100.0,56.0
TXN002106,RETRY,1,100.0,7.0
TXN002107,RETRY,1,100.0,51.0
TXN002108,RETRY,1,107.24,58.0
TXN002109,PAYMENT_LINK,0,0.0,
TXN002110,PAYMENT_LINK,1,100.0,26.0
TXN002111,PAYMENT_LINK,0,0.0,
TXN002112,PAYMENT_LINK,1,100.0,31.0
TXN002113,PAYMENT_LINK,1,100.0,66.0
TXN002114,PAYMENT_LINK,0,0.0,
TXN002115,PAYMENT_LINK,0,0.0,
TXN002116,PAYMENT_LINK,0,0.0,
TXN002117,PAYMENT_LINK,0,0.0,
TXN002118,RETRY,1,100.0,57.0
TXN002119,UPDATE_CARD,1,100.0,29.0
TXN002120,UPDATE_CARD,1,100.0,56.0
TXN002121,PAYMENT_LINK,0,0.0,
TXN002122,RETRY,1,100.0,5.0
TXN002123,PAYMENT_LINK,0,0.0,
TXN002124,PAYMENT_LINK,0,0.0,
TXN002125,PAYMENT_LINK,0,0.0,
TXN002126,PAYMENT_LINK,0,0.0,
TXN002127,RETRY,1,100.0,44.0
TXN002128,RETRY,0,0.0,
TXN002129,RETRY,0,0.0,
TXN002130,PAYMENT_LINK,0,0.0,
TXN002131,RETRY,1,100.0,40.0
TXN002132,PAYMENT_LINK,1,100.0,26.0
TXN002133,UPDATE_CARD,1,100.0,5.0
TXN002134,RETRY,1,100.0,54.0
TXN002135,PAYMENT_LINK,1,100.0,49.0
TXN002136,PAYMENT_LINK,0,0.0,
TXN002137,PAYMENT_LINK,0,0.0,
TXN002138,UPDATE_CARD,1,100.0,14.0
TXN002139,UPDATE_CARD,0,0.0,
TXN002140,RETRY,0,0.0,
TXN002141,PAYMENT_LINK,0,0.0,
TXN002142,RETRY,1,100.0,64.0
TXN002143,PAYMENT_LINK,0,0.0,
TXN002144,RETRY,0,0.0,
TXN002145,PAYMENT_LINK,0,0.0,
TXN002146,PAYMENT_LINK,1,100.0,25.0
TXN002147,PAYMENT_LINK,1,100.0,16.0
TXN002148,RETRY,0,0.0,
TXN002149,PAYMENT_LINK,0,0.0,
TXN002150,UPDATE_CARD,0,0.0,
TXN002151,PAYMENT_LINK,1,100.0,37.0
TXN002152,RETRY,1,100.0,55.0
TXN002153,ESCALATE,0,0.0,
TXN002154,PAYMENT_LINK,0,0.0,
TXN002155,PAYMENT_LINK,0,0.0,
TXN002156,PAYMENT_LINK,0,0.0,
TXN002157,PAYMENT_LINK,1,100.0,19.0
TXN002158,PAYMENT_LINK,0,0.0,
TXN002159,RETRY,1,100.0,30.0
TXN002160,UPDATE_CARD,0,0.0,
TXN002161,PAYMENT_LINK,1,100.0,14.0
TXN002162,PAYMENT_LINK,1,100.0,13.0
TXN002163,UPDATE_CARD,1,100.0,27.0
TXN002164,UPDATE_CARD,1,100.0,9.0
TXN002165,PAYMENT_LINK,1,100.0,41.0
TXN002166,RETRY,1,100.0,48.0
TXN002167,PAYMENT_LINK,0,0.0,
TXN002168,PAYMENT_LINK,0,0.0,
TXN002169,PAYMENT_LINK,1,100.0,6.0
TXN002170,RETRY,1,100.0,34.0
TXN002171,REMINDER,1,100.0,52.0
TXN002172,PAYMENT_LINK,1,100.0,41.0
TXN002173,PAYMENT_LINK,0,0.0,
TXN002174,PAYMENT_LINK,0,0.0,
TXN002175,RETRY,1,100.0,15.0
TXN002176,PAYMENT_LINK,1,100.0,17.0
TXN002177,ESCALATE,1,100.0,16.0
TXN002178,PAYMENT_LINK,1,100.0,28.0
TXN002179,RETRY,1,100.0,72.0
TXN002180,PAYMENT_LINK,0,0.0,
TXN002181,RETRY,0,0.0,
TXN002182,PAYMENT_LINK,1,100.0,10.0
TXN002183,PAYMENT_LINK,1,100.0,28.0
TXN002184,PAYMENT_LINK,1,100.0,24.0
TXN002185,PAYMENT_LINK,1,100.0,19.0
TXN002186,PAYMENT_LINK,0,0.0,
TXN002187,UPDATE_CARD,1,100.0,56.0
TXN002188,PAYMENT_LINK,1,100.0,67.0
TXN002189,PAYMENT_LINK,1,100.0,42.0
TXN002190,UPDATE_CARD,1,100.0,12.0
TXN002191,UPDATE_CARD,1,100.0,18.0
TXN002192,PAYMENT_LINK,1,100.0,23.0
TXN002193,REMINDER,1,100.0,6.0
TXN002194,RETRY,1,100.0,53.0
TXN002195,PAYMENT_LINK,1,100.0,42.0
TXN002196,PAYMENT_LINK,1,100.0,66.0
TXN002197,RETRY,1,140.3,30.0
TXN002198,PAYMENT_LINK,1,100.0,9.0
TXN002199,PAYMENT_LINK,0,0.0,
TXN002200,PAYMENT_LINK,0,0.0,
TXN002201,PAYMENT_LINK,1,100.0,40.0
TXN002202,PAYMENT_LINK,0,0.0,
TXN002203,PAYMENT_LINK,1,100.0,29.0
TXN002204,RETRY,0,0.0,
TXN002205,PAYMENT_LINK,1,100.0,49.0
TXN002206,RETRY,1,100.0,61.0
TXN002207,RETRY,0,0.0,
TXN002208,PAYMENT_LINK,0,0.0,
TXN002209,PAYMENT_LINK,1,100.0,17.0
TXN002210,PAYMENT_LINK,0,0.0,
TXN002211,PAYMENT_LINK,0,0.0,
TXN002212,RETRY,1,100.0,54.0
TXN002213,RETRY,1,100.0,16.0
TXN002214,PAYMENT_LINK,1,100.0,7.0
TXN002215,PAYMENT_LINK,0,0.0,
TXN002216,UPDATE_CARD,1,100.0,72.0
TXN002217,UPDATE_CARD,1,100.0,38.0
TXN002218,PAYMENT_LINK,1,100.0,54.0
TXN002219,PAYMENT_LINK,1,100.0,15.0
TXN002220,PAYMENT_LINK,1,100.0,50.0
TXN002221,PAYMENT_LINK,0,0.0,
TXN002222,RETRY,1,100.0,9.0
TXN002223,RETRY,0,0.0,
TXN002224,RETRY,0,0.0,
TXN002225,PAYMENT_LINK,0,0.0,
TXN002226,ESCALATE,1,100.0,72.0
TXN002227,PAYMENT_LINK,1,100.0,57.0
TXN002228,RETRY,0,0.0,
TXN002229,PAYMENT_LINK,0,0.0,
TXN002230,REMINDER,1,100.0,3.0
TXN002231,RETRY,0,0.0,
TXN002232,REMINDER,0,0.0,
TXN002233,PAYMENT_LINK,0,0.0,
TXN002234,REMINDER,1,100.0,12.0
TXN002235,RETRY,1,100.0,46.0
TXN002236,PAYMENT_LINK,0,0.0,
TXN002237,UPDATE_CARD,1,100.0,32.0
TXN002238,PAYMENT_LINK,0,0.0,
TXN002239,UPDATE_CARD,0,0.0,
TXN002240,REMINDER,1,100.0,26.0
TXN002241,PAYMENT_LINK,1,100.0,3.0
TXN002242,PAYMENT_LINK,1,100.0,23.0
TXN002243,RETRY,1,100.0,50.0
TXN002244,PAYMENT_LINK,1,100.0,36.0
TXN002245,RETRY,1,100.0,13.0
TXN002246,RETRY,0,0.0,
TXN002247,UPDATE_CARD,0,0.0,
TXN002248,PAYMENT_LINK,0,0.0,
TXN002249,RETRY,1,100.0,20.0
TXN002250,PAYMENT_LINK,1,100.0,14.0
TXN002251,PAYMENT_LINK,1,100.0,8.0
TXN002252,PAYMENT_LINK,0,0.0,
TXN002253,RETRY,1,100.0,13.0
TXN002254,PAYMENT_LINK,0,0.0,
TXN002255,PAYMENT_LINK,1,100.0,65.0
TXN002256,UPDATE_CARD,1,100.0,34.0
TXN002257,RETRY,1,100.0,51.0
TXN002258,RETRY,0,0.0,
TXN002259,PAYMENT_LINK,1,100.0,58.0
TXN002260,PAYMENT_LINK,1,100.0,72.0
TXN002261,RETRY,1,100.0,55.0
TXN002262,RETRY,1,100.0,42.0
TXN002263,UPDATE_CARD,1,100.0,21.0
TXN002264,RETRY,0,0.0,
TXN002265,PAYMENT_LINK,0,0.0,
TXN002266,RETRY,1,184.7,25.0
TXN002267,RETRY,0,0.0,
TXN002268,PAYMENT_LINK,0,0.0,
TXN002269,PAYMENT_LINK,1,100.0,61.0
TXN002270,PAYMENT_LINK,1,100.0,47.0
TXN002271,RETRY,1,100.0,54.0
TXN002272,ESCALATE,0,0.0,
TXN002273,UPDATE_CARD,0,0.0,
TXN002274,RETRY,0,0.0,
TXN002275,PAYMENT_LINK,0,0.0,
TXN002276,PAYMENT_LINK,1,100.0,43.0
TXN002277,RETRY,0,0.0,
TXN002278,RETRY,1,100.0,4.0
TXN002279,PAYMENT_LINK,1,100.0,65.0
TXN002280,UPDATE_CARD,0,0.0,
TXN002281,UPDATE_CARD,0,0.0,
TXN002282,RETRY,1,100.0,9.0
TXN002283,RETRY,1,100.0,57.0
TXN002284,UPDATE_CARD,1,100.0,45.0
TXN002285,RETRY,0,0.0,
TXN002286,PAYMENT_LINK,1,100.0,48.0
TXN002287,PAYMENT_LINK,1,100.0,42.0
TXN002288,RETRY,0,0.0,
TXN002289,PAYMENT_LINK,0,0.0,
TXN002290,PAYMENT_LINK,1,100.0,42.0
TXN002291,PAYMENT_LINK,1,100.0,35.0
TXN002292,RETRY,0,0.0,
TXN002293,RETRY,1,100.0,67.0
TXN002294,PAYMENT_LINK,0,0.0,
TXN002295,RETRY,0,0.0,
TXN002296,ESCALATE,0,0.0,
TXN002297,RETRY,1,100.0,45.0
TXN002298,PAYMENT_LINK,1,100.0,71.0
TXN002299,REMINDER,1,100.0,19.0
TXN002300,UPDATE_CARD,0,0.0,
TXN002301,RETRY,0,0.0,
TXN002302,PAYMENT_LINK,1,100.0,56.0
TXN002303,RETRY,1,100.0,41.0
TXN002304,PAYMENT_LINK,1,100.0,42.0
TXN002305,RETRY,1,100.0,6.0
TXN002306,PAYMENT_LINK,1,100.0,69.0
TXN002307,PAYMENT_LINK,1,100.0,40.0
TXN002308,RETRY,1,100.0,41.0
TXN002309,PAYMENT_LINK,1,100.0,9.0
TXN002310,RETRY,1,100.0,8.0
TXN002311,ESCALATE,0,0.0,
TXN002312,REMINDER,1,100.0,58.0
TXN002313,RETRY,0,0.0,
TXN002314,PAYMENT_LINK,0,0.0,
TXN002315,RETRY,1,100.0,19.0
TXN002316,ESCALATE,0,0.0,
TXN002317,RETRY,1,100.0,30.0
TXN002318,UPDATE_CARD,1,100.0,66.0
TXN002319,PAYMENT_LINK,1,100.0,59.0
TXN002320,PAYMENT_LINK,0,0.0,
TXN002321,RETRY,1,100.0,52.0
TXN002322,PAYMENT_LINK,0,0.0,
TXN002323,PAYMENT_LINK,0,0.0,
TXN002324,PAYMENT_LINK,1,100.0,20.0
TXN002325,RETRY,1,100.0,5.0
TXN002326,RETRY,1,100.0,7.0
TXN002327,RETRY,1,100.0,18.0
TXN002328,PAYMENT_LINK,0,0.0,
TXN002329,RETRY,1,100.0,45.0
TXN002330,UPDATE_CARD,1,100.0,28.0
TXN002331,RETRY,0,0.0,
TXN002332,PAYMENT_LINK,1,100.0,2.0
TXN002333,PAYMENT_LINK,0,0.0,
TXN002334,PAYMENT_LINK,0,0.0,
TXN002335,PAYMENT_LINK,0,0.0,
TXN002336,RETRY,1,100.0,45.0
TXN002337,RETRY,1,100.0,58.0
TXN002338,RETRY,1,100.0,36.0
TXN002339,UPDATE_CARD,1,100.0,2.0
TXN002340,PAYMENT_LINK,0,0.0,
TXN002341,PAYMENT_LINK,1,100.0,49.0
TXN002342,PAYMENT_LINK,0,0.0,
TXN002343,UPDATE_CARD,1,100.0,58.0
TXN002344,PAYMENT_LINK,1,100.0,15.0
TXN002345,PAYMENT_LINK,0,0.0,
TXN002346,RETRY,0,0.0,
TXN002347,PAYMENT_LINK,0,0.0,
TXN002348,REMINDER,1,234.85,70.0
TXN002349,PAYMENT_LINK,1,100.0,27.0
TXN002350,PAYMENT_LINK,0,0.0,
TXN002351,RETRY,1,100.0,49.0
TXN002352,RETRY,1,100.0,64.0
TXN002353,PAYMENT_LINK,1,129.1,34.0
TXN002354,PAYMENT_LINK,1,100.0,18.0
TXN002355,RETRY,1,100.0,64.0
TXN002356,PAYMENT_LINK,0,0.0,
TXN002357,ESCALATE,0,0.0,
TXN002358,PAYMENT_LINK,0,0.0,
TXN002359,RETRY,1,100.0,13.0
TXN002360,PAYMENT_LINK,1,105.57,52.0
TXN002361,PAYMENT_LINK,1,100.0,60.0
TXN002362,PAYMENT_LINK,1,100.0,42.0
TXN002363,PAYMENT_LINK,1,100.0,64.0
TXN002364,PAYMENT_LINK,1,100.0,66.0
TXN002365,PAYMENT_LINK,0,0.0,
TXN002366,PAYMENT_LINK,0,0.0,
TXN002367,REMINDER,1,100.0,64.0
TXN002368,UPDATE_CARD,1,100.0,33.0
TXN002369,RETRY,1,100.0,12.0
TXN002370,PAYMENT_LINK,0,0.0,
TXN002371,UPDATE_CARD,1,100.0,9.0
TXN002372,UPDATE_CARD,1,100.0,17.0
TXN002373,RETRY,1,100.0,50.0
TXN002374,UPDATE_CARD,1,100.0,39.0
TXN002375,RETRY,0,0.0,
TXN002376,RETRY,1,100.0,10.0
TXN002377,PAYMENT_LINK,0,0.0,
TXN002378,PAYMENT_LINK,1,100.0,15.0
TXN002379,UPDATE_CARD,0,0.0,
TXN002380,RETRY,0,0.0,
TXN002381,PAYMENT_LINK,1,100.0,36.0
TXN002382,RETRY,0,0.0,
TXN002383,ESCALATE,1,100.0,47.0
TXN002384,UPDATE_CARD,1,100.0,39.0
TXN002385,UPDATE_CARD,1,100.0,38.0
TXN002386,PAYMENT_LINK,0,0.0,
TXN002387,RETRY,1,100.0,51.0
TXN002388,ESCALATE,0,0.0,
TXN002389,RETRY,0,0.0,
TXN002390,REMINDER,1,122.81,69.0
TXN002391,UPDATE_CARD,1,100.0,1.0
TXN002392,RETRY,1,100.0,53.0
TXN002393,PAYMENT_LINK,0,0.0,
TXN002394,PAYMENT_LINK,1,100.0,37.0
TXN002395,RETRY,1,100.0,2.0
TXN002396,RETRY,1,100.0,69.0
TXN002397,RETRY,1,100.0,41.0
TXN002398,PAYMENT_LINK,0,0.0,
TXN002399,UPDATE_CARD,1,100.0,47.0
TXN002400,RETRY,0,0.0,
TXN002401,RETRY,1,100.0,69.0
TXN002402,UPDATE_CARD,1,100.0,66.0
TXN002403,UPDATE_CARD,1,100.0,59.0
TXN002404,PAYMENT_LINK,1,100.0,68.0
TXN002405,PAYMENT_LINK,0,0.0,
TXN002406,RETRY,1,100.0,10.0
TXN002407,UPDATE_CARD,1,100.0,13.0
TXN002408,ESCALATE,1,100.0,2.0
TXN002409,RETRY,1,100.0,15.0
TXN002410,UPDATE_CARD,1,100.0,46.0
TXN002411,REMINDER,1,100.0,57.0
TXN002412,PAYMENT_LINK,1,100.0,10.0
TXN002413,RETRY,1,100.0,22.0
TXN002414,PAYMENT_LINK,1,100.0,8.0
TXN002415,PAYMENT_LINK,1,100.0,21.0
TXN002416,PAYMENT_LINK,1,460.07,22.0
TXN002417,RETRY,1,100.0,45.0
TXN002418,RETRY,1,100.0,40.0
TXN002419,RETRY,0,0.0,
TXN002420,PAYMENT_LINK,1,100.0,30.0
TXN002421,RETRY,1,100.0,62.0
TXN002422,UPDATE_CARD,1,100.0,45.0
TXN002423,PAYMENT_LINK,0,0.0,
TXN002424,PAYMENT_LINK,1,100.0,42.0
TXN002425,PAYMENT_LINK,1,100.0,5.0
TXN002426,REMINDER,0,0.0,
TXN002427,RETRY,1,100.0,70.0
TXN002428,RETRY,0,0.0,
TXN002429,UPDATE_CARD,1,100.0,32.0
TXN002430,UPDATE_CARD,1,100.0,8.0
TXN002431,RETRY,0,0.0,
TXN002432,PAYMENT_LINK,0,0.0,
TXN002433,RETRY,1,100.0,26.0
TXN002434,PAYMENT_LINK,1,100.0,53.0
TXN002435,RETRY,1,100.0,44.0
TXN002436,PAYMENT_LINK,1,100.0,32.0
TXN002437,RETRY,1,100.0,28.0
TXN002438,RETRY,1,100.0,39.0
TXN002439,PAYMENT_LINK,0,0.0,
TXN002440,RETRY,1,100.0,18.0
TXN002441,UPDATE_CARD,0,0.0,
TXN002442,RETRY,1,100.0,11.0
TXN002443,RETRY,0,0.0,
TXN002444,UPDATE_CARD,1,100.0,20.0
TXN002445,RETRY,1,100.0,40.0
TXN002446,PAYMENT_LINK,0,0.0,
TXN002447,UPDATE_CARD,1,100.0,35.0
TXN002448,RETRY,1,100.0,69.0
TXN002449,UPDATE_CARD,1,100.0,21.0
TXN002450,RETRY,1,100.0,24.0
TXN002451,PAYMENT_LINK,1,100.0,17.0
TXN002452,PAYMENT_LINK,0,0.0,
TXN002453,RETRY,1,100.0,12.0
TXN002454,UPDATE_CARD,0,0.0,
TXN002455,PAYMENT_LINK,0,0.0,
TXN002456,ESCALATE,0,0.0,
TXN002457,UPDATE_CARD,1,100.0,46.0
TXN002458,REMINDER,0,0.0,
TXN002459,RETRY,1,100.0,25.0
TXN002460,RETRY,1,100.0,24.0
TXN002461,PAYMENT_LINK,1,100.0,65.0
TXN002462,PAYMENT_LINK,1,100.0,25.0
TXN002463,PAYMENT_LINK,1,100.0,28.0
TXN002464,PAYMENT_LINK,1,100.0,36.0
TXN002465,PAYMENT_LINK,0,0.0,
TXN002466,REMINDER,1,2133.37,66.0
TXN002467,PAYMENT_LINK,1,100.0,67.0
TXN002468,UPDATE_CARD,0,0.0,
TXN002469,UPDATE_CARD,1,114.22,48.0
TXN002470,RETRY,0,0.0,
TXN002471,PAYMENT_LINK,0,0.0,
TXN002472,RETRY,1,100.0,48.0
TXN002473,PAYMENT_LINK,0,0.0,
TXN002474,PAYMENT_LINK,1,100.0,44.0
TXN002475,PAYMENT_LINK,0,0.0,
TXN002476,PAYMENT_LINK,1,100.0,46.0
TXN002477,UPDATE_CARD,0,0.0,
TXN002478,RETRY,1,100.0,64.0
TXN002479,PAYMENT_LINK,1,100.0,71.0
TXN002480,PAYMENT_LINK,0,0.0,
TXN002481,RETRY,1,100.0,63.0
TXN002482,RETRY,1,100.0,41.0
TXN002483,PAYMENT_LINK,0,0.0,
TXN002484,PAYMENT_LINK,1,100.0,9.0
TXN002485,PAYMENT_LINK,0,0.0,
TXN002486,UPDATE_CARD,0,0.0,
TXN002487,PAYMENT_LINK,0,0.0,
TXN002488,ESCALATE,0,0.0,
TXN002489,UPDATE_CARD,0,0.0,
TXN002490,PAYMENT_LINK,0,0.0,
TXN002491,RETRY,1,100.0,66.0
TXN002492,PAYMENT_LINK,0,0.0,
TXN002493,RETRY,1,100.0,68.0
TXN002494,UPDATE_CARD,1,100.0,32.0
TXN002495,PAYMENT_LINK,0,0.0,
TXN002496,RETRY,1,100.0,29.0
TXN002497,RETRY,1,100.0,66.0
TXN002498,PAYMENT_LINK,0,0.0,
TXN002499,RETRY,0,0.0,
TXN002500,UPDATE_CARD,1,629.56,60.0
TXN002501,PAYMENT_LINK,1,100.0,39.0
TXN002502,PAYMENT_LINK,0,0.0,
TXN002503,RETRY,0,0.0,
TXN002504,RETRY,1,197.76,19.0
TXN002505,UPDATE_CARD,0,0.0,
TXN002506,PAYMENT_LINK,1,100.0,21.0
TXN002507,REMINDER,1,100.0,23.0
TXN002508,RETRY,0,0.0,
TXN002509,UPDATE_CARD,0,0.0,
TXN002510,PAYMENT_LINK,1,100.0,19.0
TXN002511,PAYMENT_LINK,0,0.0,
TXN002512,ESCALATE,1,100.0,26.0
TXN002513,RETRY,1,100.0,28.0
TXN002514,RETRY,1,100.0,64.0
TXN002515,UPDATE_CARD,0,0.0,
TXN002516,PAYMENT_LINK,1,100.0,51.0
TXN002517,RETRY,1,100.0,48.0
TXN002518,PAYMENT_LINK,1,100.0,10.0
TXN002519,PAYMENT_LINK,1,100.0,39.0
TXN002520,RETRY,1,100.0,19.0
TXN002521,PAYMENT_LINK,0,0.0,
TXN002522,REMINDER,1,100.0,19.0
TXN002523,UPDATE_CARD,1,100.0,62.0
TXN002524,PAYMENT_LINK,0,0.0,
TXN002525,PAYMENT_LINK,1,100.0,25.0
TXN002526,UPDATE_CARD,1,100.0,42.0
TXN002527,UPDATE_CARD,0,0.0,
TXN002528,PAYMENT_LINK,1,100.0,30.0
TXN002529,UPDATE_CARD,1,100.0,5.0
TXN002530,RETRY,0,0.0,
TXN002531,RETRY,1,100.0,21.0
TXN002532,RETRY,1,100.0,50.0
TXN002533,RETRY,1,100.0,6.0
TXN002534,PAYMENT_LINK,0,0.0,
TXN002535,PAYMENT_LINK,0,0.0,
TXN002536,PAYMENT_LINK,1,100.0,1.0
TXN002537,PAYMENT_LINK,1,100.0,57.0
TXN002538,PAYMENT_LINK,1,100.0,30.0
TXN002539,PAYMENT_LINK,0,0.0,
TXN002540,PAYMENT_LINK,0,0.0,
TXN002541,RETRY,1,100.0,37.0
TXN002542,RETRY,1,100.0,48.0
TXN002543,UPDATE_CARD,1,100.0,1.0
TXN002544,ESCALATE,0,0.0,
TXN002545,RETRY,1,100.0,46.0
TXN002546,RETRY,1,100.0,67.0
TXN002547,PAYMENT_LINK,0,0.0,
TXN002548,RETRY,1,127.01,56.0
TXN002549,PAYMENT_LINK,0,0.0,
TXN002550,PAYMENT_LINK,0,0.0,
TXN002551,PAYMENT_LINK,0,0.0,
TXN002552,PAYMENT_LINK,0,0.0,
TXN002553,UPDATE_CARD,1,100.0,32.0
TXN002554,REMINDER,1,100.0,60.0
TXN002555,UPDATE_CARD,1,100.0,28.0
TXN002556,REMINDER,0,0.0,
TXN002557,RETRY,0,0.0,
TXN002558,PAYMENT_LINK,1,100.0,26.0
TXN002559,PAYMENT_LINK,0,0.0,
TXN002560,PAYMENT_LINK,1,100.0,17.0
TXN002561,PAYMENT_LINK,0,0.0,
TXN002562,UPDATE_CARD,1,100.0,56.0
TXN002563,RETRY,1,100.0,64.0
TXN002564,PAYMENT_LINK,0,0.0,
TXN002565,REMINDER,1,100.0,38.0
TXN002566,PAYMENT_LINK,0,0.0,
TXN002567,PAYMENT_LINK,1,100.0,16.0
TXN002568,RETRY,1,100.0,51.0
TXN002569,PAYMENT_LINK,1,100.0,27.0
TXN002570,RETRY,1,100.0,51.0
TXN002571,PAYMENT_LINK,1,100.0,16.0
TXN002572,PAYMENT_LINK,0,0.0,
TXN002573,RETRY,1,100.0,40.0
TXN002574,PAYMENT_LINK,0,0.0,
TXN002575,RETRY,0,0.0,
TXN002576,RETRY,0,0.0,
TXN002577,UPDATE_CARD,0,0.0,
TXN002578,PAYMENT_LINK,1,100.0,24.0
TXN002579,PAYMENT_LINK,0,0.0,
TXN002580,PAYMENT_LINK,0,0.0,
TXN002581,UPDATE_CARD,1,100.0,20.0
TXN002582,REMINDER,0,0.0,
TXN002583,PAYMENT_LINK,1,100.0,41.0
TXN002584,RETRY,1,100.0,41.0
TXN002585,PAYMENT_LINK,1,100.0,23.0
TXN002586,UPDATE_CARD,1,100.0,38.0
TXN002587,PAYMENT_LINK,0,0.0,
TXN002588,PAYMENT_LINK,0,0.0,
TXN002589,PAYMENT_LINK,1,100.0,62.0
TXN002590,RETRY,1,100.0,12.0
TXN002591,RETRY,1,100.0,30.0
TXN002592,PAYMENT_LINK,1,100.0,65.0
TXN002593,PAYMENT_LINK,1,100.0,41.0
TXN002594,PAYMENT_LINK,1,100.0,20.0
TXN002595,RETRY,1,100.0,6.0
TXN002596,ESCALATE,0,0.0,
TXN002597,RETRY,1,100.0,10.0
TXN002598,RETRY,1,100.0,51.0
TXN002599,ESCALATE,1,100.0,38.0
TXN002600,RETRY,1,100.0,1.0
TXN002601,UPDATE_CARD,1,100.0,8.0
TXN002602,RETRY,1,287.47,63.0
TXN002603,UPDATE_CARD,1,100.0,33.0
TXN002604,PAYMENT_LINK,0,0.0,
TXN002605,RETRY,1,100.0,31.0
TXN002606,UPDATE_CARD,1,100.0,21.0
TXN002607,RETRY,0,0.0,
TXN002608,UPDATE_CARD,0,0.0,
TXN002609,RETRY,1,100.0,35.0
TXN002610,RETRY,0,0.0,
TXN002611,RETRY,0,0.0,
TXN002612,PAYMENT_LINK,0,0.0,
TXN002613,PAYMENT_LINK,0,0.0,
TXN002614,PAYMENT_LINK,1,100.0,45.0
TXN002615,RETRY,1,100.0,59.0
TXN002616,REMINDER,0,0.0,
TXN002617,RETRY,1,100.0,12.0
TXN002618,PAYMENT_LINK,0,0.0,
TXN002619,ESCALATE,0,0.0,
TXN002620,REMINDER,1,100.0,49.0
TXN002621,PAYMENT_LINK,0,0.0,
TXN002622,UPDATE_CARD,0,0.0,
TXN002623,RETRY,1,100.0,52.0
TXN002624,UPDATE_CARD,0,0.0,
TXN002625,PAYMENT_LINK,0,0.0,
TXN002626,UPDATE_CARD,1,123.31,49.0
TXN002627,PAYMENT_LINK,1,100.0,64.0
TXN002628,PAYMENT_LINK,0,0.0,
TXN002629,PAYMENT_LINK,0,0.0,
TXN002630,PAYMENT_LINK,1,100.0,7.0
TXN002631,PAYMENT_LINK,1,100.0,72.0
TXN002632,UPDATE_CARD,0,0.0,
TXN002633,RETRY,1,100.0,24.0
TXN002634,ESCALATE,0,0.0,
TXN002635,UPDATE_CARD,1,100.0,47.0
TXN002636,RETRY,1,100.0,8.0
TXN002637,RETRY,1,100.0,54.0
TXN002638,UPDATE_CARD,1,100.0,9.0
TXN002639,RETRY,1,100.0,3.0
TXN002640,RETRY,1,100.0,54.0
TXN002641,REMINDER,1,100.0,21.0
TXN002642,RETRY,0,0.0,
TXN002643,REMINDER,1,299.99,47.0
TXN002644,RETRY,1,100.0,68.0
TXN002645,PAYMENT_LINK,0,0.0,
TXN002646,UPDATE_CARD,1,100.0,16.0
TXN002647,PAYMENT_LINK,0,0.0,
TXN002648,RETRY,1,100.0,11.0
TXN002649,RETRY,1,100.0,29.0
TXN002650,UPDATE_CARD,0,0.0,
TXN002651,PAYMENT_LINK,1,100.0,48.0
TXN002652,RETRY,0,0.0,
TXN002653,RETRY,0,0.0,
TXN002654,PAYMENT_LINK,0,0.0,
TXN002655,PAYMENT_LINK,0,0.0,
TXN002656,PAYMENT_LINK,1,100.0,2.0
TXN002657,PAYMENT_LINK,0,0.0,
TXN002658,UPDATE_CARD,1,100.0,49.0
TXN002659,PAYMENT_LINK,0,0.0,
TXN002660,UPDATE_CARD,1,100.0,48.0
TXN002661,RETRY,1,100.0,37.0
TXN002662,UPDATE_CARD,0,0.0,
TXN002663,PAYMENT_LINK,1,100.0,48.0
TXN002664,PAYMENT_LINK,1,100.0,29.0
TXN002665,REMINDER,0,0.0,
TXN002666,RETRY,1,100.0,29.0
TXN002667,UPDATE_CARD,1,100.0,58.0
TXN002668,UPDATE_CARD,0,0.0,
TXN002669,PAYMENT_LINK,0,0.0,
TXN002670,PAYMENT_LINK,1,100.0,27.0
TXN002671,PAYMENT_LINK,0,0.0,
TXN002672,UPDATE_CARD,1,100.0,49.0
TXN002673,PAYMENT_LINK,0,0.0,
TXN002674,PAYMENT_LINK,1,100.0,68.0
TXN002675,PAYMENT_LINK,1,100.0,42.0
TXN002676,UPDATE_CARD,1,100.0,59.0
TXN002677,PAYMENT_LINK,1,100.0,44.0
TXN002678,ESCALATE,0,0.0,
TXN002679,RETRY,1,100.0,23.0
TXN002680,RETRY,1,100.0,8.0
TXN002681,PAYMENT_LINK,0,0.0,
TXN002682,PAYMENT_LINK,1,100.0,14.0
TXN002683,UPDATE_CARD,1,100.0,71.0
TXN002684,PAYMENT_LINK,1,100.0,7.0
TXN002685,RETRY,1,100.0,9.0
TXN002686,PAYMENT_LINK,0,0.0,
TXN002687,PAYMENT_LINK,1,100.0,17.0
TXN002688,RETRY,1,100.0,44.0
TXN002689,RETRY,1,100.0,46.0
TXN002690,PAYMENT_LINK,1,100.0,58.0
TXN002691,RETRY,1,100.0,28.0
TXN002692,PAYMENT_LINK,0,0.0,
TXN002693,RETRY,0,0.0,
TXN002694,UPDATE_CARD,1,100.0,26.0
TXN002695,PAYMENT_LINK,0,0.0,
TXN002696,UPDATE_CARD,1,100.0,34.0
TXN002697,REMINDER,1,100.0,19.0
TXN002698,UPDATE_CARD,0,0.0,
TXN002699,RETRY,1,100.0,13.0
TXN002700,RETRY,1,100.0,5.0
TXN002701,ESCALATE,0,0.0,
TXN002702,PAYMENT_LINK,0,0.0,
TXN002703,UPDATE_CARD,1,100.0,29.0
TXN002704,REMINDER,1,100.0,72.0
TXN002705,RETRY,1,100.0,26.0
TXN002706,RETRY,1,100.0,57.0
TXN002707,UPDATE_CARD,0,0.0,
TXN002708,PAYMENT_LINK,1,100.0,28.0
TXN002709,PAYMENT_LINK,1,100.0,62.0
TXN002710,PAYMENT_LINK,0,0.0,
TXN002711,RETRY,1,100.0,59.0
TXN002712,REMINDER,1,100.0,31.0
TXN002713,RETRY,0,0.0,
TXN002714,PAYMENT_LINK,1,100.0,49.0
TXN002715,RETRY,0,0.0,
TXN002716,ESCALATE,0,0.0,
TXN002717,RETRY,1,100.0,37.0
TXN002718,PAYMENT_LINK,1,1350.66,15.0
TXN002719,PAYMENT_LINK,0,0.0,
TXN002720,ESCALATE,1,100.0,69.0
TXN002721,UPDATE_CARD,0,0.0,
TXN002722,PAYMENT_LINK,0,0.0,
TXN002723,RETRY,1,100.0,70.0
TXN002724,PAYMENT_LINK,1,100.0,23.0
TXN002725,PAYMENT_LINK,0,0.0,
TXN002726,RETRY,0,0.0,
TXN002727,RETRY,0,0.0,
TXN002728,REMINDER,1,100.0,47.0
TXN002729,PAYMENT_LINK,0,0.0,
TXN002730,PAYMENT_LINK,1,100.0,16.0
TXN002731,REMINDER,1,100.0,59.0
TXN002732,RETRY,1,100.0,47.0
TXN002733,RETRY,1,100.0,30.0
TXN002734,PAYMENT_LINK,0,0.0,
TXN002735,RETRY,0,0.0,
TXN002736,UPDATE_CARD,0,0.0,
TXN002737,PAYMENT_LINK,0,0.0,
TXN002738,PAYMENT_LINK,1,100.0,8.0
TXN002739,UPDATE_CARD,1,106.56,52.0
TXN002740,RETRY,1,100.0,18.0
TXN002741,UPDATE_CARD,1,100.0,58.0
TXN002742,RETRY,0,0.0,
TXN002743,PAYMENT_LINK,0,0.0,
TXN002744,RETRY,1,100.0,48.0
TXN002745,PAYMENT_LINK,1,100.0,45.0
TXN002746,UPDATE_CARD,1,100.0,54.0
TXN002747,RETRY,1,100.0,46.0
TXN002748,PAYMENT_LINK,1,100.0,31.0
TXN002749,RETRY,1,100.0,37.0
TXN002750,UPDATE_CARD,1,100.0,16.0
TXN002751,RETRY,1,100.0,46.0
TXN002752,UPDATE_CARD,0,0.0,
TXN002753,RETRY,1,100.0,61.0
TXN002754,PAYMENT_LINK,1,100.0,46.0
TXN002755,RETRY,1,100.0,51.0
TXN002756,PAYMENT_LINK,1,100.0,62.0
TXN002757,RETRY,1,100.0,35.0
TXN002758,PAYMENT_LINK,1,100.0,42.0
TXN002759,PAYMENT_LINK,1,487.0,45.0
TXN002760,RETRY,0,0.0,
TXN002761,UPDATE_CARD,1,100.0,47.0
TXN002762,RETRY,1,100.0,30.0
TXN002763,PAYMENT_LINK,1,100.0,24.0
TXN002764,PAYMENT_LINK,0,0.0,
TXN002765,UPDATE_CARD,0,0.0,
TXN002766,UPDATE_CARD,0,0.0,
TXN002767,RETRY,1,100.0,23.0
TXN002768,PAYMENT_LINK,0,0.0,
TXN002769,RETRY,1,100.0,37.0
TXN002770,PAYMENT_LINK,0,0.0,
TXN002771,PAYMENT_LINK,0,0.0,
TXN002772,PAYMENT_LINK,1,100.0,7.0
TXN002773,RETRY,1,184.99,42.0
TXN002774,RETRY,0,0.0,
TXN002775,RETRY,0,0.0,
TXN002776,RETRY,1,100.0,44.0
TXN002777,RETRY,1,100.0,64.0
TXN002778,PAYMENT_LINK,0,0.0,
TXN002779,PAYMENT_LINK,0,0.0,
TXN002780,PAYMENT_LINK,1,100.0,1.0
TXN002781,PAYMENT_LINK,1,100.0,43.0
TXN002782,RETRY,0,0.0,
TXN002783,PAYMENT_LINK,1,100.0,50.0
TXN002784,RETRY,0,0.0,
TXN002785,PAYMENT_LINK,0,0.0,
TXN002786,PAYMENT_LINK,1,100.0,51.0
TXN002787,RETRY,1,100.0,16.0
TXN002788,PAYMENT_LINK,1,100.0,39.0
TXN002789,RETRY,1,100.0,15.0
TXN002790,UPDATE_CARD,0,0.0,
TXN002791,REMINDER,1,100.0,53.0
TXN002792,PAYMENT_LINK,0,0.0,
TXN002793,PAYMENT_LINK,1,100.0,6.0
TXN002794,UPDATE_CARD,0,0.0,
TXN002795,PAYMENT_LINK,1,100.0,69.0
TXN002796,RETRY,1,100.0,40.0
TXN002797,PAYMENT_LINK,0,0.0,
TXN002798,RETRY,1,100.0,69.0
TXN002799,RETRY,1,101.29,7.0
TXN002800,PAYMENT_LINK,0,0.0,
TXN002801,RETRY,1,100.0,4.0
TXN002802,RETRY,1,100.0,50.0
TXN002803,ESCALATE,0,0.0,
TXN002804,RETRY,1,100.0,12.0
TXN002805,RETRY,1,100.0,65.0
TXN002806,RETRY,1,100.0,27.0
TXN002807,PAYMENT_LINK,0,0.0,
TXN002808,PAYMENT_LINK,0,0.0,
TXN002809,RETRY,0,0.0,
TXN002810,RETRY,1,100.0,32.0
TXN002811,PAYMENT_LINK,1,100.0,51.0
TXN002812,RETRY,1,100.0,17.0
TXN002813,RETRY,1,100.0,34.0
TXN002814,PAYMENT_LINK,0,0.0,
TXN002815,RETRY,1,100.0,24.0
TXN002816,REMINDER,1,100.0,54.0
TXN002817,RETRY,1,100.0,18.0
TXN002818,PAYMENT_LINK,0,0.0,
TXN002819,PAYMENT_LINK,1,100.0,46.0
TXN002820,UPDATE_CARD,0,0.0,
TXN002821,PAYMENT_LINK,0,0.0,
TXN002822,PAYMENT_LINK,0,0.0,
TXN002823,PAYMENT_LINK,1,100.0,1.0
TXN002824,PAYMENT_LINK,1,100.0,59.0
TXN002825,PAYMENT_LINK,0,0.0,
TXN002826,PAYMENT_LINK,0,0.0,
TXN002827,PAYMENT_LINK,1,100.0,57.0
TXN002828,RETRY,1,100.0,66.0
TXN002829,UPDATE_CARD,0,0.0,
TXN002830,RETRY,0,0.0,
TXN002831,RETRY,0,0.0,
TXN002832,PAYMENT_LINK,1,100.0,14.0
TXN002833,RETRY,1,100.0,66.0
TXN002834,PAYMENT_LINK,0,0.0,
TXN002835,RETRY,1,100.0,25.0
TXN002836,REMINDER,0,0.0,
TXN002837,UPDATE_CARD,1,100.0,12.0
TXN002838,UPDATE_CARD,1,100.0,9.0
TXN002839,PAYMENT_LINK,1,100.0,31.0
TXN002840,PAYMENT_LINK,1,100.0,53.0
TXN002841,UPDATE_CARD,1,100.0,43.0
TXN002842,PAYMENT_LINK,0,0.0,
TXN002843,RETRY,1,143.0,42.0
TXN002844,PAYMENT_LINK,1,100.0,72.0
TXN002845,PAYMENT_LINK,1,100.0,48.0
TXN002846,UPDATE_CARD,1,100.0,67.0
TXN002847,RETRY,1,100.0,66.0
TXN002848,REMINDER,1,100.0,16.0
TXN002849,RETRY,1,100.0,16.0
TXN002850,RETRY,1,100.0,31.0
TXN002851,RETRY,1,100.0,58.0
TXN002852,UPDATE_CARD,1,100.0,28.0
TXN002853,PAYMENT_LINK,1,100.0,4.0
TXN002854,RETRY,0,0.0,
TXN002855,REMINDER,0,0.0,
TXN002856,PAYMENT_LINK,1,100.0,18.0
TXN002857,PAYMENT_LINK,1,100.0,47.0
TXN002858,PAYMENT_LINK,0,0.0,
TXN002859,RETRY,0,0.0,
TXN002860,RETRY,1,100.0,36.0
TXN002861,RETRY,0,0.0,
TXN002862,RETRY,0,0.0,
TXN002863,RETRY,1,100.0,29.0
TXN002864,UPDATE_CARD,1,100.0,16.0
TXN002865,RETRY,0,0.0,
TXN002866,ESCALATE,0,0.0,
TXN002867,RETRY,1,100.0,66.0
TXN002868,RETRY,1,100.0,59.0
TXN002869,PAYMENT_LINK,0,0.0,
TXN002870,RETRY,1,100.0,55.0
TXN002871,PAYMENT_LINK,0,0.0,
TXN002872,RETRY,1,100.0,33.0
TXN002873,PAYMENT_LINK,0,0.0,
TXN002874,PAYMENT_LINK,0,0.0,
TXN002875,PAYMENT_LINK,0,0.0,
TXN002876,PAYMENT_LINK,0,0.0,
TXN002877,UPDATE_CARD,1,100.0,65.0
TXN002878,PAYMENT_LINK,1,100.0,42.0
TXN002879,UPDATE_CARD,1,100.0,23.0
TXN002880,RETRY,1,100.0,27.0
TXN002881,RETRY,1,100.0,32.0
TXN002882,PAYMENT_LINK,0,0.0,
TXN002883,PAYMENT_LINK,0,0.0,
TXN002884,PAYMENT_LINK,0,0.0,
TXN002885,RETRY,1,100.0,32.0
TXN002886,PAYMENT_LINK,1,100.0,7.0
TXN002887,RETRY,1,100.0,71.0
TXN002888,REMINDER,1,100.0,69.0
TXN002889,RETRY,0,0.0,
TXN002890,PAYMENT_LINK,0,0.0,
TXN002891,RETRY,1,100.0,48.0
TXN002892,PAYMENT_LINK,0,0.0,
TXN002893,PAYMENT_LINK,1,100.0,57.0
TXN002894,PAYMENT_LINK,1,100.0,71.0
TXN002895,REMINDER,1,100.0,37.0
TXN002896,PAYMENT_LINK,1,100.0,55.0
TXN002897,PAYMENT_LINK,1,100.0,41.0
TXN002898,PAYMENT_LINK,1,100.0,20.0
TXN002899,RETRY,0,0.0,
TXN002900,PAYMENT_LINK,0,0.0,
TXN002901,UPDATE_CARD,1,100.0,34.0
TXN002902,RETRY,1,100.0,62.0
TXN002903,PAYMENT_LINK,1,100.0,19.0
TXN002904,PAYMENT_LINK,1,100.0,43.0
TXN002905,RETRY,1,100.0,69.0
TXN002906,ESCALATE,1,100.0,63.0
TXN002907,RETRY,1,100.0,10.0
TXN002908,PAYMENT_LINK,1,100.0,13.0
TXN002909,PAYMENT_LINK,1,100.0,5.0
TXN002910,REMINDER,0,0.0,
TXN002911,PAYMENT_LINK,0,0.0,
TXN002912,PAYMENT_LINK,1,100.0,59.0
TXN002913,PAYMENT_LINK,1,100.0,15.0
TXN002914,RETRY,1,100.0,1.0
TXN002915,RETRY,1,100.0,38.0
TXN002916,RETRY,1,100.0,53.0
TXN002917,UPDATE_CARD,1,100.0,52.0
TXN002918,RETRY,1,100.0,1.0
TXN002919,RETRY,0,0.0,
TXN002920,PAYMENT_LINK,1,100.0,58.0
TXN002921,UPDATE_CARD,1,100.0,40.0
TXN002922,PAYMENT_LINK,0,0.0,
TXN002923,RETRY,0,0.0,
TXN002924,PAYMENT_LINK,1,100.0,6.0
TXN002925,PAYMENT_LINK,0,0.0,
TXN002926,RETRY,1,100.0,31.0
TXN002927,PAYMENT_LINK,1,100.0,8.0
TXN002928,PAYMENT_LINK,1,100.0,5.0
TXN002929,PAYMENT_LINK,0,0.0,
TXN002930,RETRY,1,100.0,17.0
TXN002931,PAYMENT_LINK,0,0.0,
TXN002932,PAYMENT_LINK,1,100.0,9.0
TXN002933,UPDATE_CARD,1,648.98,14.0
TXN002934,PAYMENT_LINK,1,100.0,26.0
TXN002935,RETRY,1,100.0,62.0
TXN002936,RETRY,1,100.0,25.0
TXN002937,PAYMENT_LINK,1,100.0,36.0
TXN002938,UPDATE_CARD,1,128.94,33.0
TXN002939,PAYMENT_LINK,1,100.0,3.0
TXN002940,PAYMENT_LINK,1,100.0,11.0
TXN002941,PAYMENT_LINK,1,100.0,58.0
TXN002942,UPDATE_CARD,1,100.0,64.0
TXN002943,PAYMENT_LINK,1,100.0,18.0
TXN002944,RETRY,1,100.0,47.0
TXN002945,PAYMENT_LINK,0,0.0,
TXN002946,RETRY,0,0.0,
TXN002947,UPDATE_CARD,1,100.0,50.0
TXN002948,PAYMENT_LINK,0,0.0,
TXN002949,PAYMENT_LINK,1,100.0,29.0
TXN002950,PAYMENT_LINK,0,0.0,
TXN002951,ESCALATE,1,100.0,2.0
TXN002952,RETRY,1,100.0,25.0
TXN002953,UPDATE_CARD,1,100.0,19.0
TXN002954,RETRY,1,100.0,40.0
TXN002955,PAYMENT_LINK,0,0.0,
TXN002956,PAYMENT_LINK,1,100.0,65.0
TXN002957,UPDATE_CARD,1,100.0,62.0
TXN002958,PAYMENT_LINK,0,0.0,
TXN002959,RETRY,0,0.0,
TXN002960,RETRY,0,0.0,
TXN002961,PAYMENT_LINK,1,100.0,69.0
TXN002962,PAYMENT_LINK,0,0.0,
TXN002963,RETRY,0,0.0,
TXN002964,PAYMENT_LINK,1,100.0,17.0
TXN002965,UPDATE_CARD,1,100.0,53.0
TXN002966,PAYMENT_LINK,1,100.0,53.0
TXN002967,RETRY,0,0.0,
TXN002968,RETRY,1,100.0,22.0
TXN002969,PAYMENT_LINK,0,0.0,
TXN002970,PAYMENT_LINK,0,0.0,
TXN002971,ESCALATE,0,0.0,
TXN002972,UPDATE_CARD,1,100.0,10.0
TXN002973,RETRY,1,100.0,53.0
TXN002974,PAYMENT_LINK,1,100.0,48.0
TXN002975,PAYMENT_LINK,1,100.0,31.0
TXN002976,RETRY,1,100.0,37.0
TXN002977,PAYMENT_LINK,1,100.0,28.0
TXN002978,PAYMENT_LINK,0,0.0,
TXN002979,PAYMENT_LINK,1,100.0,70.0
TXN002980,PAYMENT_LINK,1,100.0,14.0
TXN002981,RETRY,0,0.0,
TXN002982,RETRY,1,100.0,25.0
TXN002983,UPDATE_CARD,1,100.0,39.0
TXN002984,RETRY,1,206.86,66.0
TXN002985,PAYMENT_LINK,0,0.0,
TXN002986,PAYMENT_LINK,0,0.0,
TXN002987,PAYMENT_LINK,0,0.0,
TXN002988,PAYMENT_LINK,0,0.0,
TXN002989,PAYMENT_LINK,0,0.0,
TXN002990,PAYMENT_LINK,0,0.0,
TXN002991,UPDATE_CARD,1,100.0,11.0
TXN002992,RETRY,1,100.0,1.0
TXN002993,RETRY,1,100.0,13.0
TXN002994,RETRY,0,0.0,
TXN002995,RETRY,0,0.0,
TXN002996,RETRY,0,0.0,
TXN002997,PAYMENT_LINK,1,100.0,13.0
TXN002998,PAYMENT_LINK,0,0.0,
TXN002999,PAYMENT_LINK,0,0.0,
TXN003000,RETRY,1,100.0,72.0
TXN003001,PAYMENT_LINK,1,100.0,50.0
TXN003002,UPDATE_CARD,0,0.0,
TXN003003,RETRY,1,100.0,31.0
TXN003004,PAYMENT_LINK,0,0.0,
TXN003005,UPDATE_CARD,1,100.0,27.0
TXN003006,PAYMENT_LINK,0,0.0,
TXN003007,PAYMENT_LINK,0,0.0,
TXN003008,RETRY,0,0.0,
TXN003009,UPDATE_CARD,1,100.0,72.0
TXN003010,RETRY,0,0.0,
TXN003011,PAYMENT_LINK,0,0.0,
TXN003012,REMINDER,0,0.0,
TXN003013,UPDATE_CARD,1,100.0,41.0
TXN003014,PAYMENT_LINK,1,100.0,42.0
TXN003015,UPDATE_CARD,1,100.0,23.0
TXN003016,PAYMENT_LINK,1,100.0,33.0
TXN003017,PAYMENT_LINK,1,100.0,20.0
TXN003018,UPDATE_CARD,0,0.0,
TXN003019,PAYMENT_LINK,1,100.0,52.0
TXN003020,PAYMENT_LINK,0,0.0,
TXN003021,PAYMENT_LINK,1,100.0,32.0
TXN003022,PAYMENT_LINK,1,100.0,33.0
TXN003023,PAYMENT_LINK,1,100.0,68.0
TXN003024,REMINDER,0,0.0,
TXN003025,PAYMENT_LINK,0,0.0,
TXN003026,PAYMENT_LINK,1,100.0,6.0
TXN003027,PAYMENT_LINK,1,100.0,69.0
TXN003028,PAYMENT_LINK,1,100.0,69.0
TXN003029,PAYMENT_LINK,0,0.0,
TXN003030,PAYMENT_LINK,1,100.0,34.0
TXN003031,PAYMENT_LINK,0,0.0,
TXN003032,UPDATE_CARD,1,128.2,68.0
TXN003033,RETRY,0,0.0,
TXN003034,PAYMENT_LINK,0,0.0,
TXN003035,PAYMENT_LINK,0,0.0,
TXN003036,RETRY,1,100.0,48.0
TXN003037,RETRY,1,230.38,72.0
TXN003038,PAYMENT_LINK,1,100.0,31.0
TXN003039,RETRY,1,100.0,34.0
TXN003040,ESCALATE,0,0.0,
TXN003041,ESCALATE,0,0.0,
TXN003042,RETRY,1,100.0,47.0
TXN003043,PAYMENT_LINK,0,0.0,
TXN003044,PAYMENT_LINK,1,100.0,1.0
TXN003045,PAYMENT_LINK,1,100.0,3.0
TXN003046,RETRY,1,100.0,53.0
TXN003047,RETRY,1,323.89,38.0
TXN003048,RETRY,1,100.0,51.0
TXN003049,PAYMENT_LINK,0,0.0,
TXN003050,RETRY,0,0.0,
TXN003051,RETRY,0,0.0,
TXN003052,RETRY,1,100.0,68.0
TXN003053,ESCALATE,0,0.0,
TXN003054,UPDATE_CARD,0,0.0,
TXN003055,PAYMENT_LINK,0,0.0,
TXN003056,PAYMENT_LINK,1,100.0,12.0
TXN003057,RETRY,1,100.0,64.0
TXN003058,RETRY,0,0.0,
TXN003059,PAYMENT_LINK,0,0.0,
TXN003060,UPDATE_CARD,1,100.0,50.0
TXN003061,UPDATE_CARD,1,100.0,23.0
TXN003062,PAYMENT_LINK,1,100.0,40.0
TXN003063,PAYMENT_LINK,1,100.0,18.0
TXN003064,RETRY,1,100.0,21.0
TXN003065,ESCALATE,1,100.0,1.0
TXN003066,RETRY,1,100.0,38.0
TXN003067,PAYMENT_LINK,1,100.0,41.0
TXN003068,RETRY,1,109.3,42.0
TXN003069,PAYMENT_LINK,1,100.0,9.0
TXN003070,UPDATE_CARD,1,100.0,23.0
TXN003071,PAYMENT_LINK,1,100.0,11.0
TXN003072,REMINDER,1,100.0,71.0
TXN003073,PAYMENT_LINK,0,0.0,
TXN003074,UPDATE_CARD,1,100.0,26.0
TXN003075,PAYMENT_LINK,0,0.0,
TXN003076,RETRY,0,0.0,
TXN003077,UPDATE_CARD,1,100.0,46.0
TXN003078,UPDATE_CARD,1,100.0,69.0
TXN003079,PAYMENT_LINK,0,0.0,
TXN003080,PAYMENT_LINK,0,0.0,
TXN003081,RETRY,0,0.0,
TXN003082,RETRY,1,100.0,28.0
TXN003083,RETRY,1,100.0,26.0
TXN003084,RETRY,1,100.0,61.0
TXN003085,UPDATE_CARD,0,0.0,
TXN003086,UPDATE_CARD,1,100.0,46.0
TXN003087,ESCALATE,0,0.0,
TXN003088,PAYMENT_LINK,0,0.0,
TXN003089,PAYMENT_LINK,1,100.0,33.0
TXN003090,PAYMENT_LINK,1,100.0,3.0
TXN003091,PAYMENT_LINK,0,0.0,
TXN003092,REMINDER,0,0.0,
TXN003093,UPDATE_CARD,1,100.0,62.0
TXN003094,ESCALATE,1,100.0,58.0
TXN003095,REMINDER,0,0.0,
TXN003096,PAYMENT_LINK,1,100.0,1.0
TXN003097,RETRY,1,100.0,60.0
TXN003098,RETRY,1,100.0,69.0
TXN003099,PAYMENT_LINK,1,100.0,59.0
TXN003100,UPDATE_CARD,1,100.0,46.0
TXN003101,PAYMENT_LINK,1,100.0,34.0
TXN003102,ESCALATE,0,0.0,
TXN003103,PAYMENT_LINK,1,100.0,42.0
TXN003104,RETRY,1,100.0,29.0
TXN003105,PAYMENT_LINK,0,0.0,
TXN003106,UPDATE_CARD,1,100.0,54.0
TXN003107,RETRY,1,100.0,67.0
TXN003108,REMINDER,1,100.0,15.0
TXN003109,PAYMENT_LINK,1,100.0,4.0
TXN003110,PAYMENT_LINK,0,0.0,
TXN003111,PAYMENT_LINK,0,0.0,
TXN003112,PAYMENT_LINK,0,0.0,
TXN003113,ESCALATE,0,0.0,
TXN003114,UPDATE_CARD,1,100.0,62.0
TXN003115,PAYMENT_LINK,0,0.0,
TXN003116,PAYMENT_LINK,0,0.0,
TXN003117,PAYMENT_LINK,1,100.0,45.0
TXN003118,RETRY,1,100.0,33.0
TXN003119,RETRY,0,0.0,
TXN003120,REMINDER,1,100.0,22.0
TXN003121,PAYMENT_LINK,1,100.0,5.0
TXN003122,UPDATE_CARD,0,0.0,
TXN003123,RETRY,1,100.0,21.0
TXN003124,UPDATE_CARD,1,100.0,17.0
TXN003125,PAYMENT_LINK,0,0.0,
TXN003126,RETRY,1,100.0,50.0
TXN003127,PAYMENT_LINK,1,100.0,7.0
TXN003128,PAYMENT_LINK,1,100.0,50.0
TXN003129,PAYMENT_LINK,1,100.0,60.0
TXN003130,RETRY,0,0.0,
TXN003131,PAYMENT_LINK,0,0.0,
TXN003132,UPDATE_CARD,0,0.0,
TXN003133,ESCALATE,0,0.0,
TXN003134,PAYMENT_LINK,1,100.0,55.0
TXN003135,UPDATE_CARD,1,100.0,64.0
TXN003136,RETRY,1,100.0,65.0
TXN003137,REMINDER,0,0.0,
TXN003138,ESCALATE,0,0.0,
TXN003139,PAYMENT_LINK,0,0.0,
TXN003140,RETRY,0,0.0,
TXN003141,RETRY,0,0.0,
TXN003142,PAYMENT_LINK,1,100.0,2.0
TXN003143,UPDATE_CARD,1,100.0,21.0
TXN003144,PAYMENT_LINK,1,100.0,50.0
TXN003145,ESCALATE,0,0.0,
TXN003146,RETRY,1,100.0,9.0
TXN003147,PAYMENT_LINK,1,100.0,20.0
TXN003148,PAYMENT_LINK,1,100.0,18.0
TXN003149,RETRY,0,0.0,
TXN003150,PAYMENT_LINK,0,0.0,
TXN003151,PAYMENT_LINK,1,100.0,24.0
TXN003152,PAYMENT_LINK,1,100.0,47.0
TXN003153,RETRY,1,100.0,44.0
TXN003154,PAYMENT_LINK,1,100.0,29.0
TXN003155,PAYMENT_LINK,1,100.0,68.0
TXN003156,RETRY,1,100.0,17.0
TXN003157,PAYMENT_LINK,0,0.0,
TXN003158,PAYMENT_LINK,1,100.0,50.0
TXN003159,REMINDER,1,100.0,40.0
TXN003160,PAYMENT_LINK,1,100.0,46.0
TXN003161,ESCALATE,0,0.0,
TXN003162,RETRY,1,100.0,11.0
TXN003163,PAYMENT_LINK,0,0.0,
TXN003164,PAYMENT_LINK,1,100.0,13.0
TXN003165,PAYMENT_LINK,0,0.0,
TXN003166,PAYMENT_LINK,1,100.0,8.0
TXN003167,PAYMENT_LINK,1,100.0,65.0
TXN003168,UPDATE_CARD,0,0.0,
TXN003169,PAYMENT_LINK,0,0.0,
TXN003170,RETRY,1,100.0,13.0
TXN003171,PAYMENT_LINK,0,0.0,
TXN003172,PAYMENT_LINK,1,100.0,68.0
TXN003173,PAYMENT_LINK,1,100.0,48.0
TXN003174,RETRY,1,100.0,3.0
TXN003175,UPDATE_CARD,1,100.0,68.0
TXN003176,RETRY,1,100.0,6.0
TXN003177,RETRY,1,100.0,5.0
TXN003178,PAYMENT_LINK,1,100.0,3.0
TXN003179,RETRY,1,100.0,10.0
TXN003180,RETRY,1,100.0,43.0
TXN003181,RETRY,1,100.0,19.0
TXN003182,RETRY,1,100.0,14.0
TXN003183,RETRY,1,100.0,21.0
TXN003184,ESCALATE,0,0.0,
TXN003185,RETRY,1,100.0,28.0
TXN003186,RETRY,1,100.0,21.0
TXN003187,RETRY,0,0.0,
TXN003188,PAYMENT_LINK,0,0.0,
TXN003189,REMINDER,1,100.0,54.0
TXN003190,REMINDER,1,100.0,38.0
TXN003191,PAYMENT_LINK,0,0.0,
TXN003192,PAYMENT_LINK,1,100.0,22.0
TXN003193,RETRY,0,0.0,
TXN003194,RETRY,0,0.0,
TXN003195,PAYMENT_LINK,1,100.0,11.0
TXN003196,PAYMENT_LINK,1,100.0,61.0
TXN003197,UPDATE_CARD,1,100.0,38.0
TXN003198,RETRY,0,0.0,
TXN003199,UPDATE_CARD,1,100.0,33.0
TXN003200,RETRY,1,100.0,43.0
TXN003201,RETRY,1,100.0,31.0
TXN003202,PAYMENT_LINK,0,0.0,
TXN003203,PAYMENT_LINK,0,0.0,
TXN003204,REMINDER,1,100.0,47.0
TXN003205,UPDATE_CARD,1,100.0,23.0
TXN003206,RETRY,1,100.0,36.0
TXN003207,RETRY,1,100.0,40.0
TXN003208,RETRY,1,100.0,15.0
TXN003209,RETRY,1,100.0,37.0
TXN003210,RETRY,1,100.0,4.0
TXN003211,RETRY,1,7977.35,22.0
TXN003212,PAYMENT_LINK,1,100.0,22.0
TXN003213,RETRY,1,100.0,17.0
TXN003214,UPDATE_CARD,0,0.0,
TXN003215,PAYMENT_LINK,1,100.0,38.0
TXN003216,PAYMENT_LINK,0,0.0,
TXN003217,UPDATE_CARD,0,0.0,
TXN003218,RETRY,1,100.0,68.0
TXN003219,RETRY,1,100.0,6.0
TXN003220,PAYMENT_LINK,0,0.0,
TXN003221,PAYMENT_LINK,0,0.0,
TXN003222,RETRY,1,100.0,38.0
TXN003223,RETRY,1,100.0,43.0
TXN003224,PAYMENT_LINK,0,0.0,
TXN003225,RETRY,0,0.0,
TXN003226,UPDATE_CARD,1,100.0,56.0
TXN003227,PAYMENT_LINK,1,100.0,56.0
TXN003228,RETRY,1,100.0,31.0
TXN003229,UPDATE_CARD,1,100.0,57.0
TXN003230,PAYMENT_LINK,1,100.0,51.0
TXN003231,RETRY,1,100.0,24.0
TXN003232,PAYMENT_LINK,1,1679.57,58.0
TXN003233,PAYMENT_LINK,0,0.0,
TXN003234,UPDATE_CARD,0,0.0,
TXN003235,RETRY,1,100.0,63.0
TXN003236,PAYMENT_LINK,1,100.0,15.0
TXN003237,PAYMENT_LINK,0,0.0,
TXN003238,PAYMENT_LINK,0,0.0,
TXN003239,UPDATE_CARD,1,100.0,63.0
TXN003240,RETRY,1,100.0,56.0
TXN003241,PAYMENT_LINK,0,0.0,
TXN003242,UPDATE_CARD,1,100.0,34.0
TXN003243,RETRY,1,100.0,17.0
TXN003244,REMINDER,1,156.72,18.0
TXN003245,RETRY,1,100.0,66.0
TXN003246,UPDATE_CARD,1,100.0,51.0
TXN003247,PAYMENT_LINK,1,100.0,65.0
TXN003248,UPDATE_CARD,1,100.0,43.0
TXN003249,PAYMENT_LINK,1,100.0,57.0
TXN003250,PAYMENT_LINK,1,100.0,10.0
TXN003251,PAYMENT_LINK,1,311.38,37.0
TXN003252,ESCALATE,0,0.0,
TXN003253,RETRY,1,100.0,69.0
TXN003254,UPDATE_CARD,1,100.0,56.0
TXN003255,REMINDER,1,100.0,36.0
TXN003256,PAYMENT_LINK,0,0.0,
TXN003257,RETRY,0,0.0,
TXN003258,ESCALATE,0,0.0,
TXN003259,UPDATE_CARD,1,100.0,15.0
TXN003260,PAYMENT_LINK,0,0.0,
TXN003261,RETRY,1,100.0,53.0
TXN003262,RETRY,1,100.0,56.0
TXN003263,PAYMENT_LINK,0,0.0,
TXN003264,RETRY,1,100.0,57.0
TXN003265,PAYMENT_LINK,1,100.0,55.0
TXN003266,RETRY,0,0.0,
TXN003267,UPDATE_CARD,1,101.08,4.0
TXN003268,PAYMENT_LINK,0,0.0,
TXN003269,UPDATE_CARD,1,100.0,40.0
TXN003270,UPDATE_CARD,1,100.0,30.0
TXN003271,RETRY,0,0.0,
TXN003272,RETRY,1,100.0,7.0
TXN003273,RETRY,1,100.0,36.0
TXN003274,UPDATE_CARD,1,100.0,35.0
TXN003275,PAYMENT_LINK,0,0.0,
TXN003276,PAYMENT_LINK,0,0.0,
TXN003277,PAYMENT_LINK,0,0.0,
TXN003278,PAYMENT_LINK,0,0.0,
TXN003279,REMINDER,0,0.0,
TXN003280,RETRY,1,100.0,49.0
TXN003281,RETRY,1,100.0,26.0
TXN003282,ESCALATE,1,100.0,36.0
TXN003283,PAYMENT_LINK,0,0.0,
TXN003284,RETRY,1,100.0,43.0
TXN003285,UPDATE_CARD,1,526.61,33.0
TXN003286,PAYMENT_LINK,1,100.0,45.0
TXN003287,REMINDER,1,100.0,45.0
TXN003288,RETRY,0,0.0,
TXN003289,RETRY,1,100.0,17.0
TXN003290,PAYMENT_LINK,1,100.0,12.0
TXN003291,ESCALATE,1,100.0,22.0
TXN003292,UPDATE_CARD,1,100.0,23.0
TXN003293,RETRY,1,100.0,12.0
TXN003294,RETRY,1,100.0,68.0
TXN003295,PAYMENT_LINK,1,100.0,51.0
TXN003296,PAYMENT_LINK,1,100.0,13.0
TXN003297,UPDATE_CARD,1,100.0,57.0
TXN003298,UPDATE_CARD,1,100.0,55.0
TXN003299,RETRY,1,100.0,28.0
TXN003300,PAYMENT_LINK,1,100.0,44.0
TXN003301,PAYMENT_LINK,1,100.0,19.0
TXN003302,PAYMENT_LINK,0,0.0,
TXN003303,PAYMENT_LINK,0,0.0,
TXN003304,RETRY,1,100.0,20.0
TXN003305,RETRY,1,100.0,25.0
TXN003306,RETRY,1,100.0,56.0
TXN003307,RETRY,1,100.0,61.0
TXN003308,RETRY,1,100.0,55.0
TXN003309,PAYMENT_LINK,1,100.0,35.0
TXN003310,PAYMENT_LINK,0,0.0,
TXN003311,PAYMENT_LINK,0,0.0,
TXN003312,RETRY,1,100.0,57.0
TXN003313,RETRY,1,100.0,67.0
TXN003314,UPDATE_CARD,1,100.0,34.0
TXN003315,PAYMENT_LINK,1,100.0,41.0
TXN003316,PAYMENT_LINK,1,100.0,22.0
TXN003317,PAYMENT_LINK,1,100.0,27.0
TXN003318,PAYMENT_LINK,1,100.0,21.0
TXN003319,PAYMENT_LINK,1,111.58,41.0
TXN003320,REMINDER,1,100.0,31.0
TXN003321,RETRY,0,0.0,
TXN003322,UPDATE_CARD,1,100.0,37.0
TXN003323,PAYMENT_LINK,1,100.0,66.0
TXN003324,PAYMENT_LINK,0,0.0,
TXN003325,RETRY,1,100.0,9.0
TXN003326,PAYMENT_LINK,1,100.0,42.0
TXN003327,RETRY,1,100.0,36.0
TXN003328,PAYMENT_LINK,0,0.0,
TXN003329,PAYMENT_LINK,0,0.0,
TXN003330,PAYMENT_LINK,1,100.0,40.0
TXN003331,PAYMENT_LINK,1,100.0,54.0
TXN003332,UPDATE_CARD,1,100.0,39.0
TXN003333,PAYMENT_LINK,1,100.0,7.0
TXN003334,PAYMENT_LINK,0,0.0,
TXN003335,PAYMENT_LINK,1,100.0,15.0
TXN003336,PAYMENT_LINK,1,100.0,48.0
TXN003337,PAYMENT_LINK,0,0.0,
TXN003338,PAYMENT_LINK,1,100.0,35.0
TXN003339,PAYMENT_LINK,0,0.0,
TXN003340,PAYMENT_LINK,1,100.0,71.0
TXN003341,PAYMENT_LINK,0,0.0,
TXN003342,UPDATE_CARD,1,100.0,58.0
TXN003343,RETRY,1,146.53,19.0
TXN003344,PAYMENT_LINK,1,100.0,62.0
TXN003345,ESCALATE,0,0.0,
TXN003346,PAYMENT_LINK,1,100.0,10.0
TXN003347,PAYMENT_LINK,0,0.0,
TXN003348,RETRY,1,100.0,44.0
TXN003349,REMINDER,1,100.0,58.0
TXN003350,UPDATE_CARD,1,100.0,25.0
TXN003351,PAYMENT_LINK,0,0.0,
TXN003352,RETRY,1,100.0,70.0
TXN003353,PAYMENT_LINK,0,0.0,
TXN003354,REMINDER,0,0.0,
TXN003355,RETRY,0,0.0,
TXN003356,RETRY,1,100.0,71.0
TXN003357,RETRY,1,100.0,11.0
TXN003358,PAYMENT_LINK,1,100.0,36.0
TXN003359,RETRY,1,100.0,49.0
TXN003360,RETRY,1,100.0,48.0
TXN003361,PAYMENT_LINK,1,100.0,7.0
TXN003362,RETRY,0,0.0,
TXN003363,RETRY,1,100.0,17.0
TXN003364,PAYMENT_LINK,0,0.0,
TXN003365,PAYMENT_LINK,0,0.0,
TXN003366,PAYMENT_LINK,1,100.0,22.0
TXN003367,PAYMENT_LINK,1,100.0,13.0
TXN003368,PAYMENT_LINK,0,0.0,
TXN003369,UPDATE_CARD,1,100.0,71.0
TXN003370,RETRY,1,1131.67,1.0
TXN003371,PAYMENT_LINK,1,100.0,33.0
TXN003372,PAYMENT_LINK,1,100.0,14.0
TXN003373,PAYMENT_LINK,1,100.0,64.0
TXN003374,PAYMENT_LINK,1,100.0,43.0
TXN003375,UPDATE_CARD,1,100.0,58.0
TXN003376,PAYMENT_LINK,1,100.0,41.0
TXN003377,RETRY,1,169.34,68.0
TXN003378,RETRY,1,100.0,39.0
TXN003379,UPDATE_CARD,1,100.0,1.0
TXN003380,PAYMENT_LINK,1,100.0,41.0
TXN003381,REMINDER,1,130.47,45.0
TXN003382,RETRY,1,100.0,13.0
TXN003383,UPDATE_CARD,1,100.0,71.0
TXN003384,PAYMENT_LINK,1,100.0,9.0
TXN003385,RETRY,0,0.0,
TXN003386,REMINDER,1,100.0,23.0
TXN003387,ESCALATE,1,100.0,54.0
TXN003388,RETRY,0,0.0,
TXN003389,UPDATE_CARD,1,100.0,39.0
TXN003390,RETRY,0,0.0,
TXN003391,UPDATE_CARD,0,0.0,
TXN003392,RETRY,1,100.0,14.0
TXN003393,ESCALATE,0,0.0,
TXN003394,PAYMENT_LINK,0,0.0,
TXN003395,PAYMENT_LINK,1,100.0,67.0
TXN003396,PAYMENT_LINK,1,100.0,49.0
TXN003397,UPDATE_CARD,1,100.0,50.0
TXN003398,REMINDER,0,0.0,
TXN003399,PAYMENT_LINK,0,0.0,
TXN003400,ESCALATE,0,0.0,
TXN003401,REMINDER,0,0.0,
TXN003402,PAYMENT_LINK,1,100.0,16.0
TXN003403,UPDATE_CARD,1,100.0,2.0
TXN003404,PAYMENT_LINK,0,0.0,
TXN003405,PAYMENT_LINK,1,100.0,45.0
TXN003406,RETRY,1,160.93,72.0
TXN003407,RETRY,0,0.0,
TXN003408,PAYMENT_LINK,0,0.0,
TXN003409,PAYMENT_LINK,1,100.0,54.0
TXN003410,PAYMENT_LINK,0,0.0,
TXN003411,REMINDER,0,0.0,
TXN003412,ESCALATE,0,0.0,
TXN003413,REMINDER,1,100.0,18.0
TXN003414,PAYMENT_LINK,0,0.0,
TXN003415,RETRY,1,100.0,62.0
TXN003416,RETRY,1,100.0,19.0
TXN003417,PAYMENT_LINK,1,100.0,24.0
TXN003418,UPDATE_CARD,0,0.0,
TXN003419,PAYMENT_LINK,0,0.0,
TXN003420,PAYMENT_LINK,1,100.0,53.0
TXN003421,UPDATE_CARD,1,100.0,29.0
TXN003422,PAYMENT_LINK,0,0.0,
TXN003423,RETRY,1,100.0,71.0
TXN003424,RETRY,1,100.0,17.0
TXN003425,RETRY,0,0.0,
TXN003426,RETRY,1,100.0,24.0
TXN003427,RETRY,0,0.0,
TXN003428,ESCALATE,1,100.0,1.0
TXN003429,RETRY,0,0.0,
TXN003430,RETRY,1,100.0,6.0
TXN003431,RETRY,0,0.0,
TXN003432,UPDATE_CARD,0,0.0,
TXN003433,RETRY,0,0.0,
TXN003434,PAYMENT_LINK,1,100.0,8.0
TXN003435,ESCALATE,1,100.0,20.0
TXN003436,RETRY,1,100.0,55.0
TXN003437,PAYMENT_LINK,0,0.0,
TXN003438,RETRY,1,100.0,56.0
TXN003439,UPDATE_CARD,0,0.0,
TXN003440,PAYMENT_LINK,1,100.0,52.0
TXN003441,RETRY,1,218.67,50.0
TXN003442,RETRY,0,0.0,
TXN003443,UPDATE_CARD,1,100.0,36.0
TXN003444,PAYMENT_LINK,0,0.0,
TXN003445,RETRY,1,100.0,16.0
TXN003446,UPDATE_CARD,1,144.69,18.0
TXN003447,UPDATE_CARD,1,100.0,71.0
TXN003448,PAYMENT_LINK,1,100.0,47.0
TXN003449,RETRY,1,100.0,32.0
TXN003450,PAYMENT_LINK,0,0.0,
TXN003451,UPDATE_CARD,1,100.0,40.0
TXN003452,RETRY,1,100.0,65.0
TXN003453,UPDATE_CARD,1,100.0,35.0
TXN003454,PAYMENT_LINK,0,0.0,
TXN003455,PAYMENT_LINK,0,0.0,
TXN003456,RETRY,1,100.0,12.0
TXN003457,UPDATE_CARD,1,100.0,58.0
TXN003458,PAYMENT_LINK,1,100.0,63.0
TXN003459,ESCALATE,0,0.0,
TXN003460,RETRY,1,100.0,36.0
TXN003461,ESCALATE,1,100.0,54.0
TXN003462,PAYMENT_LINK,0,0.0,
TXN003463,RETRY,1,100.0,32.0
TXN003464,PAYMENT_LINK,0,0.0,
TXN003465,ESCALATE,1,100.0,32.0
TXN003466,RETRY,1,100.0,62.0
TXN003467,PAYMENT_LINK,1,100.0,37.0
TXN003468,REMINDER,0,0.0,
TXN003469,RETRY,1,100.0,30.0
TXN003470,RETRY,0,0.0,
TXN003471,PAYMENT_LINK,0,0.0,
TXN003472,RETRY,1,100.0,66.0
TXN003473,PAYMENT_LINK,0,0.0,
TXN003474,RETRY,1,173.96,11.0
TXN003475,PAYMENT_LINK,0,0.0,
TXN003476,PAYMENT_LINK,1,100.0,20.0
TXN003477,RETRY,1,100.0,37.0
TXN003478,UPDATE_CARD,0,0.0,
TXN003479,UPDATE_CARD,0,0.0,
TXN003480,ESCALATE,1,100.0,55.0
TXN003481,RETRY,1,100.0,40.0
TXN003482,RETRY,1,100.0,7.0
TXN003483,PAYMENT_LINK,0,0.0,
TXN003484,PAYMENT_LINK,0,0.0,
TXN003485,PAYMENT_LINK,0,0.0,
TXN003486,PAYMENT_LINK,1,100.0,7.0
TXN003487,RETRY,1,100.0,11.0
TXN003488,PAYMENT_LINK,1,100.0,49.0
TXN003489,RETRY,1,100.0,30.0
TXN003490,PAYMENT_LINK,0,0.0,
TXN003491,PAYMENT_LINK,1,100.0,3.0
TXN003492,RETRY,1,100.0,40.0
TXN003493,PAYMENT_LINK,0,0.0,
TXN003494,PAYMENT_LINK,0,0.0,
TXN003495,RETRY,1,100.0,48.0
TXN003496,ESCALATE,0,0.0,
TXN003497,ESCALATE,0,0.0,
TXN003498,UPDATE_CARD,0,0.0,
TXN003499,RETRY,1,100.0,35.0
TXN003500,RETRY,1,440.03,24.0
TXN003501,REMINDER,0,0.0,
TXN003502,PAYMENT_LINK,0,0.0,
TXN003503,RETRY,0,0.0,
TXN003504,ESCALATE,0,0.0,
TXN003505,RETRY,0,0.0,
TXN003506,PAYMENT_LINK,1,100.0,65.0
TXN003507,RETRY,1,100.0,62.0
TXN003508,UPDATE_CARD,0,0.0,
TXN003509,PAYMENT_LINK,1,100.0,6.0
TXN003510,RETRY,1,100.0,43.0
TXN003511,RETRY,0,0.0,
TXN003512,UPDATE_CARD,1,100.0,39.0
TXN003513,PAYMENT_LINK,1,100.0,28.0
TXN003514,UPDATE_CARD,1,100.0,63.0
TXN003515,RETRY,1,100.0,64.0
TXN003516,RETRY,0,0.0,
TXN003517,ESCALATE,0,0.0,
TXN003518,PAYMENT_LINK,0,0.0,
TXN003519,REMINDER,0,0.0,
TXN003520,PAYMENT_LINK,0,0.0,
TXN003521,PAYMENT_LINK,0,0.0,
TXN003522,PAYMENT_LINK,0,0.0,
TXN003523,PAYMENT_LINK,1,100.0,10.0
TXN003524,REMINDER,1,100.0,7.0
TXN003525,PAYMENT_LINK,1,100.0,15.0
TXN003526,PAYMENT_LINK,0,0.0,
TXN003527,PAYMENT_LINK,0,0.0,
TXN003528,PAYMENT_LINK,1,100.0,61.0
TXN003529,UPDATE_CARD,0,0.0,
TXN003530,UPDATE_CARD,1,100.0,38.0
TXN003531,PAYMENT_LINK,0,0.0,
TXN003532,RETRY,1,100.0,66.0
TXN003533,UPDATE_CARD,0,0.0,
TXN003534,PAYMENT_LINK,0,0.0,
TXN003535,REMINDER,1,100.0,39.0
TXN003536,RETRY,1,100.0,30.0
TXN003537,RETRY,1,100.0,48.0
TXN003538,PAYMENT_LINK,0,0.0,
TXN003539,PAYMENT_LINK,1,100.0,25.0
TXN003540,PAYMENT_LINK,0,0.0,
TXN003541,UPDATE_CARD,1,100.0,51.0
TXN003542,UPDATE_CARD,1,100.0,13.0
TXN003543,PAYMENT_LINK,0,0.0,
TXN003544,UPDATE_CARD,1,100.0,42.0
TXN003545,PAYMENT_LINK,0,0.0,
TXN003546,PAYMENT_LINK,1,100.0,67.0
TXN003547,PAYMENT_LINK,0,0.0,
TXN003548,REMINDER,0,0.0,
TXN003549,PAYMENT_LINK,1,100.0,46.0
TXN003550,RETRY,0,0.0,
TXN003551,PAYMENT_LINK,1,100.0,32.0
TXN003552,RETRY,0,0.0,
TXN003553,UPDATE_CARD,1,100.0,21.0
TXN003554,REMINDER,1,100.0,65.0
TXN003555,PAYMENT_LINK,0,0.0,
TXN003556,UPDATE_CARD,1,100.0,27.0
TXN003557,RETRY,0,0.0,
TXN003558,UPDATE_CARD,0,0.0,
TXN003559,PAYMENT_LINK,0,0.0,
TXN003560,PAYMENT_LINK,0,0.0,
TXN003561,RETRY,1,100.0,5.0
TXN003562,PAYMENT_LINK,1,100.0,9.0
TXN003563,UPDATE_CARD,0,0.0,
TXN003564,PAYMENT_LINK,0,0.0,
TXN003565,PAYMENT_LINK,1,100.0,72.0
TXN003566,PAYMENT_LINK,1,100.0,71.0
TXN003567,PAYMENT_LINK,0,0.0,
TXN003568,PAYMENT_LINK,1,100.0,16.0
TXN003569,PAYMENT_LINK,0,0.0,
TXN003570,RETRY,1,100.0,29.0
TXN003571,PAYMENT_LINK,1,100.0,47.0
TXN003572,PAYMENT_LINK,1,100.0,22.0
TXN003573,RETRY,1,100.0,57.0
TXN003574,RETRY,1,115.96,35.0
TXN003575,PAYMENT_LINK,0,0.0,
TXN003576,RETRY,0,0.0,
TXN003577,UPDATE_CARD,1,100.0,60.0
TXN003578,PAYMENT_LINK,0,0.0,
TXN003579,RETRY,1,100.0,3.0
TXN003580,PAYMENT_LINK,0,0.0,
TXN003581,RETRY,1,100.0,45.0
TXN003582,PAYMENT_LINK,1,100.0,50.0
TXN003583,PAYMENT_LINK,1,100.0,2.0
TXN003584,RETRY,1,100.0,15.0
TXN003585,PAYMENT_LINK,1,100.0,37.0
TXN003586,PAYMENT_LINK,1,100.0,15.0
TXN003587,PAYMENT_LINK,1,100.0,60.0
TXN003588,PAYMENT_LINK,1,100.0,64.0
TXN003589,REMINDER,1,259.15,52.0
TXN003590,UPDATE_CARD,1,100.0,23.0
TXN003591,PAYMENT_LINK,1,100.0,37.0
TXN003592,RETRY,0,0.0,
TXN003593,REMINDER,0,0.0,
TXN003594,PAYMENT_LINK,1,100.0,25.0
TXN003595,PAYMENT_LINK,0,0.0,
TXN003596,PAYMENT_LINK,0,0.0,
TXN003597,PAYMENT_LINK,1,100.0,46.0
TXN003598,RETRY,1,100.0,60.0
TXN003599,REMINDER,1,100.0,19.0
TXN003600,UPDATE_CARD,1,100.0,9.0
TXN003601,PAYMENT_LINK,1,100.0,69.0
TXN003602,PAYMENT_LINK,0,0.0,
TXN003603,PAYMENT_LINK,0,0.0,
TXN003604,RETRY,0,0.0,
TXN003605,PAYMENT_LINK,0,0.0,
TXN003606,PAYMENT_LINK,1,100.0,48.0
TXN003607,UPDATE_CARD,1,100.0,16.0
TXN003608,RETRY,1,100.0,71.0
TXN003609,UPDATE_CARD,0,0.0,
TXN003610,PAYMENT_LINK,0,0.0,
TXN003611,PAYMENT_LINK,1,100.0,21.0
TXN003612,PAYMENT_LINK,0,0.0,
TXN003613,ESCALATE,0,0.0,
TXN003614,RETRY,1,100.0,3.0
TXN003615,RETRY,1,100.0,25.0
TXN003616,ESCALATE,0,0.0,
TXN003617,ESCALATE,0,0.0,
TXN003618,RETRY,1,100.0,62.0
TXN003619,RETRY,1,100.0,7.0
TXN003620,RETRY,1,100.0,7.0
TXN003621,ESCALATE,1,100.0,8.0
TXN003622,RETRY,1,100.0,19.0
TXN003623,PAYMENT_LINK,0,0.0,
TXN003624,PAYMENT_LINK,1,444.35,11.0
TXN003625,RETRY,1,100.0,49.0
TXN003626,UPDATE_CARD,1,100.0,11.0
TXN003627,RETRY,1,100.0,41.0
TXN003628,PAYMENT_LINK,0,0.0,
TXN003629,RETRY,1,700.65,52.0
TXN003630,UPDATE_CARD,1,309.4,66.0
TXN003631,UPDATE_CARD,0,0.0,
TXN003632,RETRY,1,100.0,67.0
TXN003633,RETRY,0,0.0,
TXN003634,PAYMENT_LINK,0,0.0,
TXN003635,RETRY,1,100.0,22.0
TXN003636,PAYMENT_LINK,0,0.0,
TXN003637,PAYMENT_LINK,0,0.0,
TXN003638,PAYMENT_LINK,1,100.0,44.0
TXN003639,UPDATE_CARD,1,100.0,53.0
TXN003640,UPDATE_CARD,1,100.0,61.0
TXN003641,PAYMENT_LINK,0,0.0,
TXN003642,PAYMENT_LINK,1,100.0,13.0
TXN003643,RETRY,0,0.0,
TXN003644,PAYMENT_LINK,0,0.0,
TXN003645,PAYMENT_LINK,0,0.0,
TXN003646,PAYMENT_LINK,0,0.0,
TXN003647,PAYMENT_LINK,0,0.0,
TXN003648,RETRY,0,0.0,
TXN003649,PAYMENT_LINK,0,0.0,
TXN003650,RETRY,1,100.0,64.0
TXN003651,RETRY,1,100.0,65.0
TXN003652,PAYMENT_LINK,1,100.0,34.0
TXN003653,RETRY,1,100.0,9.0
TXN003654,UPDATE_CARD,0,0.0,
TXN003655,REMINDER,1,175.32,30.0
TXN003656,PAYMENT_LINK,1,100.0,41.0
TXN003657,PAYMENT_LINK,0,0.0,
TXN003658,RETRY,0,0.0,
TXN003659,RETRY,1,100.0,7.0
TXN003660,PAYMENT_LINK,0,0.0,
TXN003661,PAYMENT_LINK,0,0.0,
TXN003662,PAYMENT_LINK,0,0.0,
TXN003663,RETRY,1,100.0,34.0
TXN003664,PAYMENT_LINK,1,100.0,46.0
TXN003665,UPDATE_CARD,1,100.0,59.0
TXN003666,UPDATE_CARD,0,0.0,
TXN003667,PAYMENT_LINK,0,0.0,
TXN003668,RETRY,1,100.0,24.0
TXN003669,RETRY,1,100.0,67.0
TXN003670,PAYMENT_LINK,1,100.0,4.0
TXN003671,PAYMENT_LINK,1,100.0,1.0
TXN003672,RETRY,0,0.0,
TXN003673,PAYMENT_LINK,0,0.0,
TXN003674,RETRY,0,0.0,
TXN003675,RETRY,0,0.0,
TXN003676,RETRY,0,0.0,
TXN003677,RETRY,0,0.0,
TXN003678,PAYMENT_LINK,1,100.0,44.0
TXN003679,REMINDER,1,100.0,48.0
TXN003680,RETRY,1,100.0,6.0
TXN003681,RETRY,1,100.0,24.0
TXN003682,PAYMENT_LINK,1,101.49,58.0
TXN003683,RETRY,1,167.32,64.0
TXN003684,UPDATE_CARD,1,100.0,56.0
TXN003685,RETRY,1,100.0,12.0
TXN003686,UPDATE_CARD,1,100.0,35.0
TXN003687,RETRY,0,0.0,
TXN003688,RETRY,1,100.0,6.0
TXN003689,RETRY,1,100.0,65.0
TXN003690,RETRY,1,100.0,60.0
TXN003691,REMINDER,0,0.0,
TXN003692,UPDATE_CARD,0,0.0,
TXN003693,RETRY,1,100.0,38.0
TXN003694,RETRY,0,0.0,
TXN003695,REMINDER,1,214.46,8.0
TXN003696,UPDATE_CARD,0,0.0,
TXN003697,ESCALATE,1,100.0,13.0
TXN003698,UPDATE_CARD,0,0.0,
TXN003699,REMINDER,1,100.0,18.0
TXN003700,UPDATE_CARD,1,100.0,18.0
TXN003701,PAYMENT_LINK,0,0.0,
TXN003702,PAYMENT_LINK,1,12517.66,14.0
TXN003703,RETRY,0,0.0,
TXN003704,RETRY,1,100.0,17.0
TXN003705,PAYMENT_LINK,0,0.0,
TXN003706,REMINDER,1,100.0,14.0
TXN003707,PAYMENT_LINK,1,100.0,57.0
TXN003708,PAYMENT_LINK,1,100.0,6.0
TXN003709,RETRY,1,100.0,57.0
TXN003710,PAYMENT_LINK,0,0.0,
TXN003711,PAYMENT_LINK,0,0.0,
TXN003712,RETRY,1,100.0,11.0
TXN003713,UPDATE_CARD,0,0.0,
TXN003714,PAYMENT_LINK,1,100.0,59.0
TXN003715,PAYMENT_LINK,0,0.0,
TXN003716,PAYMENT_LINK,1,100.0,65.0
TXN003717,PAYMENT_LINK,0,0.0,
TXN003718,UPDATE_CARD,1,100.0,30.0
TXN003719,PAYMENT_LINK,0,0.0,
TXN003720,PAYMENT_LINK,1,100.0,17.0
TXN003721,RETRY,1,100.0,59.0
TXN003722,PAYMENT_LINK,0,0.0,
TXN003723,RETRY,1,100.0,64.0
TXN003724,PAYMENT_LINK,1,100.0,48.0
TXN003725,PAYMENT_LINK,0,0.0,
TXN003726,PAYMENT_LINK,0,0.0,
TXN003727,PAYMENT_LINK,1,176.62,30.0
TXN003728,RETRY,1,100.0,55.0
TXN003729,PAYMENT_LINK,1,100.0,7.0
TXN003730,RETRY,0,0.0,
TXN003731,RETRY,0,0.0,
TXN003732,PAYMENT_LINK,1,100.0,52.0
TXN003733,RETRY,1,100.0,27.0
TXN003734,PAYMENT_LINK,1,100.0,12.0
TXN003735,PAYMENT_LINK,0,0.0,
TXN003736,ESCALATE,1,100.0,72.0
TXN003737,PAYMENT_LINK,0,0.0,
TXN003738,PAYMENT_LINK,1,100.0,29.0
TXN003739,RETRY,0,0.0,
TXN003740,UPDATE_CARD,1,100.0,60.0
TXN003741,UPDATE_CARD,1,100.0,29.0
TXN003742,PAYMENT_LINK,1,100.0,31.0
TXN003743,PAYMENT_LINK,1,100.0,61.0
TXN003744,RETRY,0,0.0,
TXN003745,PAYMENT_LINK,1,100.0,33.0
TXN003746,PAYMENT_LINK,1,100.0,72.0
TXN003747,RETRY,1,137.6,62.0
TXN003748,RETRY,1,100.0,59.0
TXN003749,RETRY,1,100.0,40.0
TXN003750,PAYMENT_LINK,0,0.0,
TXN003751,UPDATE_CARD,1,100.0,32.0
TXN003752,RETRY,1,100.0,38.0
TXN003753,RETRY,1,100.0,13.0
TXN003754,RETRY,1,263.96,54.0
TXN003755,ESCALATE,0,0.0,
TXN003756,PAYMENT_LINK,1,423.65,39.0
TXN003757,RETRY,1,100.0,23.0
TXN003758,RETRY,0,0.0,
TXN003759,RETRY,0,0.0,
TXN003760,PAYMENT_LINK,1,100.0,24.0
TXN003761,RETRY,0,0.0,
TXN003762,UPDATE_CARD,1,100.0,63.0
TXN003763,PAYMENT_LINK,1,100.0,34.0
TXN003764,PAYMENT_LINK,1,100.0,51.0
TXN003765,RETRY,0,0.0,
TXN003766,PAYMENT_LINK,0,0.0,
TXN003767,PAYMENT_LINK,1,100.0,21.0
TXN003768,RETRY,1,100.0,37.0
TXN003769,REMINDER,0,0.0,
TXN003770,RETRY,1,100.0,13.0
TXN003771,RETRY,1,100.0,30.0
TXN003772,PAYMENT_LINK,0,0.0,
TXN003773,UPDATE_CARD,1,100.0,5.0
TXN003774,PAYMENT_LINK,0,0.0,
TXN003775,PAYMENT_LINK,0,0.0,
TXN003776,RETRY,1,100.0,22.0
TXN003777,ESCALATE,0,0.0,
TXN003778,RETRY,1,100.0,44.0
TXN003779,PAYMENT_LINK,0,0.0,
TXN003780,RETRY,1,100.0,37.0
TXN003781,RETRY,1,100.0,16.0
TXN003782,PAYMENT_LINK,0,0.0,
TXN003783,RETRY,1,100.0,63.0
TXN003784,UPDATE_CARD,0,0.0,
TXN003785,UPDATE_CARD,1,100.0,44.0
TXN003786,PAYMENT_LINK,1,100.0,9.0
TXN003787,PAYMENT_LINK,0,0.0,
TXN003788,PAYMENT_LINK,1,100.0,44.0
TXN003789,RETRY,1,100.0,20.0
TXN003790,UPDATE_CARD,0,0.0,
TXN003791,PAYMENT_LINK,0,0.0,
TXN003792,RETRY,0,0.0,
TXN003793,RETRY,0,0.0,
TXN003794,PAYMENT_LINK,1,100.0,66.0
TXN003795,REMINDER,0,0.0,
TXN003796,PAYMENT_LINK,1,100.0,28.0
TXN003797,PAYMENT_LINK,0,0.0,
TXN003798,PAYMENT_LINK,1,100.0,65.0
TXN003799,RETRY,1,100.0,45.0
TXN003800,PAYMENT_LINK,0,0.0,
TXN003801,PAYMENT_LINK,0,0.0,
TXN003802,RETRY,0,0.0,
TXN003803,PAYMENT_LINK,1,100.0,52.0
TXN003804,ESCALATE,0,0.0,
TXN003805,UPDATE_CARD,1,100.0,1.0
TXN003806,PAYMENT_LINK,1,100.0,39.0
TXN003807,PAYMENT_LINK,1,100.0,1.0
TXN003808,PAYMENT_LINK,1,100.0,14.0
TXN003809,RETRY,0,0.0,
TXN003810,RETRY,1,100.0,23.0
TXN003811,RETRY,0,0.0,
TXN003812,PAYMENT_LINK,0,0.0,
TXN003813,PAYMENT_LINK,0,0.0,
TXN003814,RETRY,1,100.0,27.0
TXN003815,UPDATE_CARD,0,0.0,
TXN003816,PAYMENT_LINK,0,0.0,
TXN003817,UPDATE_CARD,1,100.0,39.0
TXN003818,PAYMENT_LINK,1,100.0,51.0
TXN003819,UPDATE_CARD,1,100.0,19.0
TXN003820,RETRY,1,100.0,62.0
TXN003821,RETRY,1,106.42,71.0
TXN003822,ESCALATE,0,0.0,
TXN003823,RETRY,0,0.0,
TXN003824,RETRY,0,0.0,
TXN003825,PAYMENT_LINK,1,100.0,72.0
TXN003826,RETRY,1,100.0,61.0
TXN003827,UPDATE_CARD,1,100.0,71.0
TXN003828,RETRY,1,100.0,7.0
TXN003829,REMINDER,0,0.0,
TXN003830,RETRY,1,100.0,46.0
TXN003831,RETRY,1,100.0,72.0
TXN003832,PAYMENT_LINK,1,100.0,14.0
TXN003833,PAYMENT_LINK,1,100.0,69.0
TXN003834,PAYMENT_LINK,1,100.0,65.0
TXN003835,PAYMENT_LINK,0,0.0,
TXN003836,PAYMENT_LINK,1,100.0,57.0
TXN003837,PAYMENT_LINK,1,100.0,62.0
TXN003838,UPDATE_CARD,1,100.0,20.0
TXN003839,PAYMENT_LINK,0,0.0,
TXN003840,RETRY,1,126.35,44.0
TXN003841,UPDATE_CARD,0,0.0,
TXN003842,PAYMENT_LINK,0,0.0,
TXN003843,RETRY,1,100.0,62.0
TXN003844,PAYMENT_LINK,1,100.0,45.0
TXN003845,RETRY,1,100.0,11.0
TXN003846,PAYMENT_LINK,1,100.0,72.0
TXN003847,PAYMENT_LINK,1,100.0,34.0
TXN003848,UPDATE_CARD,1,100.0,46.0
TXN003849,PAYMENT_LINK,1,100.0,32.0
TXN003850,RETRY,1,100.0,5.0
TXN003851,PAYMENT_LINK,1,100.0,63.0
TXN003852,REMINDER,0,0.0,
TXN003853,RETRY,1,100.0,48.0
TXN003854,UPDATE_CARD,1,100.0,16.0
TXN003855,PAYMENT_LINK,1,100.0,25.0
TXN003856,RETRY,1,100.0,72.0
TXN003857,PAYMENT_LINK,1,100.0,29.0
TXN003858,RETRY,0,0.0,
TXN003859,UPDATE_CARD,1,100.0,46.0
TXN003860,UPDATE_CARD,0,0.0,
TXN003861,PAYMENT_LINK,1,100.0,23.0
TXN003862,PAYMENT_LINK,1,100.0,34.0
TXN003863,PAYMENT_LINK,0,0.0,
TXN003864,UPDATE_CARD,1,100.0,34.0
TXN003865,RETRY,1,100.0,32.0
TXN003866,UPDATE_CARD,1,100.0,29.0
TXN003867,REMINDER,1,100.0,9.0
TXN003868,UPDATE_CARD,1,100.0,66.0
TXN003869,UPDATE_CARD,1,100.0,57.0
TXN003870,PAYMENT_LINK,1,100.0,39.0
TXN003871,PAYMENT_LINK,1,100.0,7.0
TXN003872,RETRY,1,100.0,69.0
TXN003873,UPDATE_CARD,1,100.0,8.0
TXN003874,PAYMENT_LINK,0,0.0,
TXN003875,PAYMENT_LINK,1,100.0,49.0
TXN003876,RETRY,1,100.0,16.0
TXN003877,RETRY,1,100.0,21.0
TXN003878,RETRY,1,100.0,10.0
TXN003879,PAYMENT_LINK,1,100.0,4.0
TXN003880,PAYMENT_LINK,0,0.0,
TXN003881,UPDATE_CARD,0,0.0,
TXN003882,PAYMENT_LINK,1,100.0,55.0
TXN003883,PAYMENT_LINK,0,0.0,
TXN003884,PAYMENT_LINK,0,0.0,
TXN003885,PAYMENT_LINK,1,100.0,40.0
TXN003886,UPDATE_CARD,1,100.0,51.0
TXN003887,PAYMENT_LINK,1,100.0,9.0
TXN003888,UPDATE_CARD,1,100.0,30.0
TXN003889,RETRY,1,100.0,56.0
TXN003890,RETRY,1,100.0,44.0
TXN003891,RETRY,1,100.0,59.0
TXN003892,PAYMENT_LINK,1,100.0,15.0
TXN003893,ESCALATE,0,0.0,
TXN003894,PAYMENT_LINK,1,100.0,70.0
TXN003895,RETRY,1,100.0,61.0
TXN003896,RETRY,1,100.0,23.0
TXN003897,RETRY,0,0.0,
TXN003898,UPDATE_CARD,1,100.0,17.0
TXN003899,RETRY,1,100.0,57.0
TXN003900,PAYMENT_LINK,1,186.04,54.0
TXN003901,PAYMENT_LINK,1,100.0,52.0
TXN003902,PAYMENT_LINK,0,0.0,
TXN003903,PAYMENT_LINK,0,0.0,
TXN003904,PAYMENT_LINK,0,0.0,
TXN003905,UPDATE_CARD,1,100.0,66.0
TXN003906,UPDATE_CARD,1,100.0,52.0
TXN003907,UPDATE_CARD,1,100.0,14.0
TXN003908,UPDATE_CARD,1,100.0,63.0
TXN003909,UPDATE_CARD,1,100.0,71.0
TXN003910,ESCALATE,1,100.0,28.0
TXN003911,PAYMENT_LINK,0,0.0,
TXN003912,PAYMENT_LINK,0,0.0,
TXN003913,PAYMENT_LINK,0,0.0,
TXN003914,RETRY,1,100.0,17.0
TXN003915,RETRY,0,0.0,
TXN003916,PAYMENT_LINK,1,100.0,52.0
TXN003917,PAYMENT_LINK,1,100.0,4.0
TXN003918,PAYMENT_LINK,1,100.0,3.0
TXN003919,REMINDER,0,0.0,
TXN003920,UPDATE_CARD,1,100.0,24.0
TXN003921,REMINDER,1,100.0,72.0
TXN003922,RETRY,1,100.0,35.0
TXN003923,UPDATE_CARD,0,0.0,
TXN003924,PAYMENT_LINK,0,0.0,
TXN003925,PAYMENT_LINK,0,0.0,
TXN003926,UPDATE_CARD,1,100.0,62.0
TXN003927,UPDATE_CARD,1,100.0,43.0
TXN003928,RETRY,0,0.0,
TXN003929,RETRY,0,0.0,
TXN003930,ESCALATE,0,0.0,
TXN003931,PAYMENT_LINK,1,100.0,60.0
TXN003932,RETRY,1,100.0,63.0
TXN003933,RETRY,1,100.0,52.0
TXN003934,UPDATE_CARD,1,100.0,23.0
TXN003935,UPDATE_CARD,1,100.0,30.0
TXN003936,UPDATE_CARD,1,100.0,43.0
TXN003937,RETRY,0,0.0,
TXN003938,PAYMENT_LINK,1,325.32,21.0
TXN003939,PAYMENT_LINK,0,0.0,
TXN003940,PAYMENT_LINK,0,0.0,
TXN003941,REMINDER,1,110.12,16.0
TXN003942,REMINDER,0,0.0,
TXN003943,PAYMENT_LINK,0,0.0,
TXN003944,PAYMENT_LINK,0,0.0,
TXN003945,RETRY,1,100.0,69.0
TXN003946,PAYMENT_LINK,1,100.0,6.0
TXN003947,PAYMENT_LINK,1,100.0,65.0
TXN003948,PAYMENT_LINK,1,100.0,59.0
TXN003949,RETRY,1,100.0,28.0
TXN003950,UPDATE_CARD,1,100.0,18.0
TXN003951,RETRY,1,100.0,10.0
TXN003952,PAYMENT_LINK,0,0.0,
TXN003953,RETRY,1,100.0,37.0
TXN003954,UPDATE_CARD,1,100.0,45.0
TXN003955,RETRY,1,100.0,16.0
TXN003956,PAYMENT_LINK,0,0.0,
TXN003957,UPDATE_CARD,1,100.0,11.0
TXN003958,PAYMENT_LINK,1,100.0,34.0
TXN003959,UPDATE_CARD,1,100.0,60.0
TXN003960,PAYMENT_LINK,0,0.0,
TXN003961,RETRY,0,0.0,
TXN003962,REMINDER,1,100.0,44.0
TXN003963,PAYMENT_LINK,1,100.0,28.0
TXN003964,RETRY,0,0.0,
TXN003965,UPDATE_CARD,1,100.0,16.0
TXN003966,UPDATE_CARD,0,0.0,
TXN003967,UPDATE_CARD,1,100.0,28.0
TXN003968,PAYMENT_LINK,1,100.0,68.0
TXN003969,UPDATE_CARD,1,100.0,60.0
TXN003970,RETRY,1,100.0,12.0
TXN003971,RETRY,0,0.0,
TXN003972,UPDATE_CARD,1,100.0,53.0
TXN003973,RETRY,0,0.0,
TXN003974,RETRY,1,100.0,49.0
TXN003975,REMINDER,0,0.0,
TXN003976,UPDATE_CARD,1,236.59,62.0
TXN003977,RETRY,0,0.0,
TXN003978,PAYMENT_LINK,0,0.0,
TXN003979,UPDATE_CARD,1,100.0,22.0
TXN003980,RETRY,1,247.93,69.0
TXN003981,PAYMENT_LINK,1,100.0,49.0
TXN003982,UPDATE_CARD,1,100.0,2.0
TXN003983,UPDATE_CARD,1,159.15,53.0
TXN003984,UPDATE_CARD,1,100.0,7.0
TXN003985,RETRY,1,100.0,20.0
TXN003986,UPDATE_CARD,0,0.0,
TXN003987,PAYMENT_LINK,1,100.0,67.0
TXN003988,PAYMENT_LINK,0,0.0,
TXN003989,PAYMENT_LINK,0,0.0,
TXN003990,UPDATE_CARD,1,100.0,3.0
TXN003991,RETRY,1,100.0,56.0
TXN003992,RETRY,1,100.0,17.0
TXN003993,RETRY,1,100.0,52.0
TXN003994,PAYMENT_LINK,0,0.0,
TXN003995,RETRY,0,0.0,
TXN003996,REMINDER,1,100.0,54.0
TXN003997,RETRY,1,100.0,61.0
TXN003998,ESCALATE,1,100.0,16.0
TXN003999,RETRY,1,100.0,67.0
TXN004000,PAYMENT_LINK,1,100.0,59.0
TXN004001,PAYMENT_LINK,0,0.0,
TXN004002,PAYMENT_LINK,1,100.0,48.0
TXN004003,PAYMENT_LINK,1,100.0,64.0
TXN004004,PAYMENT_LINK,0,0.0,
TXN004005,UPDATE_CARD,1,100.0,41.0
TXN004006,RETRY,1,100.0,72.0
TXN004007,RETRY,1,100.0,22.0
TXN004008,UPDATE_CARD,1,100.0,54.0
TXN004009,PAYMENT_LINK,0,0.0,
TXN004010,UPDATE_CARD,1,100.0,17.0
TXN004011,RETRY,1,100.0,41.0
TXN004012,PAYMENT_LINK,0,0.0,
TXN004013,PAYMENT_LINK,1,100.0,40.0
TXN004014,RETRY,1,100.0,22.0
TXN004015,RETRY,1,100.0,48.0
TXN004016,PAYMENT_LINK,0,0.0,
TXN004017,RETRY,1,100.0,10.0
TXN004018,PAYMENT_LINK,0,0.0,
TXN004019,PAYMENT_LINK,1,100.0,49.0
TXN004020,UPDATE_CARD,1,100.0,71.0
TXN004021,RETRY,0,0.0,
TXN004022,PAYMENT_LINK,0,0.0,
TXN004023,PAYMENT_LINK,1,100.0,55.0
TXN004024,RETRY,1,100.0,60.0
TXN004025,PAYMENT_LINK,0,0.0,
TXN004026,PAYMENT_LINK,0,0.0,
TXN004027,UPDATE_CARD,0,0.0,
TXN004028,RETRY,0,0.0,
TXN004029,ESCALATE,0,0.0,
TXN004030,PAYMENT_LINK,1,100.0,33.0
TXN004031,RETRY,0,0.0,
TXN004032,PAYMENT_LINK,0,0.0,
TXN004033,PAYMENT_LINK,1,100.0,20.0
TXN004034,PAYMENT_LINK,0,0.0,
TXN004035,PAYMENT_LINK,0,0.0,
TXN004036,PAYMENT_LINK,0,0.0,
TXN004037,RETRY,1,100.0,25.0
TXN004038,PAYMENT_LINK,0,0.0,
TXN004039,PAYMENT_LINK,1,100.0,4.0
TXN004040,RETRY,1,100.0,9.0
TXN004041,RETRY,1,100.0,15.0
TXN004042,RETRY,1,100.0,26.0
TXN004043,ESCALATE,1,100.0,71.0
TXN004044,RETRY,0,0.0,
TXN004045,PAYMENT_LINK,0,0.0,
TXN004046,RETRY,1,100.0,32.0
TXN004047,PAYMENT_LINK,1,100.0,9.0
TXN004048,UPDATE_CARD,1,100.0,13.0
TXN004049,ESCALATE,1,100.0,56.0
TXN004050,PAYMENT_LINK,1,100.0,44.0
TXN004051,PAYMENT_LINK,0,0.0,
TXN004052,PAYMENT_LINK,1,100.0,16.0
TXN004053,RETRY,0,0.0,
TXN004054,PAYMENT_LINK,0,0.0,
TXN004055,UPDATE_CARD,0,0.0,
TXN004056,ESCALATE,0,0.0,
TXN004057,PAYMENT_LINK,0,0.0,
TXN004058,PAYMENT_LINK,1,100.0,12.0
TXN004059,RETRY,1,100.0,60.0
TXN004060,RETRY,1,100.0,60.0
TXN004061,PAYMENT_LINK,1,100.0,1.0
TXN004062,PAYMENT_LINK,0,0.0,
TXN004063,PAYMENT_LINK,0,0.0,
TXN004064,PAYMENT_LINK,1,100.0,40.0
TXN004065,PAYMENT_LINK,0,0.0,
TXN004066,PAYMENT_LINK,1,100.0,34.0
TXN004067,RETRY,1,100.0,34.0
TXN004068,REMINDER,1,100.0,48.0
TXN004069,RETRY,0,0.0,
TXN004070,RETRY,1,103.4,68.0
TXN004071,PAYMENT_LINK,1,100.0,30.0
TXN004072,PAYMENT_LINK,0,0.0,
TXN004073,PAYMENT_LINK,0,0.0,
TXN004074,PAYMENT_LINK,1,100.0,29.0
TXN004075,PAYMENT_LINK,0,0.0,
TXN004076,PAYMENT_LINK,1,100.0,34.0
TXN004077,PAYMENT_LINK,1,100.0,15.0
TXN004078,PAYMENT_LINK,0,0.0,
TXN004079,PAYMENT_LINK,0,0.0,
TXN004080,RETRY,0,0.0,
TXN004081,RETRY,1,100.0,61.0
TXN004082,PAYMENT_LINK,1,100.0,57.0
TXN004083,RETRY,1,100.0,37.0
TXN004084,PAYMENT_LINK,1,100.0,7.0
TXN004085,RETRY,1,100.0,8.0
TXN004086,RETRY,1,100.0,68.0
TXN004087,PAYMENT_LINK,1,100.0,21.0
TXN004088,ESCALATE,0,0.0,
TXN004089,RETRY,0,0.0,
TXN004090,UPDATE_CARD,0,0.0,
TXN004091,PAYMENT_LINK,0,0.0,
TXN004092,RETRY,0,0.0,
TXN004093,PAYMENT_LINK,1,100.0,66.0
TXN004094,PAYMENT_LINK,0,0.0,
TXN004095,REMINDER,1,100.0,67.0
TXN004096,PAYMENT_LINK,0,0.0,
TXN004097,RETRY,1,100.0,18.0
TXN004098,RETRY,1,100.0,54.0
TXN004099,PAYMENT_LINK,1,100.0,21.0
TXN004100,PAYMENT_LINK,0,0.0,
TXN004101,UPDATE_CARD,1,100.0,16.0
TXN004102,PAYMENT_LINK,0,0.0,
TXN004103,RETRY,1,100.0,4.0
TXN004104,PAYMENT_LINK,1,100.0,55.0
TXN004105,RETRY,1,100.0,15.0
TXN004106,PAYMENT_LINK,0,0.0,
TXN004107,RETRY,0,0.0,
TXN004108,PAYMENT_LINK,1,100.0,16.0
TXN004109,PAYMENT_LINK,1,100.0,20.0
TXN004110,PAYMENT_LINK,0,0.0,
TXN004111,PAYMENT_LINK,1,100.0,33.0
TXN004112,PAYMENT_LINK,1,100.0,69.0
TXN004113,REMINDER,1,100.0,69.0
TXN004114,PAYMENT_LINK,0,0.0,
TXN004115,RETRY,1,100.0,39.0
TXN004116,PAYMENT_LINK,0,0.0,
TXN004117,UPDATE_CARD,0,0.0,
TXN004118,ESCALATE,1,100.0,21.0
TXN004119,PAYMENT_LINK,1,100.0,63.0
TXN004120,PAYMENT_LINK,0,0.0,
TXN004121,PAYMENT_LINK,0,0.0,
TXN004122,PAYMENT_LINK,1,100.0,53.0
TXN004123,UPDATE_CARD,1,100.0,50.0
TXN004124,PAYMENT_LINK,1,100.0,12.0
TXN004125,PAYMENT_LINK,1,100.0,56.0
TXN004126,ESCALATE,0,0.0,
TXN004127,PAYMENT_LINK,0,0.0,
TXN004128,UPDATE_CARD,0,0.0,
TXN004129,PAYMENT_LINK,0,0.0,
TXN004130,ESCALATE,0,0.0,
TXN004131,RETRY,1,100.0,6.0
TXN004132,PAYMENT_LINK,1,100.0,67.0
TXN004133,REMINDER,1,100.0,33.0
TXN004134,RETRY,1,100.0,43.0
TXN004135,PAYMENT_LINK,0,0.0,
TXN004136,UPDATE_CARD,0,0.0,
TXN004137,UPDATE_CARD,0,0.0,
TXN004138,RETRY,1,100.0,8.0
TXN004139,PAYMENT_LINK,0,0.0,
TXN004140,UPDATE_CARD,1,100.0,28.0
TXN004141,PAYMENT_LINK,1,100.0,13.0
TXN004142,RETRY,1,100.0,13.0
TXN004143,ESCALATE,1,106.21,38.0
TXN004144,PAYMENT_LINK,1,100.0,25.0
TXN004145,PAYMENT_LINK,0,0.0,
TXN004146,PAYMENT_LINK,1,100.0,23.0
TXN004147,PAYMENT_LINK,0,0.0,
TXN004148,PAYMENT_LINK,1,100.0,54.0
TXN004149,PAYMENT_LINK,0,0.0,
TXN004150,PAYMENT_LINK,1,100.0,30.0
TXN004151,PAYMENT_LINK,0,0.0,
TXN004152,REMINDER,0,0.0,
TXN004153,RETRY,1,100.0,24.0
TXN004154,PAYMENT_LINK,1,100.0,7.0
TXN004155,RETRY,1,100.0,72.0
TXN004156,RETRY,1,100.0,1.0
TXN004157,PAYMENT_LINK,1,100.0,3.0
TXN004158,UPDATE_CARD,1,100.0,28.0
TXN004159,UPDATE_CARD,1,100.0,43.0
TXN004160,PAYMENT_LINK,1,100.0,46.0
TXN004161,PAYMENT_LINK,1,100.0,1.0
TXN004162,UPDATE_CARD,1,100.0,38.0
TXN004163,PAYMENT_LINK,1,100.0,35.0
TXN004164,PAYMENT_LINK,1,100.0,54.0
TXN004165,ESCALATE,0,0.0,
TXN004166,PAYMENT_LINK,1,100.0,28.0
TXN004167,PAYMENT_LINK,1,100.0,22.0
TXN004168,RETRY,1,100.0,16.0
TXN004169,RETRY,0,0.0,
TXN004170,RETRY,1,100.0,62.0
TXN004171,RETRY,1,159.28,43.0
TXN004172,PAYMENT_LINK,0,0.0,
TXN004173,RETRY,1,100.0,67.0
TXN004174,RETRY,1,100.0,57.0
TXN004175,RETRY,1,607.7,65.0
TXN004176,RETRY,1,100.0,69.0
TXN004177,RETRY,1,100.0,49.0
TXN004178,PAYMENT_LINK,1,100.0,33.0
TXN004179,UPDATE_CARD,1,100.0,19.0
TXN004180,RETRY,1,100.0,36.0
TXN004181,PAYMENT_LINK,1,100.0,70.0
TXN004182,PAYMENT_LINK,0,0.0,
TXN004183,PAYMENT_LINK,0,0.0,
TXN004184,UPDATE_CARD,1,100.0,27.0
TXN004185,PAYMENT_LINK,1,172.14,49.0
TXN004186,PAYMENT_LINK,0,0.0,
TXN004187,PAYMENT_LINK,0,0.0,
TXN004188,RETRY,1,100.0,41.0
TXN004189,ESCALATE,0,0.0,
TXN004190,PAYMENT_LINK,0,0.0,
TXN004191,PAYMENT_LINK,1,100.0,31.0
TXN004192,RETRY,1,100.0,65.0
TXN004193,PAYMENT_LINK,1,100.0,18.0
TXN004194,PAYMENT_LINK,0,0.0,
TXN004195,PAYMENT_LINK,0,0.0,
TXN004196,RETRY,0,0.0,
TXN004197,PAYMENT_LINK,0,0.0,
TXN004198,ESCALATE,0,0.0,
TXN004199,UPDATE_CARD,0,0.0,
TXN004200,UPDATE_CARD,1,100.0,32.0
TXN004201,PAYMENT_LINK,0,0.0,
TXN004202,PAYMENT_LINK,1,100.0,69.0
TXN004203,UPDATE_CARD,1,100.0,9.0
TXN004204,PAYMENT_LINK,1,100.0,69.0
TXN004205,PAYMENT_LINK,0,0.0,
TXN004206,RETRY,1,100.0,11.0
TXN004207,REMINDER,0,0.0,
TXN004208,UPDATE_CARD,1,100.0,8.0
TXN004209,PAYMENT_LINK,1,100.0,49.0
TXN004210,UPDATE_CARD,1,100.0,24.0
TXN004211,PAYMENT_LINK,1,100.0,33.0
TXN004212,PAYMENT_LINK,0,0.0,
TXN004213,RETRY,1,100.0,2.0
TXN004214,PAYMENT_LINK,1,100.0,55.0
TXN004215,RETRY,1,100.0,11.0
TXN004216,RETRY,1,100.0,17.0
TXN004217,PAYMENT_LINK,0,0.0,
TXN004218,PAYMENT_LINK,1,100.0,61.0
TXN004219,PAYMENT_LINK,0,0.0,
TXN004220,PAYMENT_LINK,0,0.0,
TXN004221,RETRY,1,100.0,66.0
TXN004222,UPDATE_CARD,0,0.0,
TXN004223,PAYMENT_LINK,1,100.0,7.0
TXN004224,RETRY,0,0.0,
TXN004225,PAYMENT_LINK,0,0.0,
TXN004226,PAYMENT_LINK,1,100.0,6.0
TXN004227,PAYMENT_LINK,1,100.0,55.0
TXN004228,PAYMENT_LINK,1,100.0,21.0
TXN004229,PAYMENT_LINK,1,100.0,51.0
TXN004230,PAYMENT_LINK,0,0.0,
TXN004231,PAYMENT_LINK,0,0.0,
TXN004232,RETRY,1,100.0,8.0
TXN004233,PAYMENT_LINK,1,100.0,68.0
TXN004234,PAYMENT_LINK,1,100.0,16.0
TXN004235,PAYMENT_LINK,0,0.0,
TXN004236,PAYMENT_LINK,1,100.0,71.0
TXN004237,RETRY,1,100.0,64.0
TXN004238,RETRY,1,100.0,2.0
TXN004239,REMINDER,0,0.0,
TXN004240,UPDATE_CARD,0,0.0,
TXN004241,RETRY,0,0.0,
TXN004242,UPDATE_CARD,0,0.0,
TXN004243,UPDATE_CARD,1,100.0,69.0
TXN004244,PAYMENT_LINK,0,0.0,
TXN004245,PAYMENT_LINK,1,100.0,32.0
TXN004246,PAYMENT_LINK,1,100.0,45.0
TXN004247,PAYMENT_LINK,0,0.0,
TXN004248,REMINDER,1,100.0,49.0
TXN004249,RETRY,1,100.0,33.0
TXN004250,RETRY,1,100.0,71.0
TXN004251,RETRY,1,100.0,68.0
TXN004252,UPDATE_CARD,0,0.0,
TXN004253,RETRY,0,0.0,
TXN004254,PAYMENT_LINK,0,0.0,
TXN004255,PAYMENT_LINK,0,0.0,
TXN004256,RETRY,0,0.0,
TXN004257,RETRY,1,100.0,14.0
TXN004258,RETRY,1,100.0,36.0
TXN004259,PAYMENT_LINK,1,100.0,34.0
TXN004260,RETRY,0,0.0,
TXN004261,REMINDER,1,100.0,16.0
TXN004262,PAYMENT_LINK,1,100.0,37.0
TXN004263,UPDATE_CARD,1,100.0,41.0
TXN004264,UPDATE_CARD,1,100.0,25.0
TXN004265,PAYMENT_LINK,0,0.0,
TXN004266,RETRY,1,100.0,18.0
TXN004267,RETRY,1,100.0,68.0
TXN004268,RETRY,0,0.0,
TXN004269,RETRY,1,100.0,70.0
TXN004270,PAYMENT_LINK,1,100.0,67.0
TXN004271,PAYMENT_LINK,0,0.0,
TXN004272,PAYMENT_LINK,0,0.0,
TXN004273,UPDATE_CARD,0,0.0,
TXN004274,PAYMENT_LINK,1,100.0,23.0
TXN004275,PAYMENT_LINK,0,0.0,
TXN004276,PAYMENT_LINK,0,0.0,
TXN004277,RETRY,1,100.0,26.0
TXN004278,REMINDER,1,132.66,61.0
TXN004279,RETRY,1,100.0,15.0
TXN004280,RETRY,1,100.0,32.0
TXN004281,PAYMENT_LINK,0,0.0,
TXN004282,PAYMENT_LINK,0,0.0,
TXN004283,PAYMENT_LINK,0,0.0,
TXN004284,RETRY,1,100.0,71.0
TXN004285,PAYMENT_LINK,0,0.0,
TXN004286,PAYMENT_LINK,0,0.0,
TXN004287,UPDATE_CARD,0,0.0,
TXN004288,PAYMENT_LINK,1,100.0,26.0
TXN004289,REMINDER,0,0.0,
TXN004290,RETRY,1,100.0,13.0
TXN004291,PAYMENT_LINK,0,0.0,
TXN004292,PAYMENT_LINK,0,0.0,
TXN004293,PAYMENT_LINK,1,100.0,66.0
TXN004294,UPDATE_CARD,1,100.0,64.0
TXN004295,PAYMENT_LINK,0,0.0,
TXN004296,PAYMENT_LINK,0,0.0,
TXN004297,PAYMENT_LINK,1,100.0,6.0
TXN004298,PAYMENT_LINK,1,100.0,11.0
TXN004299,PAYMENT_LINK,0,0.0,
TXN004300,RETRY,0,0.0,
TXN004301,RETRY,1,100.0,67.0
TXN004302,PAYMENT_LINK,1,100.0,46.0
TXN004303,PAYMENT_LINK,1,100.0,29.0
TXN004304,PAYMENT_LINK,1,100.0,60.0
TXN004305,PAYMENT_LINK,1,100.0,54.0
TXN004306,RETRY,0,0.0,
TXN004307,RETRY,1,100.0,9.0
TXN004308,PAYMENT_LINK,1,100.0,10.0
TXN004309,RETRY,1,100.0,68.0
TXN004310,REMINDER,1,100.0,58.0
TXN004311,RETRY,0,0.0,
TXN004312,RETRY,0,0.0,
TXN004313,PAYMENT_LINK,0,0.0,
TXN004314,PAYMENT_LINK,0,0.0,
TXN004315,UPDATE_CARD,0,0.0,
TXN004316,RETRY,0,0.0,
TXN004317,PAYMENT_LINK,0,0.0,
TXN004318,REMINDER,1,100.0,8.0
TXN004319,UPDATE_CARD,1,100.0,46.0
TXN004320,PAYMENT_LINK,1,100.0,14.0
TXN004321,RETRY,1,100.0,8.0
TXN004322,PAYMENT_LINK,0,0.0,
TXN004323,UPDATE_CARD,1,100.0,54.0
TXN004324,PAYMENT_LINK,1,100.0,21.0
TXN004325,RETRY,1,100.0,14.0
TXN004326,PAYMENT_LINK,1,100.0,2.0
TXN004327,PAYMENT_LINK,0,0.0,
TXN004328,PAYMENT_LINK,1,100.0,17.0
TXN004329,RETRY,1,100.0,48.0
TXN004330,PAYMENT_LINK,0,0.0,
TXN004331,UPDATE_CARD,1,100.0,56.0
TXN004332,PAYMENT_LINK,0,0.0,
TXN004333,PAYMENT_LINK,0,0.0,
TXN004334,PAYMENT_LINK,0,0.0,
TXN004335,PAYMENT_LINK,0,0.0,
TXN004336,RETRY,1,100.0,18.0
TXN004337,UPDATE_CARD,1,100.0,26.0
TXN004338,ESCALATE,0,0.0,
TXN004339,PAYMENT_LINK,0,0.0,
TXN004340,PAYMENT_LINK,1,100.0,41.0
TXN004341,UPDATE_CARD,0,0.0,
TXN004342,PAYMENT_LINK,1,100.0,41.0
TXN004343,PAYMENT_LINK,1,100.0,47.0
TXN004344,PAYMENT_LINK,1,100.0,14.0
TXN004345,RETRY,1,100.0,1.0
TXN004346,ESCALATE,1,100.0,17.0
TXN004347,PAYMENT_LINK,1,100.0,55.0
TXN004348,PAYMENT_LINK,1,100.0,53.0
TXN004349,UPDATE_CARD,1,100.0,31.0
TXN004350,PAYMENT_LINK,1,100.0,62.0
TXN004351,RETRY,1,100.0,8.0
TXN004352,RETRY,1,100.0,30.0
TXN004353,PAYMENT_LINK,1,100.0,66.0
TXN004354,PAYMENT_LINK,0,0.0,
TXN004355,RETRY,0,0.0,
TXN004356,PAYMENT_LINK,1,100.0,45.0
TXN004357,PAYMENT_LINK,0,0.0,
TXN004358,RETRY,1,100.0,68.0
TXN004359,PAYMENT_LINK,1,100.0,50.0
TXN004360,UPDATE_CARD,0,0.0,
TXN004361,PAYMENT_LINK,0,0.0,
TXN004362,PAYMENT_LINK,1,100.0,36.0
TXN004363,PAYMENT_LINK,0,0.0,
TXN004364,RETRY,1,100.0,56.0
TXN004365,RETRY,1,100.0,39.0
TXN004366,REMINDER,1,100.0,63.0
TXN004367,PAYMENT_LINK,0,0.0,
TXN004368,PAYMENT_LINK,1,100.0,58.0
TXN004369,PAYMENT_LINK,0,0.0,
TXN004370,UPDATE_CARD,1,100.0,48.0
TXN004371,PAYMENT_LINK,0,0.0,
TXN004372,RETRY,1,100.0,36.0
TXN004373,RETRY,1,100.0,25.0
TXN004374,PAYMENT_LINK,1,100.0,45.0
TXN004375,RETRY,1,100.0,19.0
TXN004376,PAYMENT_LINK,1,100.0,7.0
TXN004377,UPDATE_CARD,0,0.0,
TXN004378,REMINDER,0,0.0,
TXN004379,PAYMENT_LINK,0,0.0,
TXN004380,RETRY,1,100.0,18.0
TXN004381,RETRY,1,100.0,1.0
TXN004382,RETRY,1,100.0,63.0
TXN004383,UPDATE_CARD,1,100.0,3.0
TXN004384,REMINDER,1,100.0,21.0
TXN004385,PAYMENT_LINK,0,0.0,
TXN004386,PAYMENT_LINK,0,0.0,
TXN004387,PAYMENT_LINK,0,0.0,
TXN004388,PAYMENT_LINK,0,0.0,
TXN004389,PAYMENT_LINK,0,0.0,
TXN004390,PAYMENT_LINK,1,100.0,30.0
TXN004391,PAYMENT_LINK,1,113.59,45.0
TXN004392,ESCALATE,0,0.0,
TXN004393,RETRY,1,100.0,72.0
TXN004394,PAYMENT_LINK,0,0.0,
TXN004395,PAYMENT_LINK,1,100.0,54.0
TXN004396,RETRY,0,0.0,
TXN004397,RETRY,0,0.0,
TXN004398,REMINDER,1,100.0,31.0
TXN004399,PAYMENT_LINK,0,0.0,
TXN004400,RETRY,1,100.0,59.0
TXN004401,UPDATE_CARD,0,0.0,
TXN004402,RETRY,1,100.0,67.0
TXN004403,UPDATE_CARD,1,100.0,11.0
TXN004404,RETRY,1,100.0,11.0
TXN004405,RETRY,1,100.0,26.0
TXN004406,PAYMENT_LINK,0,0.0,
TXN004407,RETRY,1,100.0,14.0
TXN004408,PAYMENT_LINK,1,100.0,64.0
TXN004409,RETRY,1,100.0,10.0
TXN004410,PAYMENT_LINK,1,100.0,31.0
TXN004411,RETRY,0,0.0,
TXN004412,UPDATE_CARD,0,0.0,
TXN004413,PAYMENT_LINK,0,0.0,
TXN004414,RETRY,1,100.0,20.0
TXN004415,PAYMENT_LINK,1,100.0,44.0
TXN004416,RETRY,1,100.0,62.0
TXN004417,UPDATE_CARD,1,100.0,9.0
TXN004418,PAYMENT_LINK,0,0.0,
TXN004419,PAYMENT_LINK,1,100.0,24.0
TXN004420,PAYMENT_LINK,0,0.0,
TXN004421,PAYMENT_LINK,1,151.98,60.0
TXN004422,PAYMENT_LINK,0,0.0,
TXN004423,UPDATE_CARD,1,100.0,29.0
TXN004424,PAYMENT_LINK,1,100.0,32.0
TXN004425,PAYMENT_LINK,1,140.63,35.0
TXN004426,PAYMENT_LINK,1,100.0,43.0
TXN004427,PAYMENT_LINK,0,0.0,
TXN004428,PAYMENT_LINK,0,0.0,
TXN004429,REMINDER,0,0.0,
TXN004430,PAYMENT_LINK,0,0.0,
TXN004431,PAYMENT_LINK,1,100.0,70.0
TXN004432,PAYMENT_LINK,1,100.0,16.0
TXN004433,PAYMENT_LINK,1,100.0,69.0
TXN004434,RETRY,1,100.0,53.0
TXN004435,RETRY,1,100.0,45.0
TXN004436,RETRY,1,100.0,51.0
TXN004437,PAYMENT_LINK,0,0.0,
TXN004438,RETRY,1,100.0,33.0
TXN004439,RETRY,1,100.0,15.0
TXN004440,PAYMENT_LINK,1,100.0,14.0
TXN004441,RETRY,1,100.0,39.0
TXN004442,RETRY,1,100.0,63.0
TXN004443,RETRY,0,0.0,
TXN004444,REMINDER,1,100.0,52.0
TXN004445,PAYMENT_LINK,0,0.0,
TXN004446,RETRY,1,100.0,38.0
TXN004447,ESCALATE,1,100.0,53.0
TXN004448,PAYMENT_LINK,0,0.0,
TXN004449,RETRY,1,100.0,46.0
TXN004450,RETRY,1,100.0,15.0
TXN004451,PAYMENT_LINK,1,100.0,59.0
TXN004452,UPDATE_CARD,1,100.0,50.0
TXN004453,RETRY,1,2348.91,9.0
TXN004454,RETRY,1,100.0,26.0
TXN004455,PAYMENT_LINK,1,100.0,3.0
TXN004456,RETRY,1,135.13,47.0
TXN004457,PAYMENT_LINK,0,0.0,
TXN004458,PAYMENT_LINK,0,0.0,
TXN004459,UPDATE_CARD,1,100.0,5.0
TXN004460,RETRY,1,100.0,10.0
TXN004461,UPDATE_CARD,1,100.0,63.0
TXN004462,RETRY,1,100.0,25.0
TXN004463,PAYMENT_LINK,1,100.0,44.0
TXN004464,REMINDER,1,100.0,25.0
TXN004465,PAYMENT_LINK,0,0.0,
TXN004466,ESCALATE,1,100.0,14.0
TXN004467,PAYMENT_LINK,1,100.0,43.0
TXN004468,PAYMENT_LINK,1,100.0,28.0
TXN004469,PAYMENT_LINK,0,0.0,
TXN004470,PAYMENT_LINK,1,100.0,42.0
TXN004471,PAYMENT_LINK,0,0.0,
TXN004472,UPDATE_CARD,1,100.0,11.0
TXN004473,PAYMENT_LINK,1,100.0,54.0
TXN004474,RETRY,1,100.0,24.0
TXN004475,PAYMENT_LINK,1,100.0,70.0
TXN004476,PAYMENT_LINK,0,0.0,
TXN004477,ESCALATE,0,0.0,
TXN004478,PAYMENT_LINK,1,100.0,50.0
TXN004479,RETRY,0,0.0,
TXN004480,RETRY,1,100.0,10.0
TXN004481,RETRY,0,0.0,
TXN004482,RETRY,1,100.0,58.0
TXN004483,UPDATE_CARD,1,100.0,34.0
TXN004484,PAYMENT_LINK,1,100.0,43.0
TXN004485,PAYMENT_LINK,0,0.0,
TXN004486,UPDATE_CARD,1,100.0,33.0
TXN004487,RETRY,0,0.0,
TXN004488,RETRY,1,100.0,46.0
TXN004489,RETRY,1,100.0,61.0
TXN004490,PAYMENT_LINK,1,100.0,62.0
TXN004491,PAYMENT_LINK,1,100.0,1.0
TXN004492,RETRY,0,0.0,
TXN004493,RETRY,0,0.0,
TXN004494,RETRY,1,100.0,64.0
TXN004495,UPDATE_CARD,1,100.0,56.0
TXN004496,REMINDER,1,100.0,1.0
TXN004497,PAYMENT_LINK,1,100.0,21.0
TXN004498,REMINDER,1,100.0,22.0
TXN004499,ESCALATE,0,0.0,
TXN004500,RETRY,0,0.0,
TXN004501,PAYMENT_LINK,1,100.0,65.0
TXN004502,PAYMENT_LINK,1,100.0,51.0
TXN004503,UPDATE_CARD,1,100.0,63.0
TXN004504,PAYMENT_LINK,1,100.0,15.0
TXN004505,PAYMENT_LINK,0,0.0,
TXN004506,PAYMENT_LINK,0,0.0,
TXN004507,RETRY,0,0.0,
TXN004508,UPDATE_CARD,1,100.0,46.0
TXN004509,RETRY,1,100.0,69.0
TXN004510,RETRY,1,462.79,29.0
TXN004511,PAYMENT_LINK,0,0.0,
TXN004512,REMINDER,0,0.0,
TXN004513,RETRY,0,0.0,
TXN004514,UPDATE_CARD,1,100.0,41.0
TXN004515,UPDATE_CARD,1,100.0,65.0
TXN004516,RETRY,1,100.0,69.0
TXN004517,PAYMENT_LINK,1,100.0,20.0
TXN004518,PAYMENT_LINK,0,0.0,
TXN004519,REMINDER,1,100.0,36.0
TXN004520,PAYMENT_LINK,1,100.0,58.0
TXN004521,PAYMENT_LINK,0,0.0,
TXN004522,UPDATE_CARD,1,100.0,2.0
TXN004523,PAYMENT_LINK,0,0.0,
TXN004524,UPDATE_CARD,1,100.0,16.0
TXN004525,RETRY,0,0.0,
TXN004526,REMINDER,1,100.0,62.0
TXN004527,PAYMENT_LINK,0,0.0,
TXN004528,RETRY,1,100.0,68.0
TXN004529,ESCALATE,0,0.0,
TXN004530,PAYMENT_LINK,1,100.0,33.0
TXN004531,RETRY,1,100.0,24.0
TXN004532,PAYMENT_LINK,0,0.0,
TXN004533,PAYMENT_LINK,1,100.0,28.0
TXN004534,PAYMENT_LINK,0,0.0,
TXN004535,REMINDER,1,200.3,36.0
TXN004536,PAYMENT_LINK,0,0.0,
TXN004537,UPDATE_CARD,1,100.0,36.0
TXN004538,PAYMENT_LINK,1,329.52,18.0
TXN004539,RETRY,0,0.0,
TXN004540,UPDATE_CARD,1,100.0,7.0
TXN004541,PAYMENT_LINK,1,100.0,12.0
TXN004542,RETRY,1,100.0,41.0
TXN004543,RETRY,1,100.0,63.0
TXN004544,PAYMENT_LINK,0,0.0,
TXN004545,RETRY,1,100.0,53.0
TXN004546,RETRY,1,100.0,33.0
TXN004547,PAYMENT_LINK,1,100.0,6.0
TXN004548,RETRY,0,0.0,
TXN004549,PAYMENT_LINK,1,100.0,66.0
TXN004550,ESCALATE,0,0.0,
TXN004551,RETRY,1,100.0,67.0
TXN004552,PAYMENT_LINK,1,100.0,16.0
TXN004553,PAYMENT_LINK,0,0.0,
TXN004554,UPDATE_CARD,1,100.0,40.0
TXN004555,UPDATE_CARD,0,0.0,
TXN004556,PAYMENT_LINK,1,100.0,38.0
TXN004557,RETRY,0,0.0,
TXN004558,PAYMENT_LINK,0,0.0,
TXN004559,UPDATE_CARD,1,100.0,59.0
TXN004560,UPDATE_CARD,1,100.0,14.0
TXN004561,PAYMENT_LINK,0,0.0,
TXN004562,RETRY,1,100.0,71.0
TXN004563,UPDATE_CARD,1,100.0,72.0
TXN004564,PAYMENT_LINK,1,100.0,42.0
TXN004565,PAYMENT_LINK,0,0.0,
TXN004566,RETRY,1,100.0,19.0
TXN004567,UPDATE_CARD,0,0.0,
TXN004568,PAYMENT_LINK,0,0.0,
TXN004569,REMINDER,1,100.0,65.0
TXN004570,PAYMENT_LINK,0,0.0,
TXN004571,PAYMENT_LINK,0,0.0,
TXN004572,RETRY,1,100.0,13.0
TXN004573,RETRY,0,0.0,
TXN004574,RETRY,1,100.0,24.0
TXN004575,PAYMENT_LINK,1,100.0,30.0
TXN004576,RETRY,1,100.0,70.0
TXN004577,PAYMENT_LINK,0,0.0,
TXN004578,PAYMENT_LINK,1,100.0,23.0
TXN004579,RETRY,0,0.0,
TXN004580,RETRY,1,100.0,23.0
TXN004581,RETRY,1,100.0,36.0
TXN004582,PAYMENT_LINK,0,0.0,
TXN004583,RETRY,1,100.0,1.0
TXN004584,RETRY,1,100.0,72.0
TXN004585,PAYMENT_LINK,1,100.0,3.0
TXN004586,PAYMENT_LINK,0,0.0,
TXN004587,RETRY,1,100.0,34.0
TXN004588,PAYMENT_LINK,1,100.0,70.0
TXN004589,PAYMENT_LINK,0,0.0,
TXN004590,PAYMENT_LINK,0,0.0,
TXN004591,REMINDER,0,0.0,
TXN004592,RETRY,1,100.0,48.0
TXN004593,PAYMENT_LINK,0,0.0,
TXN004594,PAYMENT_LINK,0,0.0,
TXN004595,RETRY,0,0.0,
TXN004596,PAYMENT_LINK,0,0.0,
TXN004597,PAYMENT_LINK,1,100.0,67.0
TXN004598,RETRY,0,0.0,
TXN004599,RETRY,1,100.0,4.0
TXN004600,REMINDER,1,100.0,33.0
TXN004601,RETRY,0,0.0,
TXN004602,PAYMENT_LINK,0,0.0,
TXN004603,RETRY,1,100.0,6.0
TXN004604,RETRY,1,100.0,49.0
TXN004605,UPDATE_CARD,0,0.0,
TXN004606,PAYMENT_LINK,0,0.0,
TXN004607,PAYMENT_LINK,0,0.0,
TXN004608,REMINDER,1,206.87,33.0
TXN004609,RETRY,1,100.0,56.0
TXN004610,PAYMENT_LINK,0,0.0,
TXN004611,UPDATE_CARD,1,100.0,53.0
TXN004612,RETRY,0,0.0,
TXN004613,PAYMENT_LINK,1,100.0,18.0
TXN004614,RETRY,0,0.0,
TXN004615,ESCALATE,0,0.0,
TXN004616,PAYMENT_LINK,1,100.0,27.0
TXN004617,UPDATE_CARD,1,100.0,62.0
TXN004618,PAYMENT_LINK,0,0.0,
TXN004619,PAYMENT_LINK,0,0.0,
TXN004620,PAYMENT_LINK,0,0.0,
TXN004621,PAYMENT_LINK,1,100.0,27.0
TXN004622,RETRY,1,100.0,55.0
TXN004623,PAYMENT_LINK,0,0.0,
TXN004624,PAYMENT_LINK,1,100.0,33.0
TXN004625,REMINDER,1,100.0,2.0
TXN004626,RETRY,1,100.0,46.0
TXN004627,UPDATE_CARD,1,102.48,33.0
TXN004628,PAYMENT_LINK,0,0.0,
TXN004629,RETRY,0,0.0,
TXN004630,PAYMENT_LINK,1,100.0,15.0
TXN004631,RETRY,1,100.0,26.0
TXN004632,UPDATE_CARD,1,100.0,11.0
TXN004633,RETRY,1,100.0,38.0
TXN004634,UPDATE_CARD,1,100.0,27.0
TXN004635,RETRY,1,100.0,7.0
TXN004636,RETRY,0,0.0,
TXN004637,PAYMENT_LINK,1,100.0,21.0
TXN004638,RETRY,1,100.0,30.0
TXN004639,PAYMENT_LINK,0,0.0,
TXN004640,RETRY,1,132.4,3.0
TXN004641,PAYMENT_LINK,0,0.0,
TXN004642,PAYMENT_LINK,0,0.0,
TXN004643,RETRY,1,100.0,36.0
TXN004644,RETRY,1,100.0,6.0
TXN004645,REMINDER,1,276.19,42.0
TXN004646,UPDATE_CARD,1,100.0,50.0
TXN004647,PAYMENT_LINK,0,0.0,
TXN004648,REMINDER,1,100.0,50.0
TXN004649,UPDATE_CARD,1,100.0,30.0
TXN004650,RETRY,1,100.0,39.0
TXN004651,RETRY,1,100.0,12.0
TXN004652,RETRY,1,100.0,59.0
TXN004653,RETRY,0,0.0,
TXN004654,RETRY,1,100.0,4.0
TXN004655,REMINDER,1,100.0,36.0
TXN004656,UPDATE_CARD,1,100.0,48.0
TXN004657,PAYMENT_LINK,1,100.0,14.0
TXN004658,RETRY,1,100.0,49.0
TXN004659,UPDATE_CARD,0,0.0,
TXN004660,PAYMENT_LINK,0,0.0,
TXN004661,UPDATE_CARD,0,0.0,
TXN004662,RETRY,0,0.0,
TXN004663,RETRY,1,100.0,16.0
TXN004664,RETRY,1,100.0,16.0
TXN004665,RETRY,1,100.0,28.0
TXN004666,PAYMENT_LINK,1,163.57,51.0
TXN004667,RETRY,1,100.0,56.0
TXN004668,RETRY,1,100.0,57.0
TXN004669,PAYMENT_LINK,0,0.0,
TXN004670,PAYMENT_LINK,0,0.0,
TXN004671,PAYMENT_LINK,1,100.0,38.0
TXN004672,UPDATE_CARD,0,0.0,
TXN004673,PAYMENT_LINK,0,0.0,
TXN004674,PAYMENT_LINK,1,100.0,59.0
TXN004675,PAYMENT_LINK,1,100.0,67.0
TXN004676,UPDATE_CARD,1,100.0,66.0
TXN004677,PAYMENT_LINK,1,100.0,27.0
TXN004678,RETRY,1,100.0,32.0
TXN004679,PAYMENT_LINK,0,0.0,
TXN004680,RETRY,0,0.0,
TXN004681,REMINDER,1,100.0,40.0
TXN004682,RETRY,0,0.0,
TXN004683,RETRY,1,100.0,58.0
TXN004684,PAYMENT_LINK,1,100.0,6.0
TXN004685,UPDATE_CARD,1,100.0,39.0
TXN004686,REMINDER,1,100.0,18.0
TXN004687,RETRY,0,0.0,
TXN004688,RETRY,1,100.0,42.0
TXN004689,PAYMENT_LINK,1,100.0,4.0
TXN004690,PAYMENT_LINK,1,100.0,20.0
TXN004691,ESCALATE,0,0.0,
TXN004692,PAYMENT_LINK,0,0.0,
TXN004693,PAYMENT_LINK,0,0.0,
TXN004694,PAYMENT_LINK,1,100.0,44.0
TXN004695,PAYMENT_LINK,1,100.0,23.0
TXN004696,UPDATE_CARD,1,100.0,57.0
TXN004697,RETRY,1,100.0,47.0
TXN004698,PAYMENT_LINK,1,100.0,13.0
TXN004699,PAYMENT_LINK,0,0.0,
TXN004700,PAYMENT_LINK,0,0.0,
TXN004701,PAYMENT_LINK,1,100.0,65.0
TXN004702,PAYMENT_LINK,1,100.0,16.0
TXN004703,PAYMENT_LINK,1,100.0,37.0
TXN004704,PAYMENT_LINK,0,0.0,
TXN004705,RETRY,1,100.0,10.0
TXN004706,RETRY,1,100.0,38.0
TXN004707,RETRY,0,0.0,
TXN004708,PAYMENT_LINK,0,0.0,
TXN004709,PAYMENT_LINK,0,0.0,
TXN004710,UPDATE_CARD,1,100.0,52.0
TXN004711,RETRY,1,100.0,70.0
TXN004712,PAYMENT_LINK,1,146.72,59.0
TXN004713,RETRY,1,100.0,13.0
TXN004714,RETRY,1,100.0,41.0
TXN004715,PAYMENT_LINK,0,0.0,
TXN004716,PAYMENT_LINK,1,100.0,50.0
TXN004717,RETRY,1,100.0,57.0
TXN004718,RETRY,0,0.0,
TXN004719,RETRY,0,0.0,
TXN004720,PAYMENT_LINK,1,100.0,54.0
TXN004721,PAYMENT_LINK,1,100.0,66.0
TXN004722,PAYMENT_LINK,0,0.0,
TXN004723,PAYMENT_LINK,0,0.0,
TXN004724,PAYMENT_LINK,0,0.0,
TXN004725,PAYMENT_LINK,0,0.0,
TXN004726,ESCALATE,0,0.0,
TXN004727,PAYMENT_LINK,1,133.2,72.0
TXN004728,RETRY,0,0.0,
TXN004729,RETRY,1,100.0,13.0
TXN004730,RETRY,1,100.0,9.0
TXN004731,RETRY,1,100.0,52.0
TXN004732,PAYMENT_LINK,0,0.0,
TXN004733,PAYMENT_LINK,1,100.0,8.0
TXN004734,PAYMENT_LINK,1,100.0,45.0
TXN004735,PAYMENT_LINK,1,100.0,53.0
TXN004736,UPDATE_CARD,0,0.0,
TXN004737,UPDATE_CARD,1,100.0,57.0
TXN004738,RETRY,1,100.0,54.0
TXN004739,RETRY,1,100.0,19.0
TXN004740,UPDATE_CARD,1,100.0,67.0
TXN004741,RETRY,1,100.0,46.0
TXN004742,RETRY,1,100.0,10.0
TXN004743,PAYMENT_LINK,1,100.0,18.0
TXN004744,UPDATE_CARD,0,0.0,
TXN004745,RETRY,0,0.0,
TXN004746,UPDATE_CARD,1,100.0,23.0
TXN004747,PAYMENT_LINK,0,0.0,
TXN004748,RETRY,1,100.0,11.0
TXN004749,RETRY,1,100.0,56.0
TXN004750,PAYMENT_LINK,0,0.0,
TXN004751,RETRY,0,0.0,
TXN004752,RETRY,1,100.0,9.0
TXN004753,PAYMENT_LINK,1,100.0,12.0
TXN004754,PAYMENT_LINK,0,0.0,
TXN004755,PAYMENT_LINK,0,0.0,
TXN004756,RETRY,0,0.0,
TXN004757,RETRY,1,100.0,8.0
TXN004758,ESCALATE,0,0.0,
TXN004759,RETRY,1,100.0,36.0
TXN004760,UPDATE_CARD,1,100.0,50.0
TXN004761,PAYMENT_LINK,1,100.0,9.0
TXN004762,RETRY,1,100.0,60.0
TXN004763,ESCALATE,1,100.0,72.0
TXN004764,PAYMENT_LINK,1,100.0,67.0
TXN004765,PAYMENT_LINK,0,0.0,
TXN004766,RETRY,0,0.0,
TXN004767,UPDATE_CARD,0,0.0,
TXN004768,PAYMENT_LINK,1,100.0,28.0
TXN004769,ESCALATE,1,100.0,63.0
TXN004770,RETRY,1,100.0,15.0
TXN004771,PAYMENT_LINK,0,0.0,
TXN004772,PAYMENT_LINK,1,100.0,70.0
TXN004773,RETRY,1,100.0,47.0
TXN004774,PAYMENT_LINK,0,0.0,
TXN004775,PAYMENT_LINK,1,100.0,48.0
TXN004776,PAYMENT_LINK,1,100.0,20.0
TXN004777,PAYMENT_LINK,1,100.0,37.0
TXN004778,ESCALATE,0,0.0,
TXN004779,PAYMENT_LINK,1,100.0,64.0
TXN004780,UPDATE_CARD,0,0.0,
TXN004781,PAYMENT_LINK,0,0.0,
TXN004782,PAYMENT_LINK,1,100.0,64.0
TXN004783,UPDATE_CARD,1,100.0,7.0
TXN004784,PAYMENT_LINK,1,100.0,70.0
TXN004785,PAYMENT_LINK,0,0.0,
TXN004786,PAYMENT_LINK,1,100.0,46.0
TXN004787,RETRY,1,100.0,40.0
TXN004788,PAYMENT_LINK,1,100.0,61.0
TXN004789,PAYMENT_LINK,1,100.0,46.0
TXN004790,RETRY,1,100.0,28.0
TXN004791,PAYMENT_LINK,0,0.0,
TXN004792,PAYMENT_LINK,1,100.0,1.0
TXN004793,RETRY,1,100.0,29.0
TXN004794,RETRY,0,0.0,
TXN004795,PAYMENT_LINK,1,100.0,9.0
TXN004796,UPDATE_CARD,1,100.0,22.0
TXN004797,PAYMENT_LINK,1,100.0,63.0
TXN004798,UPDATE_CARD,1,100.0,66.0
TXN004799,PAYMENT_LINK,0,0.0,
TXN004800,PAYMENT_LINK,0,0.0,
TXN004801,PAYMENT_LINK,1,100.0,55.0
TXN004802,PAYMENT_LINK,0,0.0,
TXN004803,RETRY,1,100.0,19.0
TXN004804,UPDATE_CARD,0,0.0,
TXN004805,UPDATE_CARD,0,0.0,
TXN004806,PAYMENT_LINK,1,100.0,60.0
TXN004807,PAYMENT_LINK,0,0.0,
TXN004808,UPDATE_CARD,1,100.0,43.0
TXN004809,ESCALATE,0,0.0,
TXN004810,PAYMENT_LINK,1,100.0,68.0
TXN004811,RETRY,1,100.0,29.0
TXN004812,PAYMENT_LINK,0,0.0,
TXN004813,RETRY,0,0.0,
TXN004814,PAYMENT_LINK,0,0.0,
TXN004815,ESCALATE,0,0.0,
TXN004816,UPDATE_CARD,0,0.0,
TXN004817,UPDATE_CARD,1,100.0,6.0
TXN004818,PAYMENT_LINK,1,100.0,7.0
TXN004819,PAYMENT_LINK,0,0.0,
TXN004820,PAYMENT_LINK,0,0.0,
TXN004821,UPDATE_CARD,0,0.0,
TXN004822,PAYMENT_LINK,1,100.0,46.0
TXN004823,UPDATE_CARD,1,100.0,10.0
TXN004824,PAYMENT_LINK,0,0.0,
TXN004825,PAYMENT_LINK,0,0.0,
TXN004826,PAYMENT_LINK,1,100.0,25.0
TXN004827,PAYMENT_LINK,0,0.0,
TXN004828,PAYMENT_LINK,0,0.0,
TXN004829,PAYMENT_LINK,1,100.0,32.0
TXN004830,UPDATE_CARD,1,100.0,23.0
TXN004831,REMINDER,1,194.51,37.0
TXN004832,PAYMENT_LINK,0,0.0,
TXN004833,RETRY,1,100.0,13.0
TXN004834,ESCALATE,0,0.0,
TXN004835,RETRY,1,303.08,65.0
TXN004836,RETRY,1,100.0,8.0
TXN004837,PAYMENT_LINK,0,0.0,
TXN004838,RETRY,0,0.0,
TXN004839,PAYMENT_LINK,1,100.0,18.0
TXN004840,PAYMENT_LINK,1,100.0,42.0
TXN004841,PAYMENT_LINK,0,0.0,
TXN004842,ESCALATE,1,100.0,70.0
TXN004843,RETRY,0,0.0,
TXN004844,PAYMENT_LINK,1,100.0,54.0
TXN004845,RETRY,1,100.0,36.0
TXN004846,PAYMENT_LINK,0,0.0,
TXN004847,PAYMENT_LINK,1,100.0,17.0
TXN004848,PAYMENT_LINK,1,100.0,10.0
TXN004849,UPDATE_CARD,0,0.0,
TXN004850,PAYMENT_LINK,0,0.0,
TXN004851,UPDATE_CARD,0,0.0,
TXN004852,ESCALATE,1,100.0,41.0
TXN004853,RETRY,1,100.0,2.0
TXN004854,UPDATE_CARD,1,100.0,19.0
TXN004855,PAYMENT_LINK,0,0.0,
TXN004856,REMINDER,1,100.0,2.0
TXN004857,RETRY,1,100.0,27.0
TXN004858,UPDATE_CARD,0,0.0,
TXN004859,RETRY,1,100.0,51.0
TXN004860,RETRY,1,100.0,10.0
TXN004861,PAYMENT_LINK,0,0.0,
TXN004862,PAYMENT_LINK,0,0.0,
TXN004863,PAYMENT_LINK,0,0.0,
TXN004864,PAYMENT_LINK,1,100.0,56.0
TXN004865,UPDATE_CARD,1,100.0,72.0
TXN004866,RETRY,1,100.0,56.0
TXN004867,PAYMENT_LINK,1,100.0,50.0
TXN004868,RETRY,1,100.0,45.0
TXN004869,PAYMENT_LINK,1,100.0,59.0
TXN004870,RETRY,0,0.0,
TXN004871,RETRY,1,100.0,21.0
TXN004872,PAYMENT_LINK,0,0.0,
TXN004873,RETRY,1,100.0,57.0
TXN004874,RETRY,1,100.0,41.0
TXN004875,UPDATE_CARD,1,100.0,70.0
TXN004876,RETRY,0,0.0,
TXN004877,RETRY,1,100.0,44.0
TXN004878,PAYMENT_LINK,1,100.0,35.0
TXN004879,PAYMENT_LINK,0,0.0,
TXN004880,UPDATE_CARD,1,100.0,71.0
TXN004881,PAYMENT_LINK,1,100.0,51.0
TXN004882,UPDATE_CARD,1,100.0,57.0
TXN004883,PAYMENT_LINK,1,100.0,58.0
TXN004884,PAYMENT_LINK,0,0.0,
TXN004885,RETRY,1,100.0,10.0
TXN004886,UPDATE_CARD,1,100.0,50.0
TXN004887,PAYMENT_LINK,1,100.0,37.0
TXN004888,PAYMENT_LINK,0,0.0,
TXN004889,RETRY,1,100.0,13.0
TXN004890,RETRY,1,100.0,19.0
TXN004891,PAYMENT_LINK,1,100.0,56.0
TXN004892,RETRY,0,0.0,
TXN004893,PAYMENT_LINK,1,100.0,60.0
TXN004894,PAYMENT_LINK,1,100.0,68.0
TXN004895,PAYMENT_LINK,0,0.0,
TXN004896,RETRY,1,100.0,54.0
TXN004897,PAYMENT_LINK,0,0.0,
TXN004898,UPDATE_CARD,1,167.03,37.0
TXN004899,PAYMENT_LINK,1,100.0,14.0
TXN004900,RETRY,1,100.0,44.0
TXN004901,PAYMENT_LINK,1,100.0,42.0
TXN004902,PAYMENT_LINK,0,0.0,
TXN004903,RETRY,1,100.0,23.0
TXN004904,UPDATE_CARD,1,100.0,64.0
TXN004905,PAYMENT_LINK,0,0.0,
TXN004906,PAYMENT_LINK,0,0.0,
TXN004907,PAYMENT_LINK,1,100.0,41.0
TXN004908,PAYMENT_LINK,1,100.0,60.0
TXN004909,RETRY,1,100.0,18.0
TXN004910,RETRY,0,0.0,
TXN004911,RETRY,1,100.0,61.0
TXN004912,PAYMENT_LINK,1,100.0,49.0
TXN004913,RETRY,1,772.27,47.0
TXN004914,UPDATE_CARD,0,0.0,
TXN004915,PAYMENT_LINK,1,100.0,6.0
TXN004916,PAYMENT_LINK,0,0.0,
TXN004917,RETRY,0,0.0,
TXN004918,RETRY,0,0.0,
TXN004919,RETRY,1,100.0,5.0
TXN004920,REMINDER,0,0.0,
TXN004921,RETRY,1,100.0,8.0
TXN004922,PAYMENT_LINK,0,0.0,
TXN004923,UPDATE_CARD,0,0.0,
TXN004924,UPDATE_CARD,1,100.0,5.0
TXN004925,PAYMENT_LINK,0,0.0,
TXN004926,RETRY,1,100.0,1.0
TXN004927,PAYMENT_LINK,0,0.0,
TXN004928,ESCALATE,0,0.0,
TXN004929,PAYMENT_LINK,1,100.0,65.0
TXN004930,PAYMENT_LINK,1,100.0,3.0
TXN004931,PAYMENT_LINK,1,100.0,22.0
TXN004932,PAYMENT_LINK,0,0.0,
TXN004933,RETRY,0,0.0,
TXN004934,RETRY,1,100.0,18.0
TXN004935,RETRY,1,100.0,25.0
TXN004936,RETRY,1,100.0,48.0
TXN004937,PAYMENT_LINK,1,100.0,31.0
TXN004938,UPDATE_CARD,1,100.0,30.0
TXN004939,PAYMENT_LINK,1,100.0,66.0
TXN004940,PAYMENT_LINK,0,0.0,
TXN004941,PAYMENT_LINK,1,100.0,71.0
TXN004942,RETRY,1,100.0,59.0
TXN004943,RETRY,0,0.0,
TXN004944,UPDATE_CARD,0,0.0,
TXN004945,RETRY,1,100.0,54.0
TXN004946,RETRY,1,100.0,62.0
TXN004947,PAYMENT_LINK,1,100.0,9.0
TXN004948,RETRY,1,100.0,9.0
TXN004949,PAYMENT_LINK,1,100.0,24.0
TXN004950,PAYMENT_LINK,0,0.0,
TXN004951,PAYMENT_LINK,0,0.0,
TXN004952,UPDATE_CARD,1,100.0,25.0
TXN004953,PAYMENT_LINK,1,100.0,66.0
TXN004954,RETRY,1,100.0,10.0
TXN004955,RETRY,1,100.0,24.0
TXN004956,RETRY,1,100.0,59.0
TXN004957,PAYMENT_LINK,0,0.0,
TXN004958,PAYMENT_LINK,0,0.0,
TXN004959,UPDATE_CARD,1,100.0,6.0
TXN004960,RETRY,1,100.0,70.0
TXN004961,UPDATE_CARD,1,100.0,32.0
TXN004962,UPDATE_CARD,1,100.0,39.0
TXN004963,PAYMENT_LINK,1,100.0,48.0
TXN004964,PAYMENT_LINK,1,100.0,13.0
TXN004965,PAYMENT_LINK,0,0.0,
TXN004966,UPDATE_CARD,1,100.0,67.0
TXN004967,PAYMENT_LINK,0,0.0,
TXN004968,RETRY,1,100.0,41.0
TXN004969,PAYMENT_LINK,1,100.0,56.0
TXN004970,RETRY,1,129.16,35.0
TXN004971,RETRY,0,0.0,
TXN004972,ESCALATE,0,0.0,
TXN004973,ESCALATE,1,100.0,34.0
TXN004974,RETRY,1,100.0,70.0
TXN004975,PAYMENT_LINK,1,100.0,11.0
TXN004976,RETRY,1,100.0,27.0
TXN004977,REMINDER,1,100.0,48.0
TXN004978,PAYMENT_LINK,0,0.0,
TXN004979,ESCALATE,1,100.0,18.0
TXN004980,UPDATE_CARD,1,100.0,27.0
TXN004981,PAYMENT_LINK,0,0.0,
TXN004982,UPDATE_CARD,1,100.0,55.0
TXN004983,RETRY,1,100.0,21.0
TXN004984,PAYMENT_LINK,1,100.0,59.0
TXN004985,PAYMENT_LINK,1,121.3,34.0
TXN004986,UPDATE_CARD,1,100.0,58.0
TXN004987,PAYMENT_LINK,1,100.0,48.0
TXN004988,PAYMENT_LINK,1,100.0,54.0
TXN004989,RETRY,0,0.0,
TXN004990,PAYMENT_LINK,0,0.0,
TXN004991,PAYMENT_LINK,1,100.0,24.0
TXN004992,RETRY,1,100.0,1.0
TXN004993,PAYMENT_LINK,0,0.0,
TXN004994,PAYMENT_LINK,1,100.0,19.0
TXN004995,RETRY,0,0.0,
TXN004996,PAYMENT_LINK,0,0.0,
TXN004997,PAYMENT_LINK,1,100.0,69.0
TXN004998,PAYMENT_LINK,0,0.0,
TXN004999,PAYMENT_LINK,0,0.0,
TXN005000,RETRY,1,100.0,28.0
